child_id,district_id,district,school,sex,ses,parent_smoke,green,no2_modeled,validation,no2_personal,wheeze_q,asthma,no2_true
1,9,"Greenmeadow",31,girl,2.47,0,0.99,4.05,0,NA,0,0,9.2
2,10,"Southport",35,boy,-0.97,1,0.36,38.51,0,NA,0,0,34.98
3,10,"Southport",35,boy,0.2,1,0.38,35.01,0,NA,0,0,29.94
4,3,"Millbrook",10,boy,0.78,0,0.39,34.24,0,NA,1,1,30.67
5,6,"Old Town",17,boy,-1.5,1,0.21,33.52,0,NA,0,0,37.28
6,7,"Station",22,girl,0.72,0,0.13,39.49,0,NA,0,0,33.92
7,2,"Hillcrest",6,boy,-1.1,0,0.54,19.39,0,NA,1,0,24.21
8,8,"Riverside",29,girl,-0.55,1,0.35,21.05,0,NA,0,0,20.2
9,9,"Greenmeadow",30,boy,-0.95,0,0.59,21.62,0,NA,0,0,20.94
10,4,"Eastfield",11,boy,0.42,0,0.25,28.01,0,NA,0,0,26.69
11,5,"Westbank",13,girl,-0.17,0,0.59,14.49,0,NA,0,0,22.04
12,6,"Old Town",17,boy,0.09,0,0.17,41.1,0,NA,0,1,39.94
13,8,"Riverside",28,girl,0.14,0,0.44,26.88,0,NA,0,0,22.95
14,6,"Old Town",17,boy,-1.18,1,0.14,23.4,0,NA,0,0,36.86
15,6,"Old Town",19,boy,-1.04,1,0.18,42.86,0,NA,1,1,42.11
16,11,"Lakeside",38,girl,0.83,0,0.75,25.39,0,NA,1,0,19.35
17,7,"Station",23,girl,-0.04,0,0.22,43.4,0,NA,1,0,38.53
18,8,"Riverside",29,girl,1.09,0,0.71,31.96,0,NA,0,0,20.86
19,6,"Old Town",18,boy,-0.14,0,0.13,27.38,1,37.6,0,0,33.88
20,2,"Hillcrest",5,boy,-0.94,1,0.83,27.87,1,19.35,0,0,18.05
21,9,"Greenmeadow",31,girl,2.51,0,1,17.94,0,NA,0,0,12.07
22,5,"Westbank",14,girl,0.25,1,0.33,35.61,0,NA,0,0,36.15
23,9,"Greenmeadow",30,boy,-0.66,1,0.9,26.1,0,NA,0,0,21.49
24,10,"Southport",36,girl,0.57,0,0.35,33.29,0,NA,0,0,33.1
25,7,"Station",22,boy,-1.85,1,0.03,37.82,0,NA,0,0,41.45
26,9,"Greenmeadow",30,girl,0.49,0,0.97,18.5,0,NA,0,0,9.21
27,2,"Hillcrest",6,girl,1.38,0,0.82,8.07,0,NA,0,0,17.12
28,2,"Hillcrest",5,girl,-0.08,0,0.71,24.82,0,NA,0,0,18.99
29,6,"Old Town",19,girl,-0.72,1,0.34,31.33,0,NA,0,0,36.93
30,10,"Southport",34,girl,0.32,0,0.29,25.03,1,31.35,0,0,31.67
31,3,"Millbrook",8,girl,1.06,0,0.49,27.6,0,NA,0,0,19.96
32,3,"Millbrook",8,girl,-0.87,0,0.25,36.62,0,NA,0,0,33.13
33,6,"Old Town",19,boy,0.05,0,0,42.67,0,NA,1,1,52.92
34,7,"Station",22,boy,-0.49,1,0.42,45.22,0,NA,0,0,43.74
35,3,"Millbrook",10,boy,0.36,1,0.45,42.51,0,NA,0,0,28.35
36,10,"Southport",34,girl,0.33,0,0.26,29.22,0,NA,0,0,28.04
37,8,"Riverside",28,boy,0.67,0,0.65,11.97,0,NA,0,0,22.38
38,1,"Northgate",3,boy,0.15,0,0.42,28.1,0,NA,0,0,27.8
39,8,"Riverside",27,girl,0.45,0,0.67,21.77,0,NA,0,0,14.77
40,11,"Lakeside",37,boy,-0.46,1,0.86,13.28,0,NA,0,0,16.53
41,5,"Westbank",15,boy,-0.34,0,0.48,34.56,0,NA,1,0,29.5
42,4,"Eastfield",12,boy,-0.51,0,0.45,25.07,0,NA,0,0,22.51
43,6,"Old Town",17,boy,-0.91,1,0.34,47.02,0,NA,1,1,48.12
44,4,"Eastfield",12,boy,1.16,0,0.3,20.37,0,NA,0,1,27.13
45,8,"Riverside",28,boy,-0.46,1,0.48,25.96,0,NA,1,1,22.12
46,10,"Southport",36,girl,0.46,0,0.37,39.57,0,NA,1,1,37.23
47,6,"Old Town",18,girl,0.64,0,0.29,42.11,1,45.24,1,1,42.34
48,9,"Greenmeadow",32,boy,-0.22,0,0.85,6.08,0,NA,0,0,14.32
49,3,"Millbrook",8,girl,-0.47,0,0.4,28.04,0,NA,0,0,29.68
50,6,"Old Town",19,girl,1.77,0,0.14,36.99,0,NA,1,1,35.51
51,10,"Southport",35,girl,-0.06,0,0.34,34.74,0,NA,0,0,34.92
52,9,"Greenmeadow",30,boy,0.38,0,0.89,22.67,0,NA,1,1,18.24
53,6,"Old Town",18,boy,-0.4,0,0.02,41.4,0,NA,0,0,43
54,6,"Old Town",21,girl,0.18,1,0.43,39.98,0,NA,0,0,36.91
55,7,"Station",26,boy,-0.82,1,0.18,36.84,0,NA,0,0,39.4
56,1,"Northgate",2,boy,0.96,0,0.42,29.83,0,NA,0,0,21.56
57,3,"Millbrook",8,girl,1.76,0,0.38,19.87,0,NA,0,0,24.46
58,10,"Southport",34,girl,-2.16,0,0.43,34.27,0,NA,0,0,30.64
59,6,"Old Town",20,boy,0.69,0,0.24,42.32,0,NA,0,0,39.32
60,3,"Millbrook",7,girl,-0.38,0,0.79,22.58,0,NA,0,0,22.39
61,10,"Southport",36,boy,-0.98,1,0.12,39.94,0,NA,0,0,34.66
62,5,"Westbank",15,girl,-1.44,0,0.46,22.71,0,NA,0,0,27.42
63,10,"Southport",35,girl,-1.76,0,0.23,36.76,0,NA,1,1,37.32
64,7,"Station",25,girl,0.27,0,0.36,27.94,0,NA,0,0,33.38
65,9,"Greenmeadow",31,boy,0.47,0,0.88,13.46,0,NA,0,0,18.15
66,6,"Old Town",19,boy,1.1,0,0.12,44.32,0,NA,0,0,43.06
67,3,"Millbrook",7,girl,-1.41,1,0.49,22.59,0,NA,1,1,27.83
68,6,"Old Town",21,girl,-0.8,0,0.43,37.3,0,NA,0,0,40.68
69,11,"Lakeside",37,boy,1.69,0,0.63,8.49,0,NA,0,0,12.88
70,5,"Westbank",15,girl,-1.08,0,0.63,25.81,0,NA,0,0,23.26
71,12,"Harbour",39,girl,0.13,0,0.11,33.89,0,NA,0,0,35.17
72,6,"Old Town",21,girl,0.75,0,0.31,43.15,0,NA,0,0,40.2
73,8,"Riverside",27,boy,0.75,0,0.67,12.8,0,NA,0,0,21.27
74,5,"Westbank",13,girl,1.21,0,0.42,23.81,0,NA,1,0,22.13
75,6,"Old Town",18,boy,2.32,0,0.06,40.13,0,NA,0,0,40.29
76,6,"Old Town",20,girl,0.65,0,0.13,41.21,0,NA,0,0,44.57
77,5,"Westbank",14,boy,0.34,1,0.79,20.98,0,NA,1,0,23.32
78,7,"Station",22,girl,0.74,1,0.15,26.79,0,NA,0,0,35.92
79,1,"Northgate",2,boy,0.35,1,0.87,16.12,0,NA,0,0,12.6
80,12,"Harbour",39,girl,-1.05,1,0.18,48.28,0,NA,0,0,42.21
81,9,"Greenmeadow",30,boy,0.63,0,0.8,11.4,0,NA,1,1,17.35
82,4,"Eastfield",12,girl,-1.18,0,0.41,23.97,0,NA,0,0,25.89
83,9,"Greenmeadow",30,boy,0.2,1,0.82,15.49,0,NA,0,0,13.59
84,3,"Millbrook",10,boy,-0.67,0,0.46,18.99,0,NA,1,1,20.69
85,7,"Station",24,girl,0.1,1,0.23,31.14,0,NA,0,0,38.01
86,12,"Harbour",39,girl,0.5,0,0.39,27.84,0,NA,0,0,31.88
87,5,"Westbank",16,girl,0.33,0,0.51,30.45,0,NA,0,0,26.96
88,12,"Harbour",40,boy,0.22,0,0.14,25.23,0,NA,0,0,32.21
89,3,"Millbrook",10,boy,2.6,0,0.54,20.95,0,NA,1,1,23.48
90,7,"Station",22,boy,0.59,0,0.1,41.01,0,NA,0,0,43.31
91,12,"Harbour",40,girl,-1.11,1,0.47,29.54,0,NA,0,0,33.91
92,2,"Hillcrest",5,boy,1.52,0,0.65,17.71,0,NA,1,1,14.54
93,6,"Old Town",17,girl,-1.37,0,0.16,44.04,0,NA,0,0,36.51
94,7,"Station",23,girl,0.08,0,0.04,46.58,0,NA,0,0,42.44
95,3,"Millbrook",7,girl,0.24,0,0.49,26.06,0,NA,0,0,19.49
96,2,"Hillcrest",6,girl,0.48,0,0.7,7.71,0,NA,0,0,12.26
97,3,"Millbrook",8,boy,1.8,0,0.18,31.82,0,NA,0,0,28.75
98,12,"Harbour",39,girl,0.5,0,0.22,32.02,0,NA,0,0,32.31
99,1,"Northgate",1,boy,-0.02,0,0.68,26.86,0,NA,0,0,24.22
100,4,"Eastfield",12,girl,0.18,1,0.24,16.68,0,NA,0,0,19.77
101,6,"Old Town",20,boy,-0.9,1,0,53.28,0,NA,0,0,51.11
102,5,"Westbank",15,girl,0.67,0,0.65,18.69,0,NA,0,1,26.18
103,5,"Westbank",14,girl,1.24,0,0.62,23.26,0,NA,0,0,22.64
104,8,"Riverside",29,boy,-0.2,0,0.29,19.92,0,NA,0,0,22.37
105,8,"Riverside",27,boy,-1.11,0,0.55,15.96,0,NA,0,0,17.48
106,11,"Lakeside",38,boy,-0.73,0,0.7,28.34,0,NA,1,1,22.07
107,4,"Eastfield",11,girl,-0.52,0,0.34,22.05,0,NA,0,0,25.3
108,9,"Greenmeadow",32,boy,1.23,0,0.91,7.95,0,NA,0,0,10.1
109,2,"Hillcrest",4,girl,0.48,0,0.79,7.96,0,NA,0,0,6
110,10,"Southport",35,girl,-0.51,0,0.3,36.03,1,36.05,0,0,33.88
111,3,"Millbrook",9,boy,-0.49,1,0.37,41.69,0,NA,0,0,29.37
112,1,"Northgate",1,boy,0.33,0,0.61,25.09,0,NA,0,0,22.84
113,5,"Westbank",13,boy,-0.03,0,0.58,25.41,0,NA,0,0,26.72
114,4,"Eastfield",12,girl,-0.87,0,0.29,20.53,0,NA,1,1,26.56
115,1,"Northgate",2,girl,-0.71,0,0.47,21.48,0,NA,1,1,22.8
116,10,"Southport",35,boy,-0.05,1,0.31,36.23,0,NA,0,0,42.33
117,9,"Greenmeadow",32,girl,2.03,0,0.7,8.77,0,NA,1,0,11.62
118,10,"Southport",33,boy,-0.75,0,0.13,34.87,0,NA,0,0,37.88
119,10,"Southport",36,boy,-1.14,0,0.68,36.88,0,NA,0,0,28.53
120,2,"Hillcrest",6,boy,-1.64,0,0.49,17.06,0,NA,0,0,21.02
121,7,"Station",22,boy,-1.45,0,0.13,29.25,0,NA,1,1,32.6
122,7,"Station",22,girl,-0.76,1,0.26,16.34,0,NA,1,0,28.09
123,2,"Hillcrest",6,girl,0.84,1,0.81,16.9,0,NA,0,0,12.66
124,10,"Southport",35,girl,0.19,0,0.29,28.9,0,NA,1,0,34.76
125,4,"Eastfield",12,boy,1.73,0,0.14,31.58,0,NA,0,0,25.69
126,3,"Millbrook",10,girl,1.25,0,0.49,33.73,1,27.54,1,0,29.82
127,1,"Northgate",2,boy,-0.41,0,0.36,25.79,0,NA,0,0,28.27
128,2,"Hillcrest",4,girl,-0.27,1,0.92,19.3,0,NA,0,0,12.4
129,6,"Old Town",21,boy,-0.41,0,0.04,51.08,0,NA,0,0,48.56
130,4,"Eastfield",11,boy,0.75,1,0.25,36.32,0,NA,0,0,29.15
131,4,"Eastfield",12,girl,0.1,0,0.48,14.04,0,NA,0,0,21.3
132,10,"Southport",36,boy,0.04,0,0.26,35.73,0,NA,1,0,36.66
133,3,"Millbrook",7,boy,-0.61,0,0.42,40.21,1,28.77,1,1,29.32
134,8,"Riverside",29,girl,1.36,0,0.65,14.39,0,NA,0,0,16.86
135,6,"Old Town",17,girl,-0.6,1,0.12,45.87,0,NA,1,1,42.89
136,10,"Southport",35,girl,-0.88,0,0.57,22.17,0,NA,0,0,23.46
137,2,"Hillcrest",4,girl,1.04,0,0.78,15.43,0,NA,0,0,15.62
138,11,"Lakeside",37,girl,1.43,0,0.63,13.33,0,NA,0,0,13.95
139,11,"Lakeside",38,girl,0.7,0,0.86,12.27,0,NA,0,0,16.62
140,12,"Harbour",39,girl,-2.63,1,0.26,31.28,0,NA,0,0,33.7
141,12,"Harbour",40,girl,-1.59,0,0.43,43.79,0,NA,0,0,33.41
142,11,"Lakeside",38,boy,0.3,0,0.8,13.47,0,NA,0,0,18.33
143,10,"Southport",35,girl,0.24,0,0.3,45.25,0,NA,1,1,33.87
144,1,"Northgate",3,boy,0.34,0,0.48,13.21,0,NA,0,0,19.99
145,6,"Old Town",20,boy,-0.71,0,0.12,49.23,0,NA,1,1,46.44
146,1,"Northgate",2,boy,-1.14,1,0.5,26.04,0,NA,1,0,23.61
147,5,"Westbank",14,girl,0.77,0,0.46,30.29,0,NA,0,1,27.5
148,7,"Station",23,girl,-0.79,1,0.2,40.79,0,NA,1,1,42.61
149,6,"Old Town",17,girl,1.31,0,0.3,37.83,0,NA,1,0,39.89
150,7,"Station",22,boy,-0.26,0,0.23,40.73,0,NA,1,0,40.63
151,3,"Millbrook",10,girl,1.3,0,0.49,28.48,0,NA,0,0,22.94
152,2,"Hillcrest",4,girl,0.89,0,0.51,12.92,0,NA,0,0,12.63
153,8,"Riverside",28,boy,-0.52,0,0.43,28.2,0,NA,0,0,21.58
154,3,"Millbrook",10,girl,-0.59,1,0.1,38.34,0,NA,1,0,29.43
155,6,"Old Town",18,boy,1.09,0,0.21,39.17,0,NA,1,1,39.93
156,12,"Harbour",39,girl,-0.87,0,0.21,37.27,1,34.32,0,0,33.75
157,1,"Northgate",2,girl,-0.44,0,0.23,30.65,0,NA,0,0,28.68
158,3,"Millbrook",8,girl,-1.61,0,0.34,25.93,0,NA,0,0,29.41
159,4,"Eastfield",11,boy,-1.15,1,0.45,38.33,0,NA,0,0,29.71
160,12,"Harbour",39,boy,-0.88,0,0.26,33.42,0,NA,0,0,33.22
161,7,"Station",22,girl,-0.03,0,0.43,28.03,0,NA,0,0,29.25
162,1,"Northgate",3,boy,-0.12,0,0.72,16.73,1,18.88,0,0,17.93
163,7,"Station",23,girl,0.04,0,0.17,38.88,0,NA,0,0,41.84
164,11,"Lakeside",38,girl,0.23,0,0.7,21.67,0,NA,0,0,18.56
165,1,"Northgate",1,boy,-0.05,1,0.43,28.41,0,NA,1,1,28.09
166,12,"Harbour",40,boy,-1.26,0,0.36,44.03,0,NA,0,0,41.69
167,4,"Eastfield",11,girl,0.28,0,0.34,16.57,0,NA,0,0,21.9
168,11,"Lakeside",37,girl,0.48,0,0.62,15.42,0,NA,0,0,20.5
169,5,"Westbank",13,girl,0.46,0,0.59,22.37,0,NA,0,0,20.57
170,9,"Greenmeadow",32,girl,-0.81,0,0.97,10.38,0,NA,0,0,11.57
171,2,"Hillcrest",5,boy,-1.11,0,0.68,11.53,0,NA,0,0,19.04
172,10,"Southport",33,girl,-1.28,1,0.24,43.77,0,NA,0,0,39.99
173,7,"Station",23,boy,-0.76,1,0.33,36.27,0,NA,0,0,40.92
174,4,"Eastfield",12,boy,-1.98,1,0.35,22.18,0,NA,0,0,27.43
175,1,"Northgate",1,boy,0.85,1,0.62,31.8,0,NA,0,0,26.01
176,6,"Old Town",20,girl,0.86,0,0.13,39.21,0,NA,0,0,44.94
177,7,"Station",24,girl,-0.19,0,0.15,31.75,0,NA,0,0,34.3
178,7,"Station",26,girl,-1.33,0,0.23,29.24,0,NA,0,0,33.23
179,10,"Southport",33,boy,0.43,0,0.51,31.78,0,NA,0,0,31.1
180,7,"Station",26,girl,-1.09,0,0.28,40.85,0,NA,0,0,43.95
181,9,"Greenmeadow",31,boy,0.29,0,0.97,22.42,0,NA,0,0,20.57
182,5,"Westbank",16,boy,0.54,0,0.48,21.44,1,21.26,1,0,22.63
183,12,"Harbour",39,boy,-1.14,0,0.23,38.72,0,NA,0,0,37.64
184,7,"Station",25,girl,0.62,1,0.3,46.82,0,NA,0,0,39.89
185,10,"Southport",36,girl,-0.11,0,0.14,39.59,0,NA,0,0,31.59
186,10,"Southport",34,girl,-0.19,0,0.25,29.61,0,NA,0,0,32.38
187,5,"Westbank",13,girl,-0.56,0,0.45,36.25,0,NA,0,0,28.58
188,9,"Greenmeadow",31,boy,1.05,0,0.78,14.82,0,NA,0,0,15.1
189,8,"Riverside",27,boy,0.69,0,0.62,26.47,0,NA,0,0,23.38
190,6,"Old Town",21,girl,-1.11,0,0.15,32.93,0,NA,0,0,38.74
191,7,"Station",24,boy,0.17,1,0.29,37.31,0,NA,1,1,29.05
192,9,"Greenmeadow",30,boy,0.27,0,0.97,4.49,0,NA,0,0,6
193,3,"Millbrook",8,boy,0.52,0,0.2,27.3,0,NA,0,0,30.95
194,9,"Greenmeadow",32,boy,0.72,0,0.91,15.76,0,NA,0,0,11.95
195,3,"Millbrook",9,boy,-0.41,0,0.54,24.95,0,NA,0,0,27.13
196,7,"Station",22,boy,0.42,0,0.17,37.3,1,41.38,0,0,41.44
197,12,"Harbour",39,girl,0.15,0,0.32,19.6,1,24.02,1,1,27.42
198,5,"Westbank",14,boy,-0.58,0,0.5,30.16,0,NA,0,0,22.29
199,9,"Greenmeadow",31,girl,1.19,1,0.89,8.93,0,NA,1,0,11.67
200,1,"Northgate",3,boy,0.99,0,0.39,24.64,0,NA,0,0,23.99
201,3,"Millbrook",9,girl,0.59,0,0.43,21.19,0,NA,1,1,23.64
202,4,"Eastfield",11,girl,-0.1,0,0.41,40.45,0,NA,0,0,31.69
203,5,"Westbank",15,girl,-0.59,0,0.59,18.42,0,NA,0,0,21.21
204,8,"Riverside",27,boy,0.71,0,0.56,21.16,0,NA,0,0,25.04
205,7,"Station",23,boy,-1.72,0,0.2,39.09,0,NA,0,0,34.6
206,5,"Westbank",16,boy,-0.15,0,0.36,29.36,0,NA,0,0,30.75
207,6,"Old Town",17,boy,-0.18,0,0.28,40.76,0,NA,0,0,42.86
208,7,"Station",25,girl,-1.47,0,0.36,27.13,0,NA,0,0,29.38
209,6,"Old Town",20,girl,-0.58,0,0,45.45,0,NA,0,0,40.47
210,6,"Old Town",21,girl,-0.14,0,0.16,42.25,0,NA,0,0,38.81
211,3,"Millbrook",9,girl,-0.09,0,0.62,20.55,0,NA,1,0,22.23
212,6,"Old Town",18,girl,-0.44,0,0.11,33.06,0,NA,0,0,37.23
213,7,"Station",25,boy,-1.05,0,0.19,39.5,0,NA,0,0,42.5
214,10,"Southport",36,boy,-0.75,1,0.18,26.55,0,NA,1,1,29.78
215,7,"Station",25,girl,1,1,0.31,24.42,0,NA,0,0,32.47
216,9,"Greenmeadow",31,girl,2.24,0,0.77,15.53,0,NA,0,0,12.97
217,4,"Eastfield",12,boy,-0.8,0,0.09,27.13,0,NA,0,0,26.58
218,2,"Hillcrest",6,boy,-1.07,0,0.8,19.56,0,NA,0,0,13.11
219,5,"Westbank",14,boy,-1.29,0,0.45,31.8,0,NA,0,0,32.17
220,9,"Greenmeadow",31,girl,-0.57,0,0.88,5.84,0,NA,0,0,12.51
221,7,"Station",26,girl,-0.32,0,0,38.53,0,NA,0,0,39.94
222,7,"Station",25,girl,0.69,0,0.06,33.93,0,NA,0,0,30.78
223,5,"Westbank",16,boy,0.66,0,0.24,30.87,0,NA,1,1,29.23
224,7,"Station",24,boy,0.46,0,0.26,32.34,0,NA,0,0,29.85
225,3,"Millbrook",7,boy,-0.88,0,0.45,26.52,0,NA,0,1,27.07
226,11,"Lakeside",38,girl,0.74,0,0.79,14.2,0,NA,0,0,11.2
227,7,"Station",23,girl,0.72,0,0.24,27.15,0,NA,1,0,33.56
228,2,"Hillcrest",4,boy,-1.1,0,0.69,11.43,0,NA,0,0,13.6
229,12,"Harbour",39,boy,-0.16,0,0.37,31.79,0,NA,1,1,37.43
230,2,"Hillcrest",5,girl,-0.04,1,0.45,18.79,0,NA,0,0,16.16
231,3,"Millbrook",7,boy,0.23,1,0.46,26.06,1,20.23,1,1,22.31
232,10,"Southport",33,girl,0.5,0,0.02,38.62,1,29.29,0,0,28.94
233,9,"Greenmeadow",32,girl,1.24,0,0.87,16.32,0,NA,0,0,19.73
234,11,"Lakeside",37,boy,-0.6,0,0.63,21.64,0,NA,0,0,17.1
235,5,"Westbank",14,boy,0.7,0,0.53,33.78,0,NA,0,1,26.17
236,7,"Station",25,girl,0.51,0,0.18,32,0,NA,1,0,38.9
237,11,"Lakeside",37,girl,0.99,0,0.93,6.41,0,NA,0,0,6
238,10,"Southport",34,girl,-1.41,1,0.43,38.43,0,NA,0,0,37.73
239,9,"Greenmeadow",31,boy,-0.34,0,1,8.32,1,5.95,0,0,6
240,6,"Old Town",17,girl,2.15,1,0.18,45.79,0,NA,0,0,38.31
241,5,"Westbank",16,girl,-1.05,1,0.48,31.26,0,NA,1,0,24.28
242,10,"Southport",34,girl,1.15,0,0.26,22.05,0,NA,0,0,25.46
243,1,"Northgate",2,boy,0.07,0,0.56,14.88,0,NA,0,0,16.39
244,7,"Station",25,girl,-0.57,0,0.17,39.28,0,NA,0,0,37.44
245,8,"Riverside",27,boy,1.9,1,0.55,22.02,0,NA,0,0,18.27
246,8,"Riverside",28,girl,0.82,0,0.49,23.42,0,NA,0,0,15.91
247,1,"Northgate",1,girl,-0.44,0,0.54,17.72,0,NA,0,0,22.79
248,8,"Riverside",28,girl,1.22,0,0.52,16.13,0,NA,0,0,20.15
249,4,"Eastfield",12,girl,-1.52,0,0.48,25.41,0,NA,1,1,33.22
250,1,"Northgate",1,boy,0.44,0,0.33,24.05,0,NA,0,0,23.09
251,7,"Station",26,girl,-1.27,1,0.32,34.64,0,NA,1,0,39.46
252,1,"Northgate",1,girl,1.93,0,0.58,14.65,0,NA,0,0,22.75
253,10,"Southport",35,girl,-0.31,0,0.21,30.81,0,NA,1,0,36.94
254,2,"Hillcrest",4,boy,0.7,0,0.96,20.59,0,NA,0,0,14.99
255,10,"Southport",33,boy,1.63,0,0.22,35.58,0,NA,0,0,30.78
256,10,"Southport",35,boy,1.99,0,0.3,33.4,0,NA,0,0,32.73
257,4,"Eastfield",11,boy,-1.12,0,0.3,21.29,0,NA,0,0,20.69
258,5,"Westbank",13,boy,-0.09,1,0.39,34.06,0,NA,0,1,32.06
259,9,"Greenmeadow",30,girl,-1.59,1,1,7.31,0,NA,0,0,8.23
260,9,"Greenmeadow",30,girl,0.56,0,0.84,15.05,0,NA,0,0,12.03
261,3,"Millbrook",9,girl,1.41,0,0.35,31.83,0,NA,0,0,34.47
262,2,"Hillcrest",6,boy,1.71,0,0.58,16.78,0,NA,0,0,13.55
263,5,"Westbank",16,boy,1.01,0,0.59,21.94,0,NA,0,0,24.76
264,6,"Old Town",17,girl,0.79,0,0.24,41.83,0,NA,0,0,38.05
265,4,"Eastfield",12,girl,-1.4,0,0.26,25.75,0,NA,0,0,24.5
266,6,"Old Town",19,girl,0.6,0,0.2,39.72,0,NA,0,0,36.28
267,6,"Old Town",19,girl,0.15,0,0,49.01,0,NA,0,0,45.08
268,7,"Station",22,girl,-1.01,0,0.2,40.36,0,NA,0,0,43.45
269,9,"Greenmeadow",32,boy,-0.59,1,1,4,0,NA,1,0,10.37
270,3,"Millbrook",10,boy,0.05,0,0.43,28.95,0,NA,0,0,30.29
271,1,"Northgate",2,girl,0.87,0,0.5,20.12,0,NA,0,0,18.85
272,2,"Hillcrest",4,boy,0.59,1,0.49,12.46,0,NA,0,0,17.25
273,5,"Westbank",15,girl,-0.3,0,0.46,23.23,0,NA,0,1,22.13
274,8,"Riverside",29,boy,0.18,0,0.37,17.9,0,NA,1,1,23.86
275,4,"Eastfield",11,girl,-1.38,0,0.17,31.32,0,NA,0,0,35.97
276,7,"Station",25,girl,0.23,0,0.26,22.51,0,NA,0,0,30.44
277,1,"Northgate",1,boy,0.73,0,0.5,15.63,1,22.16,0,0,22.51
278,9,"Greenmeadow",31,girl,-0.36,0,1,10.98,0,NA,1,1,17.33
279,12,"Harbour",39,boy,0.02,0,0.31,37.16,0,NA,0,0,34.03
280,11,"Lakeside",38,boy,-0.55,0,0.52,15.87,0,NA,0,0,15.26
281,10,"Southport",33,girl,-0.85,1,0.37,26.77,0,NA,0,0,29.05
282,2,"Hillcrest",4,boy,1.98,0,0.74,8.09,0,NA,0,0,14.15
283,6,"Old Town",21,boy,0.34,0,0.15,46.63,0,NA,0,0,45.16
284,5,"Westbank",15,boy,1.59,1,0.44,31.13,0,NA,0,0,32.16
285,7,"Station",24,boy,0.56,0,0.22,35.07,0,NA,0,0,36.44
286,6,"Old Town",21,girl,-0.81,0,0.11,41.45,0,NA,0,0,40.54
287,11,"Lakeside",37,boy,1.21,0,0.82,17.41,0,NA,0,0,12.72
288,12,"Harbour",39,boy,-0.85,1,0.32,36.34,0,NA,1,1,38.52
289,10,"Southport",34,girl,0.8,0,0.38,25.43,0,NA,1,0,31.78
290,10,"Southport",36,boy,-0.81,1,0.29,43.27,1,32.48,0,0,35.4
291,7,"Station",25,boy,0.68,0,0.31,36.02,0,NA,0,0,33.22
292,7,"Station",23,girl,0.47,0,0.32,37.29,0,NA,0,0,36.43
293,6,"Old Town",20,girl,-0.9,1,0,62.44,0,NA,0,0,49.56
294,9,"Greenmeadow",30,boy,-0.24,0,0.83,11.33,0,NA,0,0,13.44
295,11,"Lakeside",38,boy,0.06,0,0.71,11.18,1,16.09,0,0,14.01
296,2,"Hillcrest",6,boy,-0.11,1,0.68,20.13,0,NA,0,0,16.03
297,10,"Southport",34,boy,-0.24,0,0.23,42.85,0,NA,0,0,33.8
298,10,"Southport",33,boy,-1.23,1,0.61,36.53,0,NA,0,0,31.19
299,3,"Millbrook",8,boy,-0.54,0,0.2,33.08,0,NA,0,0,31.83
300,4,"Eastfield",12,girl,-0.39,0,0.45,34.67,0,NA,0,0,29.74
301,6,"Old Town",21,girl,-1.28,0,0,45.29,0,NA,1,0,43.24
302,9,"Greenmeadow",30,girl,0.82,1,0.85,14.86,0,NA,0,0,13.85
303,10,"Southport",36,boy,-0.36,0,0.48,29.92,0,NA,0,0,27.02
304,3,"Millbrook",8,girl,-0.42,0,0.5,15.69,0,NA,0,0,23.16
305,6,"Old Town",20,girl,-0.22,0,0.14,40.91,0,NA,0,0,42.03
306,3,"Millbrook",7,boy,1.96,0,0.42,20.69,0,NA,0,0,19.78
307,6,"Old Town",21,girl,-1.46,1,0.01,45.52,0,NA,0,0,44.13
308,7,"Station",23,boy,-1.17,0,0.13,56.28,0,NA,0,0,50.15
309,6,"Old Town",18,girl,-1.63,0,0.33,42.62,0,NA,1,0,39.4
310,9,"Greenmeadow",31,girl,-0.38,0,0.92,24.13,0,NA,0,0,19.49
311,6,"Old Town",20,boy,-0.08,0,0.18,33.81,0,NA,0,0,35.26
312,1,"Northgate",3,boy,-0.87,1,0.57,30.14,0,NA,0,0,29.23
313,2,"Hillcrest",5,boy,1.31,0,0.57,21.57,0,NA,0,0,23.03
314,6,"Old Town",20,girl,-0.7,0,0.18,51.97,0,NA,0,0,44.83
315,9,"Greenmeadow",30,girl,0.86,0,0.87,10.57,0,NA,1,0,10.76
316,7,"Station",26,boy,-0.61,1,0.31,45.31,0,NA,0,1,42.18
317,2,"Hillcrest",6,boy,1.05,0,0.81,14.7,0,NA,0,0,15.62
318,3,"Millbrook",8,girl,-0.49,0,0.45,33.52,0,NA,0,0,34.35
319,3,"Millbrook",10,girl,0.11,0,0.39,22.15,0,NA,1,1,29.8
320,8,"Riverside",29,boy,1.31,0,0.28,25.44,0,NA,0,0,24.08
321,5,"Westbank",14,girl,0.71,0,0.64,23.66,0,NA,0,0,27.17
322,6,"Old Town",17,girl,-0.14,0,0.47,39.95,0,NA,0,0,39.7
323,12,"Harbour",40,boy,0.33,0,0.25,35.98,1,35.98,0,0,33.61
324,8,"Riverside",27,boy,0.35,0,0.6,25.34,0,NA,0,0,21.64
325,7,"Station",25,girl,-0.03,0,0.4,38.42,0,NA,0,0,34.25
326,1,"Northgate",1,boy,-0.92,0,0.58,22.88,0,NA,0,0,25.66
327,3,"Millbrook",9,boy,-0.43,0,0.54,26.28,0,NA,1,0,26.41
328,6,"Old Town",21,boy,0.91,0,0.28,29.9,0,NA,0,0,39.48
329,2,"Hillcrest",4,boy,0.13,0,1,6.67,0,NA,0,0,13.46
330,10,"Southport",35,girl,-0.95,1,0.22,29.5,0,NA,0,0,31.13
331,7,"Station",24,boy,0.33,0,0.2,33.07,0,NA,0,0,38.89
332,8,"Riverside",27,boy,-0.88,0,0.38,31.1,0,NA,0,0,25.18
333,2,"Hillcrest",5,boy,2.36,0,0.68,13.37,1,12.28,1,0,11.29
334,6,"Old Town",17,boy,1.09,0,0,28.25,0,NA,1,0,33.07
335,3,"Millbrook",8,girl,-0.19,1,0.58,27.78,0,NA,0,0,25.88
336,9,"Greenmeadow",32,boy,0.62,0,0.88,13.56,0,NA,1,1,13.98
337,8,"Riverside",27,girl,1.51,0,0.52,31.1,0,NA,0,0,25.89
338,5,"Westbank",16,girl,1.18,0,0.43,33.33,0,NA,0,0,28.27
339,2,"Hillcrest",6,girl,0.41,0,0.52,25.96,0,NA,0,0,23.83
340,5,"Westbank",13,boy,0.26,1,0.61,21.32,0,NA,1,1,22.8
341,3,"Millbrook",8,girl,1.17,0,0.41,29.79,0,NA,0,0,28.47
342,8,"Riverside",27,boy,0.3,1,0.72,23.97,0,NA,1,0,21.58
343,5,"Westbank",14,boy,-2.23,0,0.52,30.3,0,NA,0,0,29.02
344,8,"Riverside",28,girl,0.24,1,0.52,9.63,0,NA,0,0,19.66
345,10,"Southport",36,boy,0.27,0,0.21,36.67,0,NA,0,1,34.47
346,7,"Station",24,girl,-1.44,0,0.29,42.27,0,NA,0,0,46.33
347,9,"Greenmeadow",32,girl,1.44,0,0.78,24.17,0,NA,0,0,20.15
348,8,"Riverside",29,girl,-0.54,1,0.68,28.1,0,NA,0,0,23.05
349,11,"Lakeside",38,girl,1.14,0,0.79,15.93,0,NA,1,0,16.18
350,8,"Riverside",29,boy,0.7,0,0.58,10.93,0,NA,1,1,19.29
351,1,"Northgate",1,girl,-0.61,0,0.7,19.07,0,NA,1,1,20.88
352,12,"Harbour",39,boy,-1.78,0,0.17,46.99,0,NA,0,0,43.51
353,12,"Harbour",40,boy,-1.27,1,0.28,46.2,0,NA,0,0,40.01
354,10,"Southport",33,girl,-0.69,0,0.3,33.28,0,NA,0,0,38.37
355,3,"Millbrook",10,boy,-0.34,1,0.52,24.17,0,NA,0,0,30.96
356,4,"Eastfield",12,girl,0.11,1,0.33,28.86,0,NA,0,0,34.53
357,3,"Millbrook",9,girl,-0.97,1,0.45,32.65,1,26.63,0,0,25.3
358,7,"Station",22,boy,-0.88,1,0.03,39.36,0,NA,0,0,47.95
359,6,"Old Town",21,girl,0.04,0,0.16,37.69,0,NA,0,0,41.48
360,10,"Southport",36,boy,-1.59,1,0.38,31.31,0,NA,1,1,33.69
361,9,"Greenmeadow",30,girl,0.24,0,0.99,16.08,0,NA,1,0,13.4
362,3,"Millbrook",10,boy,1.51,0,0.35,26.08,0,NA,0,0,25.53
363,10,"Southport",34,girl,0.1,0,0.25,21.75,0,NA,0,0,28.84
364,2,"Hillcrest",5,boy,-0.96,0,0.7,23.59,0,NA,1,0,24.8
365,6,"Old Town",21,boy,0.42,0,0.29,31.92,0,NA,0,0,33.61
366,9,"Greenmeadow",32,girl,1.15,0,0.71,8.82,0,NA,0,0,10.02
367,10,"Southport",35,girl,0.05,0,0.31,32.74,0,NA,0,0,28.55
368,5,"Westbank",15,boy,0.09,1,0.54,30.71,0,NA,0,0,28.79
369,12,"Harbour",39,boy,-0.54,1,0.22,37.76,0,NA,1,1,31.92
370,9,"Greenmeadow",32,boy,0.52,0,0.92,4.55,0,NA,0,0,11.95
371,6,"Old Town",17,boy,-0.15,0,0.18,36.43,0,NA,1,1,40.75
372,10,"Southport",33,girl,0.39,0,0,42.76,0,NA,0,0,36.34
373,9,"Greenmeadow",32,boy,0.05,0,1,18.34,0,NA,0,0,12.86
374,7,"Station",25,girl,1.35,0,0.28,39.65,0,NA,0,0,42.42
375,6,"Old Town",21,boy,-0.08,0,0.21,43.42,0,NA,0,0,37.75
376,12,"Harbour",40,boy,1.39,0,0.04,33.19,0,NA,0,0,35.42
377,12,"Harbour",39,boy,-0.77,1,0.2,27.99,0,NA,0,0,30.3
378,7,"Station",23,boy,0.5,0,0.26,21.38,0,NA,1,0,33.81
379,6,"Old Town",18,girl,0.6,0,0.36,41.31,0,NA,0,0,32.62
380,12,"Harbour",40,girl,-1.11,0,0.29,38.22,0,NA,0,0,35.32
381,3,"Millbrook",8,girl,1.42,0,0.55,20.46,0,NA,1,0,23.13
382,9,"Greenmeadow",31,girl,0.38,0,0.95,17.42,0,NA,0,0,14.4
383,8,"Riverside",28,girl,0.63,0,0.69,17.43,0,NA,0,0,19.02
384,1,"Northgate",2,boy,-0.99,0,0.61,9.62,0,NA,1,0,22.31
385,10,"Southport",36,girl,1.25,0,0.31,25.82,0,NA,0,0,29.18
386,3,"Millbrook",8,girl,0.15,0,0.31,19.23,0,NA,0,0,17.63
387,8,"Riverside",28,girl,1.81,0,0.71,9.26,0,NA,0,0,11.64
388,9,"Greenmeadow",31,girl,-1.5,1,0.87,16.47,0,NA,0,1,16.44
389,1,"Northgate",3,boy,1.99,0,0.59,18.02,0,NA,0,0,22.8
390,5,"Westbank",16,boy,-0.23,0,0.71,34.51,0,NA,1,1,25.43
391,9,"Greenmeadow",30,girl,1.1,0,0.75,12.17,0,NA,0,0,8.14
392,8,"Riverside",28,girl,-0.73,1,0.64,10.87,0,NA,1,0,15.9
393,7,"Station",22,girl,2.18,0,0.29,25.41,0,NA,0,0,29.43
394,12,"Harbour",40,girl,-1.01,1,0.46,35.23,0,NA,0,0,34.34
395,6,"Old Town",17,girl,0.4,0,0.06,48.74,0,NA,0,0,37.45
396,9,"Greenmeadow",30,girl,1.31,0,0.89,12.55,0,NA,0,1,8.29
397,8,"Riverside",27,girl,0.26,0,0.48,16.74,0,NA,1,0,27.91
398,11,"Lakeside",38,girl,1.25,0,0.66,25.46,1,20.39,0,0,20.77
399,5,"Westbank",15,girl,-0.11,0,0.62,35.29,0,NA,1,0,30.94
400,7,"Station",26,girl,-0.79,0,0.36,52.28,0,NA,0,0,44.99
401,3,"Millbrook",7,boy,-1.13,0,0.35,25.74,0,NA,1,1,25.76
402,1,"Northgate",1,girl,1.19,0,0.65,12.86,0,NA,0,0,17.84
403,4,"Eastfield",12,girl,0.6,0,0.17,29.01,0,NA,0,0,28.97
404,6,"Old Town",21,boy,1.34,0,0.38,28.29,0,NA,0,0,35.61
405,6,"Old Town",17,girl,-0.06,0,0.26,38.31,1,40.06,0,0,39.34
406,10,"Southport",33,girl,-0.32,1,0.28,31.79,0,NA,0,0,32.9
407,12,"Harbour",40,boy,-0.31,0,0.1,46.07,0,NA,0,0,45.46
408,7,"Station",25,girl,0.85,0,0.09,45.57,0,NA,1,0,46.18
409,6,"Old Town",18,girl,-0.65,1,0.22,36.4,1,36.78,0,0,34.62
410,6,"Old Town",17,girl,-1.24,1,0.19,52.78,0,NA,0,0,49.45
411,7,"Station",24,girl,-1.01,1,0.22,36.85,0,NA,0,0,38.01
412,9,"Greenmeadow",32,girl,-0.17,1,0.73,9.48,0,NA,0,0,11.02
413,11,"Lakeside",38,girl,0.12,0,0.96,17.2,0,NA,1,1,17.43
414,12,"Harbour",40,girl,-0.44,0,0.15,27.28,0,NA,0,0,38.53
415,3,"Millbrook",10,girl,-1.27,0,0.55,18.07,0,NA,0,0,25.25
416,6,"Old Town",17,boy,-0.21,1,0.18,41.39,0,NA,0,0,35.21
417,10,"Southport",35,boy,-1.76,0,0.06,33.67,0,NA,1,1,36.04
418,1,"Northgate",2,boy,-0.01,1,0.77,24.44,0,NA,0,0,21.18
419,7,"Station",25,girl,1.23,0,0.22,23.34,0,NA,0,0,30.09
420,7,"Station",25,boy,1.29,0,0.36,30.56,0,NA,0,0,38.41
421,6,"Old Town",21,girl,0.45,1,0.16,34.45,0,NA,0,0,37.28
422,3,"Millbrook",9,girl,-0.9,0,0.49,20.83,0,NA,0,0,28.74
423,2,"Hillcrest",5,boy,-0.51,0,0.58,12.75,0,NA,0,0,19.95
424,1,"Northgate",1,girl,1.1,0,0.64,26.95,0,NA,0,0,22.2
425,7,"Station",23,girl,-0.16,0,0.28,40.62,0,NA,0,0,42.64
426,1,"Northgate",3,boy,-1.36,0,0.58,29.13,0,NA,0,0,26.22
427,3,"Millbrook",9,girl,0.23,1,0.46,28.26,0,NA,0,0,22.79
428,3,"Millbrook",8,girl,0.67,0,0.54,15.45,0,NA,0,0,22.02
429,12,"Harbour",40,boy,-1.37,1,0.33,36.12,0,NA,0,0,37.25
430,8,"Riverside",29,boy,-1.32,0,0.56,25.13,0,NA,0,0,19.25
431,2,"Hillcrest",5,girl,-0.72,0,0.77,12.12,0,NA,0,0,19.42
432,10,"Southport",33,girl,0.9,0,0.38,41.85,0,NA,1,0,36.19
433,2,"Hillcrest",4,girl,1.49,0,0.63,14.84,0,NA,0,0,15.61
434,9,"Greenmeadow",32,girl,0.03,1,0.78,17.12,0,NA,0,0,13.83
435,5,"Westbank",14,boy,1.03,0,0.66,20.93,0,NA,0,0,22
436,7,"Station",22,girl,0.78,0,0.38,34.83,0,NA,0,0,46.6
437,2,"Hillcrest",6,girl,1.12,0,0.64,16.49,0,NA,0,0,17.21
438,9,"Greenmeadow",30,boy,1.9,0,0.9,4,0,NA,0,0,6
439,3,"Millbrook",8,boy,-0.25,0,0.37,33.37,0,NA,0,0,31.18
440,8,"Riverside",28,girl,0.38,0,0.44,32.24,0,NA,0,0,28.74
441,3,"Millbrook",8,girl,0.68,0,0.49,19.35,0,NA,0,0,26.78
442,3,"Millbrook",7,girl,-1.19,0,0.61,27.51,0,NA,0,0,22.59
443,7,"Station",26,boy,-0.38,0,0,33.81,1,31.39,0,0,35.43
444,11,"Lakeside",37,girl,1.24,0,0.74,15.22,0,NA,0,0,12.95
445,10,"Southport",33,boy,0.18,0,0.01,35.57,0,NA,0,0,30.47
446,10,"Southport",36,boy,-0.35,0,0.36,30.48,0,NA,0,0,33.42
447,6,"Old Town",17,boy,0.82,0,0.24,37.32,0,NA,1,1,38.44
448,4,"Eastfield",11,girl,0.29,0,0.34,33.28,0,NA,0,0,31.06
449,7,"Station",24,boy,0.71,0,0.2,35.06,1,37.28,1,1,38.08
450,6,"Old Town",17,girl,0.3,0,0.15,40.77,0,NA,1,0,44.22
451,3,"Millbrook",10,boy,-0.63,0,0.49,22.95,0,NA,0,0,23.69
452,8,"Riverside",28,girl,0.86,1,0.44,16.77,0,NA,1,1,23.08
453,5,"Westbank",14,girl,-0.02,0,0.75,16.51,0,NA,0,0,23.95
454,6,"Old Town",19,boy,0.03,0,0.04,49.22,0,NA,1,1,45.93
455,11,"Lakeside",37,boy,1.52,1,0.71,7.02,0,NA,0,0,14.6
456,12,"Harbour",39,girl,0.55,0,0.12,35.08,0,NA,0,0,38.81
457,2,"Hillcrest",5,boy,0.4,0,0.91,12.15,0,NA,0,0,12.32
458,3,"Millbrook",8,girl,-0.49,1,0.46,37.64,0,NA,0,0,33.26
459,11,"Lakeside",37,boy,-2.21,0,0.73,22.9,0,NA,0,0,15.96
460,3,"Millbrook",10,boy,0.74,0,0.37,27.74,0,NA,0,0,28.54
461,7,"Station",26,boy,-1.71,0,0.17,43.65,0,NA,0,0,43.17
462,6,"Old Town",18,boy,-0.76,1,0.14,46.09,0,NA,0,0,40.88
463,7,"Station",24,boy,-0.67,0,0.09,33.02,0,NA,0,0,41.27
464,3,"Millbrook",9,girl,-0.59,0,0.52,35.8,0,NA,0,0,32.73
465,2,"Hillcrest",5,girl,0.8,0,0.75,11.52,0,NA,0,0,18.58
466,9,"Greenmeadow",30,boy,-0.82,1,0.66,18.65,0,NA,0,0,26.09
467,2,"Hillcrest",4,boy,-1.89,0,0.59,14.09,0,NA,0,0,20.24
468,4,"Eastfield",12,boy,-1.02,0,0.33,16.99,0,NA,0,0,24.34
469,6,"Old Town",20,girl,0.55,0,0.2,47.32,0,NA,0,1,40.58
470,6,"Old Town",18,girl,0.66,0,0.23,34.86,0,NA,0,0,37.05
471,3,"Millbrook",10,boy,-0.04,0,0.48,21.81,0,NA,0,0,25.97
472,3,"Millbrook",7,girl,-0.16,0,0.46,16.66,0,NA,0,0,21.77
473,1,"Northgate",3,girl,-0.19,0,0.51,13.5,0,NA,0,0,23.38
474,3,"Millbrook",7,boy,0.95,0,0.47,36.07,1,31.56,0,0,29.92
475,10,"Southport",35,boy,-0.45,1,0.2,42.22,0,NA,0,0,39.33
476,7,"Station",24,boy,0.16,0,0.39,40.46,0,NA,0,1,40.72
477,6,"Old Town",18,girl,2.36,0,0.18,39.48,0,NA,0,0,40.07
478,2,"Hillcrest",4,girl,-0.02,0,0.73,10.65,0,NA,0,0,13.79
479,4,"Eastfield",12,girl,-0.79,1,0.36,17.85,0,NA,0,0,26.74
480,8,"Riverside",27,boy,-0.48,0,0.64,26.27,0,NA,0,0,22.38
481,10,"Southport",34,boy,0.05,0,0.29,32.93,0,NA,0,0,34.77
482,6,"Old Town",20,girl,-0.16,0,0.11,34.37,1,30.02,0,0,31.45
483,12,"Harbour",40,boy,-0.02,0,0.27,40.81,0,NA,1,0,40.02
484,6,"Old Town",20,boy,0.74,0,0.26,43.46,0,NA,0,0,38.13
485,3,"Millbrook",10,girl,-1.51,0,0.41,32.8,0,NA,0,0,32.28
486,11,"Lakeside",38,boy,2.59,0,0.77,4,0,NA,1,0,14.05
487,3,"Millbrook",7,boy,0.28,0,0.42,26.75,0,NA,0,0,27.37
488,6,"Old Town",19,girl,-0.08,0,0.18,39.12,0,NA,1,0,39.15
489,7,"Station",24,girl,-1.15,0,0.15,39.99,0,NA,0,0,35.76
490,5,"Westbank",14,boy,-0.5,0,0.36,34.95,0,NA,0,0,32.92
491,6,"Old Town",19,girl,0.35,0,0.06,50.21,0,NA,0,0,41.5
492,7,"Station",24,girl,-0.08,0,0.09,47.42,0,NA,0,0,42.79
493,3,"Millbrook",10,girl,0.04,1,0.42,42.97,0,NA,1,1,33.53
494,8,"Riverside",28,girl,-0.62,1,0.61,18.94,0,NA,0,0,19.75
495,3,"Millbrook",8,girl,-1.78,0,0.41,36.55,1,30.02,1,0,30.91
496,10,"Southport",33,boy,0.84,0,0.06,35.76,0,NA,0,0,39.33
497,8,"Riverside",27,boy,0.61,0,0.58,10.04,0,NA,0,0,13.72
498,12,"Harbour",39,boy,-2.14,1,0.17,36.86,0,NA,0,0,36.69
499,8,"Riverside",29,girl,-0.23,0,0.76,24.47,1,21.37,1,0,23.11
500,4,"Eastfield",11,girl,-0.47,0,0.43,20.11,0,NA,0,0,20.91
501,4,"Eastfield",12,boy,1.52,0,0.48,23.64,0,NA,0,1,16.74
502,5,"Westbank",14,boy,-0.11,1,0.42,24.57,0,NA,0,0,27
503,7,"Station",25,boy,-1.41,0,0.24,41.77,0,NA,1,1,36.62
504,7,"Station",25,girl,-0.03,0,0.23,37.28,0,NA,0,0,37.12
505,8,"Riverside",27,boy,-1.01,1,0.71,40.34,0,NA,0,0,25.47
506,2,"Hillcrest",6,boy,0.51,0,0.49,15.06,0,NA,0,0,18.55
507,7,"Station",23,boy,-1.32,0,0.27,49.52,0,NA,0,0,44.32
508,3,"Millbrook",9,boy,-0.29,0,0.3,32.75,0,NA,0,0,29.51
509,5,"Westbank",14,boy,0.37,0,0.5,23.48,0,NA,0,0,27.98
510,12,"Harbour",39,girl,-0.64,0,0.17,45.93,0,NA,0,0,39.64
511,8,"Riverside",29,boy,-0.03,0,0.48,24.73,1,22.52,0,0,23.39
512,10,"Southport",36,boy,0.3,0,0.38,37.51,0,NA,0,0,37.05
513,3,"Millbrook",9,boy,-1.42,1,0.3,30.22,0,NA,0,0,30.31
514,11,"Lakeside",38,boy,0.05,0,0.86,8.2,0,NA,0,0,12.34
515,1,"Northgate",2,girl,0.5,0,0.54,25.63,0,NA,1,0,23.36
516,9,"Greenmeadow",30,girl,1.16,0,0.95,14.81,0,NA,0,0,15.55
517,8,"Riverside",27,boy,-0.31,0,0.84,18.62,0,NA,0,0,24.52
518,3,"Millbrook",7,boy,0.09,0,0.27,39.35,1,28.87,0,0,28.45
519,10,"Southport",36,boy,-0.92,0,0.29,27.28,0,NA,0,0,32.22
520,10,"Southport",34,girl,-0.92,1,0.45,32.34,0,NA,0,0,33.69
521,5,"Westbank",15,boy,0.42,0,0.28,17.5,0,NA,1,1,23.03
522,7,"Station",26,boy,-1.37,0,0.18,34.99,0,NA,1,1,41.05
523,6,"Old Town",18,boy,0.39,1,0.26,44.66,0,NA,0,0,39.6
524,6,"Old Town",18,girl,-0.01,0,0.14,42.15,0,NA,0,0,44.61
525,2,"Hillcrest",6,boy,0.74,0,0.72,18.5,0,NA,0,0,15.49
526,4,"Eastfield",11,boy,0.47,0,0.4,32.85,0,NA,1,0,32.67
527,4,"Eastfield",12,boy,-0.47,0,0.31,24.23,0,NA,0,0,27.7
528,5,"Westbank",14,boy,-0.28,1,0.45,23.5,0,NA,0,0,30.27
529,6,"Old Town",17,boy,-1.11,0,0.36,39.44,0,NA,0,0,41.17
530,9,"Greenmeadow",30,girl,-0.26,1,0.87,8.49,0,NA,0,0,13.78
531,5,"Westbank",16,boy,1.23,0,0.56,23.87,0,NA,0,0,25.21
532,1,"Northgate",1,boy,0.01,1,0.36,32.65,0,NA,0,0,29.31
533,5,"Westbank",16,boy,-0.42,0,0.62,22.09,0,NA,0,0,27.61
534,7,"Station",25,boy,0.08,1,0.24,41.07,0,NA,0,0,40.88
535,12,"Harbour",40,boy,-0.78,1,0.23,20.43,0,NA,0,0,37.05
536,5,"Westbank",13,girl,1.55,0,0.43,28.16,0,NA,0,0,27.47
537,10,"Southport",33,girl,-1.67,0,0.09,35.03,0,NA,1,1,37.82
538,6,"Old Town",19,girl,0.67,0,0.36,41.66,0,NA,0,0,36.93
539,5,"Westbank",14,boy,-0.47,1,0.27,28.74,0,NA,0,0,28.18
540,4,"Eastfield",11,boy,2.01,0,0.26,26.85,0,NA,0,0,23.33
541,6,"Old Town",19,girl,0.93,0,0,38.31,0,NA,0,0,38.08
542,1,"Northgate",2,boy,-0.25,0,0.62,18.94,0,NA,0,0,25.09
543,5,"Westbank",16,boy,0.19,0,0.33,27.73,0,NA,1,0,29.8
544,6,"Old Town",19,boy,-1.88,0,0.12,51.39,0,NA,1,1,47.19
545,1,"Northgate",1,girl,-0.02,0,0.59,23.75,0,NA,0,0,26.87
546,6,"Old Town",18,boy,-0.77,0,0.06,41.34,0,NA,0,0,41.57
547,2,"Hillcrest",5,boy,0.8,0,0.56,4,0,NA,0,0,15.37
548,7,"Station",25,girl,-0.39,1,0.14,37.99,0,NA,0,0,37.96
549,1,"Northgate",3,boy,-0.58,0,0.53,23.96,0,NA,0,0,17.01
550,1,"Northgate",1,girl,0.01,0,0.35,27.28,0,NA,0,0,33.93
551,5,"Westbank",13,girl,0.24,0,0.53,37.75,0,NA,0,0,31.94
552,6,"Old Town",17,girl,-0.54,0,0.23,37.38,0,NA,0,0,41.31
553,2,"Hillcrest",5,boy,2.17,0,0.75,25.06,1,20.69,0,0,22.66
554,1,"Northgate",1,girl,-0.26,0,0.46,20.21,0,NA,1,1,24.45
555,7,"Station",26,girl,-0.33,1,0.29,40.73,0,NA,1,0,38.87
556,7,"Station",24,boy,1.11,0,0.29,35.11,0,NA,1,0,39.94
557,7,"Station",24,girl,0.34,0,0.06,36.45,0,NA,1,1,38.36
558,8,"Riverside",27,girl,-0.84,0,0.5,13.42,0,NA,0,0,13.25
559,7,"Station",25,girl,-1.76,0,0.27,40.69,0,NA,0,0,38.47
560,12,"Harbour",39,boy,-1.96,1,0.26,44.04,0,NA,1,1,40.68
561,1,"Northgate",2,girl,1.36,0,0.33,30.8,0,NA,1,1,24.63
562,10,"Southport",33,boy,-1.92,1,0.32,44.15,0,NA,1,1,37.05
563,1,"Northgate",2,boy,0.99,1,0.44,21.03,0,NA,0,0,18.37
564,6,"Old Town",20,boy,0.08,0,0.18,35.65,0,NA,0,0,40.07
565,3,"Millbrook",8,boy,-0.31,0,0.19,40.23,1,36.59,0,0,33.39
566,9,"Greenmeadow",31,boy,1.5,0,0.99,6.89,0,NA,0,0,12.54
567,1,"Northgate",3,girl,-1.44,1,0.52,22.54,0,NA,1,0,21.51
568,10,"Southport",36,girl,-0.56,0,0.34,20.89,0,NA,0,0,30
569,7,"Station",23,boy,0.84,0,0.23,39.41,0,NA,1,1,34.58
570,7,"Station",26,girl,-1.13,1,0.24,35.1,0,NA,0,0,42.62
571,3,"Millbrook",10,girl,-1.37,0,0.39,31.06,0,NA,1,1,31.09
572,6,"Old Town",20,girl,0.99,0,0.26,29.4,0,NA,0,0,37
573,9,"Greenmeadow",31,girl,-0.16,0,0.82,4,0,NA,0,0,6
574,7,"Station",24,boy,0.74,0,0.14,48.54,0,NA,0,0,38.08
575,7,"Station",23,boy,0.24,0,0.16,36.24,0,NA,0,0,37.52
576,6,"Old Town",21,boy,0.69,1,0,33.9,0,NA,0,0,34.45
577,12,"Harbour",40,girl,0.07,0,0.19,33.33,0,NA,0,0,41
578,6,"Old Town",17,girl,-0.05,1,0.01,34.78,0,NA,0,0,36.31
579,10,"Southport",34,girl,-2.12,0,0.23,24.39,0,NA,0,0,26.98
580,7,"Station",25,boy,-0.25,0,0.2,45.72,0,NA,0,0,44.29
581,6,"Old Town",17,girl,0.64,0,0.12,48.94,0,NA,0,0,38.62
582,10,"Southport",36,girl,-0.17,0,0.42,35.48,0,NA,0,0,29.25
583,5,"Westbank",13,boy,1.07,1,0.5,29.01,0,NA,1,1,29.34
584,10,"Southport",35,boy,-0.74,0,0.39,33.35,0,NA,0,0,32.31
585,10,"Southport",33,girl,-0.55,1,0.3,41.75,0,NA,0,0,37.05
586,10,"Southport",36,girl,1.07,0,0.33,42.08,0,NA,0,0,33.67
587,8,"Riverside",29,boy,-0.59,1,0.77,24.25,0,NA,0,0,19.57
588,5,"Westbank",16,boy,-2.31,0,0.4,28.83,0,NA,1,1,37.49
589,10,"Southport",34,girl,-0.78,0,0.12,26.9,0,NA,0,0,33.91
590,5,"Westbank",16,boy,-1.17,0,0.56,23,0,NA,0,0,27.39
591,10,"Southport",35,girl,0.24,0,0,39.4,0,NA,1,0,31.67
592,5,"Westbank",15,boy,0.2,0,0.48,27.74,0,NA,0,0,30.26
593,1,"Northgate",3,boy,0.81,0,0.48,18.92,0,NA,0,0,24.65
594,10,"Southport",33,girl,2.45,0,0.22,30.58,0,NA,0,0,32.18
595,5,"Westbank",16,boy,-1.01,0,0.58,33.32,0,NA,0,0,33.52
596,6,"Old Town",17,boy,0.28,0,0.06,44.93,0,NA,0,0,50.46
597,1,"Northgate",1,girl,0.52,0,0.63,23.08,0,NA,0,0,17.46
598,10,"Southport",35,boy,0.68,0,0.29,34.88,0,NA,0,0,32.03
599,10,"Southport",33,boy,0.45,0,0.18,27.08,0,NA,0,0,32.07
600,3,"Millbrook",7,boy,-1.01,0,0.42,24.37,0,NA,0,0,20.47
601,6,"Old Town",19,girl,0.62,0,0,41.5,1,42.11,0,0,41.63
602,10,"Southport",35,boy,1.23,0,0.28,37.03,0,NA,0,0,27.77
603,4,"Eastfield",11,boy,-0.36,0,0.31,20.94,0,NA,0,0,22.07
604,11,"Lakeside",37,boy,1.2,0,0.77,10.4,1,15.91,0,0,15.96
605,12,"Harbour",40,girl,-0.39,0,0.1,37.97,0,NA,0,0,34.91
606,2,"Hillcrest",6,boy,1.3,0,0.85,24.98,0,NA,1,0,20.83
607,12,"Harbour",39,girl,-0.48,0,0.18,40.79,0,NA,1,0,39.93
608,5,"Westbank",13,boy,-0.04,0,0.47,28.76,0,NA,0,0,31.79
609,5,"Westbank",13,girl,0.04,0,0.35,35.16,0,NA,0,0,32.43
610,12,"Harbour",39,boy,1.72,0,0.39,28.73,0,NA,0,0,19.62
611,4,"Eastfield",12,boy,-0.3,0,0.24,25.13,0,NA,0,0,23.13
612,3,"Millbrook",8,girl,-0.31,0,0.35,27.51,0,NA,0,0,30.79
613,5,"Westbank",16,boy,-1.29,0,0.51,41.21,0,NA,1,1,32.03
614,8,"Riverside",29,girl,-0.47,1,0.55,34.65,0,NA,0,0,26.44
615,6,"Old Town",18,girl,1.11,0,0.26,36.8,0,NA,1,0,36.44
616,8,"Riverside",29,girl,-1.24,0,0.44,15.75,0,NA,0,0,21.2
617,9,"Greenmeadow",30,boy,1.42,0,0.94,5.42,0,NA,1,1,8.68
618,8,"Riverside",29,boy,-0.94,0,0.4,29.63,0,NA,0,0,24.47
619,8,"Riverside",28,girl,0.83,0,0.61,26.97,0,NA,1,1,20.91
620,5,"Westbank",16,girl,-0.91,0,0.32,33.21,0,NA,0,0,27.62
621,5,"Westbank",14,boy,0.75,1,0.42,24.68,0,NA,0,0,19.24
622,9,"Greenmeadow",31,girl,0.82,0,0.85,14.1,0,NA,1,0,13.98
623,12,"Harbour",39,girl,-1.51,0,0.29,32.1,0,NA,0,0,36.78
624,9,"Greenmeadow",31,girl,-1.6,1,1,20.27,0,NA,0,0,16.16
625,1,"Northgate",3,boy,1.56,0,0.54,15.49,1,13.71,0,0,16.75
626,2,"Hillcrest",4,girl,1.06,0,0.64,9.24,0,NA,1,0,11.91
627,7,"Station",25,boy,-1,0,0.11,60.5,0,NA,0,0,47.45
628,3,"Millbrook",10,boy,-0.61,0,0.3,39.21,0,NA,1,1,35.83
629,2,"Hillcrest",4,girl,1.03,0,0.82,5.54,0,NA,0,0,11.14
630,6,"Old Town",19,boy,0.25,0,0,41.41,0,NA,0,0,47.2
631,5,"Westbank",15,boy,-0.23,0,0.52,28.27,0,NA,1,0,31.29
632,5,"Westbank",13,boy,0.25,0,0.53,24.95,0,NA,0,0,26.49
633,7,"Station",25,girl,-0.7,0,0.14,28.54,0,NA,0,0,36.12
634,5,"Westbank",15,boy,0.73,0,0.4,14.44,0,NA,0,0,22.95
635,12,"Harbour",40,boy,0.8,0,0.26,34.54,0,NA,0,0,31.49
636,10,"Southport",35,boy,0.21,0,0.28,42.15,0,NA,0,0,36.99
637,1,"Northgate",3,girl,-0.13,0,0.53,17.23,0,NA,0,0,24.98
638,7,"Station",25,girl,-0.9,0,0.14,34.7,0,NA,0,0,41.31
639,1,"Northgate",2,boy,0.08,1,0.82,9.81,0,NA,0,0,19.62
640,8,"Riverside",27,boy,0.11,0,0.77,16.77,0,NA,0,0,22.45
641,6,"Old Town",18,girl,-0.39,0,0.29,39.98,0,NA,0,0,42.34
642,2,"Hillcrest",4,boy,0.47,0,0.73,9.97,0,NA,0,0,13.56
643,6,"Old Town",20,boy,1.93,0,0.07,35.08,0,NA,0,0,40.26
644,3,"Millbrook",7,boy,0.33,0,0.27,33.37,0,NA,1,1,34.1
645,8,"Riverside",27,girl,0.7,0,0.84,20.2,0,NA,0,0,10.12
646,1,"Northgate",2,boy,-0.06,0,0.59,24.23,1,16.6,0,0,17.17
647,6,"Old Town",17,girl,0.63,0,0.09,34.28,0,NA,0,0,35.42
648,6,"Old Town",21,girl,-0.41,0,0,46.16,0,NA,0,0,44.39
649,10,"Southport",36,boy,0.42,1,0.27,33.1,0,NA,0,0,34.8
650,4,"Eastfield",11,girl,0.47,1,0.21,22.91,0,NA,1,0,25.25
651,4,"Eastfield",11,boy,0.45,0,0.14,29.74,0,NA,0,0,25.46
652,10,"Southport",34,girl,-0.73,1,0.41,35.83,1,32.36,0,0,30.05
653,3,"Millbrook",8,girl,-0.76,1,0.34,33.27,0,NA,0,0,27.5
654,12,"Harbour",39,girl,1.01,0,0.21,34.21,0,NA,0,0,39.26
655,2,"Hillcrest",4,boy,2.14,0,0.74,26.2,0,NA,1,0,14.41
656,10,"Southport",36,boy,-0.1,1,0.37,32.18,0,NA,1,0,30.65
657,6,"Old Town",18,boy,1.33,1,0.22,29.67,0,NA,0,0,29.63
658,2,"Hillcrest",5,girl,-0.11,1,0.55,28.6,0,NA,0,0,20.31
659,3,"Millbrook",9,boy,-0.41,0,0.28,25.34,0,NA,0,0,27.78
660,10,"Southport",33,boy,0.02,0,0.32,41.58,0,NA,0,0,34.64
661,2,"Hillcrest",6,girl,-0.21,1,0.59,23.67,0,NA,0,1,20.18
662,1,"Northgate",1,boy,-2.32,1,0.56,27.25,0,NA,0,0,19.52
663,3,"Millbrook",10,boy,-1.6,0,0.14,43.37,0,NA,0,0,38
664,8,"Riverside",28,boy,-0.22,0,0.68,16.82,1,16.47,0,0,15.43
665,10,"Southport",33,boy,-0.63,0,0.5,34.16,0,NA,0,0,36.09
666,6,"Old Town",18,girl,1.4,0,0.06,46.63,0,NA,0,0,43.05
667,11,"Lakeside",38,boy,0.29,1,0.44,23.65,0,NA,0,0,29.51
668,3,"Millbrook",7,girl,-0.21,1,0.38,31.11,0,NA,0,0,29.44
669,7,"Station",23,girl,-0.66,0,0.3,32.39,0,NA,0,0,37.58
670,6,"Old Town",17,boy,-0.28,0,0,47.19,0,NA,1,1,44.82
671,8,"Riverside",29,girl,0.91,1,0.62,6.72,0,NA,0,0,7.59
672,4,"Eastfield",12,girl,0.63,0,0.38,18.76,1,25.75,0,0,24.69
673,6,"Old Town",17,girl,-0.66,1,0.25,43.28,0,NA,0,0,38.63
674,2,"Hillcrest",6,girl,2.03,0,0.61,11.87,0,NA,0,0,8.8
675,2,"Hillcrest",5,boy,1.68,0,0.68,16.58,0,NA,0,0,18.47
676,7,"Station",24,boy,-1.15,0,0.12,36.6,0,NA,0,0,35.51
677,1,"Northgate",3,boy,1.92,0,0.4,17.92,0,NA,0,0,21.36
678,1,"Northgate",3,girl,0.37,0,0.42,25.58,0,NA,1,0,25.18
679,2,"Hillcrest",5,boy,1.15,0,0.82,12.27,0,NA,0,0,19.45
680,8,"Riverside",27,boy,1.02,0,0.6,26.91,0,NA,0,0,23.98
681,10,"Southport",35,girl,-0.29,1,0.3,37.26,0,NA,0,0,37.83
682,1,"Northgate",2,boy,-1.98,0,0.61,37.13,1,26.53,1,0,25.98
683,6,"Old Town",18,girl,0.86,0,0,40.95,0,NA,0,0,34.23
684,7,"Station",23,girl,-2.49,1,0.34,43.98,0,NA,0,0,42.42
685,10,"Southport",34,boy,-1.07,0,0.2,40.1,0,NA,0,0,32.18
686,1,"Northgate",3,girl,-0.44,0,0.34,26.48,0,NA,0,0,28.66
687,4,"Eastfield",11,boy,-0.4,0,0.5,26.29,0,NA,0,0,22.29
688,7,"Station",26,boy,-0.81,1,0.14,42.98,0,NA,1,1,39.58
689,10,"Southport",36,girl,-1.89,0,0.26,26.88,0,NA,0,0,29.59
690,5,"Westbank",15,boy,-1.1,0,0.37,19.92,0,NA,1,1,26.23
691,2,"Hillcrest",4,boy,-1.15,0,0.7,17.2,0,NA,0,0,17.44
692,6,"Old Town",18,boy,0.22,1,0.06,41.54,0,NA,0,0,42.26
693,12,"Harbour",39,girl,-0.62,1,0.21,36.75,0,NA,0,0,31.57
694,3,"Millbrook",10,girl,0.36,0,0.59,24.85,0,NA,0,0,23.15
695,6,"Old Town",21,boy,1.11,0,0.14,46.63,0,NA,0,0,40.54
696,3,"Millbrook",10,girl,-0.89,0,0.35,22.23,0,NA,0,0,22.15
697,1,"Northgate",2,boy,-0.5,0,0.44,38.65,0,NA,1,1,33.85
698,6,"Old Town",18,girl,-0.77,0,0.21,36.29,1,40.52,1,1,41.82
699,8,"Riverside",29,boy,-0.07,0,0.68,18.81,0,NA,0,0,15.67
700,3,"Millbrook",9,boy,-0.06,0,0.48,30.67,1,29.58,0,0,30.57
701,12,"Harbour",39,girl,-0.4,1,0.39,38.1,0,NA,0,0,34.4
702,4,"Eastfield",11,girl,-0.02,0,0.19,26.8,0,NA,0,0,28.28
703,12,"Harbour",40,boy,-0.52,0,0.04,45.4,0,NA,0,0,40.12
704,5,"Westbank",13,boy,0.04,0,0.57,34.89,0,NA,0,0,35.03
705,6,"Old Town",18,boy,0.3,0,0.12,47.34,0,NA,0,0,43.87
706,5,"Westbank",15,boy,-0.85,0,0.45,26.66,0,NA,1,1,34.62
707,5,"Westbank",13,girl,0.39,0,0.31,33.7,0,NA,0,0,34.41
708,3,"Millbrook",10,boy,0.08,0,0.4,20.94,0,NA,0,0,28.34
709,9,"Greenmeadow",31,boy,-0.37,0,0.78,16.63,0,NA,0,0,14.76
710,6,"Old Town",19,boy,-2.39,0,0.07,47.16,0,NA,0,0,43.31
711,1,"Northgate",2,boy,1.18,1,0.76,19.9,0,NA,0,0,21.68
712,7,"Station",25,boy,-1.09,0,0.16,48.35,0,NA,1,1,39.73
713,10,"Southport",34,girl,0.9,0,0.4,35.79,0,NA,0,0,32.71
714,10,"Southport",36,boy,0.87,1,0.44,36.36,0,NA,0,0,29.91
715,4,"Eastfield",11,boy,1.51,0,0.45,6.5,0,NA,0,0,14.2
716,1,"Northgate",3,boy,-0.12,0,0.45,32.5,0,NA,0,0,30.47
717,7,"Station",25,boy,0.45,0,0.2,48.87,0,NA,0,0,43.31
718,3,"Millbrook",10,girl,-1.47,1,0.18,20.5,0,NA,0,0,24.79
719,6,"Old Town",17,boy,1.35,0,0.15,39.76,0,NA,1,1,40.06
720,6,"Old Town",21,girl,0.8,1,0,35.25,0,NA,1,0,39.63
721,3,"Millbrook",9,boy,0,0,0.46,20.07,0,NA,0,0,29.65
722,7,"Station",26,girl,1.32,0,0.27,49.37,1,39.04,0,0,38.94
723,4,"Eastfield",12,girl,-0.77,0,0.52,27.25,1,29.99,0,1,32.65
724,5,"Westbank",14,girl,-0.53,0,0.54,30.02,0,NA,0,0,26.35
725,5,"Westbank",15,boy,-0.61,1,0.56,34.46,0,NA,1,0,27.52
726,1,"Northgate",3,boy,0.36,0,0.67,25.44,0,NA,0,0,25.59
727,7,"Station",25,boy,-0.57,1,0.14,34.49,0,NA,0,0,37.08
728,6,"Old Town",20,boy,-0.21,1,0.21,37.21,0,NA,1,0,38.39
729,12,"Harbour",39,girl,-0.91,0,0.61,26.8,0,NA,0,0,31.84
730,4,"Eastfield",11,girl,-0.27,1,0.26,27.94,0,NA,0,0,26.84
731,1,"Northgate",2,girl,0.57,0,0.44,18.99,0,NA,0,0,21.09
732,11,"Lakeside",37,boy,1.86,0,0.78,4,0,NA,0,0,9.43
733,10,"Southport",36,boy,0.66,0,0.23,39.06,0,NA,0,0,36.25
734,5,"Westbank",16,girl,0.32,0,0.32,37.84,0,NA,0,0,32.5
735,12,"Harbour",39,girl,-0.55,1,0.14,47.17,0,NA,1,1,41.92
736,9,"Greenmeadow",30,boy,-0.84,1,0.74,14.01,0,NA,0,0,11.53
737,6,"Old Town",17,boy,0.31,0,0.23,48.56,0,NA,0,0,40.85
738,1,"Northgate",3,boy,0.78,0,0.68,29.77,0,NA,0,0,27.72
739,11,"Lakeside",38,boy,-0.15,0,0.77,10.49,0,NA,0,0,13.8
740,10,"Southport",33,girl,0.89,0,0.33,38.81,0,NA,1,0,34.03
741,6,"Old Town",21,boy,0.19,0,0.16,43.68,0,NA,0,0,45.53
742,6,"Old Town",19,boy,-0.18,0,0.25,49.43,0,NA,0,0,52.97
743,6,"Old Town",18,girl,-0.33,1,0.31,38.2,0,NA,0,0,39.61
744,1,"Northgate",3,girl,0.52,0,0.45,24.3,0,NA,0,0,21.22
745,8,"Riverside",28,girl,0.18,0,0.37,33.67,0,NA,0,0,27.57
746,10,"Southport",36,girl,-0.19,0,0.28,24.09,0,NA,1,1,28.16
747,10,"Southport",36,girl,-0.4,0,0.28,26.82,0,NA,0,0,31.03
748,9,"Greenmeadow",32,boy,-1.22,0,0.78,17.25,0,NA,0,0,13.87
749,5,"Westbank",15,girl,1.69,0,0.67,27.35,0,NA,0,0,26.33
750,1,"Northgate",3,boy,-0.92,0,0.49,24.79,0,NA,1,0,28.82
751,10,"Southport",35,girl,1.06,0,0.41,23.23,0,NA,0,0,27.22
752,8,"Riverside",28,boy,0.79,0,0.55,17.09,0,NA,0,0,22.3
753,9,"Greenmeadow",32,girl,1.84,0,0.92,9.42,0,NA,0,0,6
754,8,"Riverside",29,girl,0.06,1,0.56,31.95,0,NA,0,0,27.28
755,6,"Old Town",18,girl,1.01,0,0.3,37.22,1,36.35,0,0,37.2
756,7,"Station",22,boy,-0.81,1,0.37,28.45,0,NA,1,1,35.43
757,6,"Old Town",19,boy,0.55,0,0.07,30.33,0,NA,0,0,40.98
758,10,"Southport",34,boy,0.87,1,0.25,26.32,0,NA,0,0,25.58
759,4,"Eastfield",12,boy,-0.84,0,0.46,28.37,0,NA,0,0,28.02
760,1,"Northgate",1,girl,0.92,0,0.43,13.04,0,NA,0,0,21.02
761,1,"Northgate",3,boy,-0.92,0,0.58,34.05,0,NA,0,0,32.19
762,3,"Millbrook",10,girl,0.39,0,0.29,39.46,0,NA,0,0,29.65
763,3,"Millbrook",8,boy,-0.57,0,0.37,25.63,0,NA,0,0,29.33
764,9,"Greenmeadow",31,boy,0.55,0,0.92,11.28,0,NA,0,0,13.52
765,1,"Northgate",2,boy,0.16,0,0.58,30.2,0,NA,0,0,23.17
766,7,"Station",25,boy,-0.58,1,0.08,39.45,0,NA,0,0,38.19
767,10,"Southport",34,boy,-0.21,0,0.06,48.21,0,NA,0,0,41.46
768,6,"Old Town",17,boy,-0.39,0,0.32,31.5,0,NA,0,0,35.16
769,2,"Hillcrest",6,boy,-0.29,0,0.75,18.94,0,NA,0,0,16.57
770,5,"Westbank",14,boy,-1.6,1,0.35,37.44,1,28.71,0,1,31.08
771,1,"Northgate",2,boy,0.72,1,0.56,23.2,0,NA,0,0,21.16
772,6,"Old Town",18,boy,0.31,0,0.22,47.6,0,NA,0,0,48.74
773,5,"Westbank",15,boy,0.03,0,0.43,24.82,0,NA,0,0,23.9
774,3,"Millbrook",10,girl,-0.07,0,0.47,19.79,0,NA,0,0,25.89
775,6,"Old Town",19,boy,-0.27,1,0.2,37.44,0,NA,0,0,40.38
776,6,"Old Town",18,girl,0.12,0,0.23,35.51,1,39.87,0,0,40.6
777,11,"Lakeside",38,boy,-0.24,0,0.84,11.21,0,NA,0,0,16.9
778,6,"Old Town",17,boy,-0.82,0,0.18,36.09,0,NA,0,0,35.44
779,7,"Station",24,girl,-0.73,0,0.35,25.86,0,NA,0,0,32.33
780,2,"Hillcrest",6,girl,1.2,0,0.73,4,0,NA,0,0,8.04
781,10,"Southport",35,girl,-0.22,0,0.33,30.37,1,27.49,0,0,28.67
782,4,"Eastfield",12,girl,-0.86,0,0.49,19.94,0,NA,0,0,23.8
783,6,"Old Town",19,boy,0.56,0,0.04,46.83,0,NA,0,0,49.6
784,7,"Station",22,boy,-0.17,0,0.19,31.42,0,NA,0,0,39.29
785,2,"Hillcrest",6,boy,0.54,0,0.6,14.44,0,NA,1,0,18.88
786,1,"Northgate",2,girl,-0.31,0,0.87,17.17,0,NA,0,0,21.17
787,6,"Old Town",20,boy,-0.42,0,0.24,39.85,1,42.34,0,0,41.13
788,6,"Old Town",20,boy,0.41,0,0.16,44.67,0,NA,0,0,41.36
789,3,"Millbrook",9,girl,-0.41,0,0.51,27.62,0,NA,1,1,24.31
790,2,"Hillcrest",4,girl,0.4,0,0.63,16.63,0,NA,0,0,17.12
791,8,"Riverside",27,boy,-1.15,0,0.32,30.66,0,NA,0,0,26.89
792,6,"Old Town",19,girl,-1.19,0,0.04,52.13,0,NA,0,0,45
793,6,"Old Town",17,girl,0.07,0,0.26,33.45,0,NA,0,0,38.28
794,9,"Greenmeadow",32,girl,0.29,0,0.84,10.66,0,NA,0,0,8.09
795,6,"Old Town",17,girl,-0.52,1,0,46.2,0,NA,0,1,46.46
796,2,"Hillcrest",6,girl,-0.87,0,0.53,22.15,0,NA,0,0,20.97
797,6,"Old Town",17,boy,-0.33,1,0.07,41.03,0,NA,1,1,45.76
798,7,"Station",26,boy,-0.25,1,0.14,36.66,0,NA,1,0,45.32
799,10,"Southport",35,girl,-1.82,0,0.32,40.48,0,NA,1,1,39.01
800,9,"Greenmeadow",31,girl,-0.31,0,1,20.88,0,NA,0,0,15.09
801,9,"Greenmeadow",32,boy,-0.46,1,0.65,15.1,0,NA,0,0,18.29
802,5,"Westbank",15,girl,1,0,0.3,18.01,0,NA,0,0,22.28
803,9,"Greenmeadow",30,girl,0.91,0,1,6.81,0,NA,0,0,6
804,1,"Northgate",2,boy,-0.07,0,0.42,27.23,0,NA,0,0,24.48
805,1,"Northgate",2,boy,-0.1,1,0.47,26.64,0,NA,0,0,25.84
806,5,"Westbank",15,boy,0.57,0,0.63,31.45,0,NA,0,0,22.29
807,3,"Millbrook",9,girl,0.84,0,0.18,25.27,0,NA,0,0,25.8
808,12,"Harbour",40,girl,-0.22,0,0.4,42.19,0,NA,0,0,39.29
809,5,"Westbank",13,boy,1.23,0,0.49,28.43,0,NA,0,0,31.05
810,6,"Old Town",17,boy,0.12,0,0,55.86,0,NA,0,0,44.22
811,1,"Northgate",2,boy,-0.94,1,0.53,27.41,0,NA,1,0,25.09
812,5,"Westbank",16,boy,-0.31,0,0.67,24.86,0,NA,0,0,27.47
813,6,"Old Town",18,boy,-0.48,1,0.09,28.33,1,29.46,0,0,29.73
814,3,"Millbrook",10,boy,0.93,0,0.29,33.13,0,NA,0,0,32.42
815,10,"Southport",34,boy,0.01,1,0.2,35.44,0,NA,1,1,34.59
816,9,"Greenmeadow",32,boy,1.92,0,1,4,0,NA,0,0,6
817,10,"Southport",33,boy,-1.35,0,0.28,26.59,0,NA,0,0,32.14
818,8,"Riverside",28,boy,1.51,0,0.53,13.5,0,NA,1,0,16.89
819,10,"Southport",36,girl,0.12,0,0.24,33.24,0,NA,0,0,28.81
820,2,"Hillcrest",4,girl,-0.28,0,0.57,25.59,0,NA,0,0,21.87
821,10,"Southport",35,girl,-1.96,0,0.05,48.39,0,NA,0,0,46.08
822,5,"Westbank",16,boy,0.45,0,0.62,17.02,0,NA,0,0,22.6
823,1,"Northgate",2,boy,0.17,0,0.53,35.41,0,NA,0,0,26.45
824,10,"Southport",35,boy,-0.18,0,0.35,22.63,0,NA,0,0,28.76
825,6,"Old Town",19,boy,-0.21,0,0.32,48.7,0,NA,1,1,47.71
826,8,"Riverside",27,boy,-0.34,1,0.6,25.76,0,NA,0,0,26.4
827,4,"Eastfield",12,girl,-1.62,1,0.34,24.67,0,NA,1,1,24.69
828,2,"Hillcrest",6,girl,-1.69,1,0.88,20.26,0,NA,0,0,16.96
829,3,"Millbrook",9,boy,-1.39,1,0.41,30.86,0,NA,0,0,30.55
830,10,"Southport",33,girl,-0.93,1,0.07,35.96,0,NA,0,0,36.92
831,4,"Eastfield",11,boy,-0.05,0,0.37,25.61,0,NA,0,1,22.38
832,1,"Northgate",3,girl,0.12,0,0.49,24.26,0,NA,0,0,23.01
833,1,"Northgate",3,boy,1.19,0,0.45,12.22,0,NA,0,0,18.4
834,1,"Northgate",1,girl,0.56,0,0.65,6.82,1,18.53,0,0,19.51
835,10,"Southport",34,girl,-0.03,0,0.32,25.41,0,NA,1,1,27.1
836,7,"Station",25,girl,-0.05,0,0.27,32.33,0,NA,0,0,32.88
837,7,"Station",24,boy,0.98,0,0.33,42.73,0,NA,0,0,39.9
838,12,"Harbour",40,boy,-0.22,1,0.14,44.08,0,NA,0,0,34.92
839,11,"Lakeside",37,girl,0.59,0,0.79,30.64,0,NA,0,0,20.6
840,4,"Eastfield",11,girl,-0.82,0,0.52,33.61,0,NA,0,0,32.59
841,1,"Northgate",2,boy,0.02,1,0.38,14.73,0,NA,0,0,23.33
842,3,"Millbrook",7,boy,0.24,1,0.35,25.21,0,NA,1,1,27.11
843,6,"Old Town",17,girl,0.29,0,0.27,37.44,0,NA,0,0,40.15
844,5,"Westbank",14,boy,0.44,0,0.57,23.01,0,NA,0,0,28.49
845,9,"Greenmeadow",30,girl,0.58,0,0.88,7.49,0,NA,0,0,8.95
846,3,"Millbrook",10,boy,-0.03,1,0.44,30.46,0,NA,0,1,25.75
847,2,"Hillcrest",4,boy,0.76,0,0.59,33.19,0,NA,0,0,18.76
848,10,"Southport",33,girl,0.4,0,0.22,36.53,1,34.26,1,1,35.07
849,2,"Hillcrest",5,boy,-0.59,0,0.8,22.7,0,NA,0,0,20.1
850,3,"Millbrook",9,girl,0.41,0,0.35,23.77,0,NA,0,0,21.83
851,1,"Northgate",2,girl,0.38,1,0.53,22.81,0,NA,0,0,20.9
852,11,"Lakeside",38,boy,0.31,0,0.76,18.73,0,NA,0,0,13.37
853,1,"Northgate",1,girl,1.03,0,0.62,16.69,0,NA,0,0,20.81
854,5,"Westbank",13,boy,0.87,0,0.62,28.18,0,NA,1,1,23.39
855,1,"Northgate",2,boy,0.38,0,0.73,28.02,0,NA,0,0,20.37
856,6,"Old Town",17,girl,1.2,0,0.03,49.53,0,NA,0,0,38.99
857,1,"Northgate",2,boy,-0.51,0,0.56,29.81,0,NA,0,0,25.5
858,7,"Station",22,boy,-0.54,1,0.22,38.89,0,NA,0,0,41.67
859,1,"Northgate",3,boy,0.12,0,0.61,15.85,0,NA,0,0,22.49
860,8,"Riverside",28,girl,0.03,0,0.42,17.65,0,NA,1,1,18.79
861,6,"Old Town",20,boy,1.18,0,0,44.88,1,41.02,0,0,40.01
862,3,"Millbrook",8,girl,1.81,1,0.3,22.85,0,NA,0,0,20.96
863,7,"Station",26,boy,0.1,0,0.29,45.97,0,NA,0,0,41.61
864,9,"Greenmeadow",32,boy,0.25,0,0.77,13.68,0,NA,1,0,13.77
865,1,"Northgate",1,girl,0.22,0,0.49,24,0,NA,0,1,25.39
866,1,"Northgate",1,boy,0.1,0,0.69,28.9,0,NA,0,0,23.72
867,8,"Riverside",29,girl,-0.16,1,0.34,21.48,0,NA,0,0,20.3
868,8,"Riverside",27,boy,-0.39,0,0.53,19.98,0,NA,0,0,22.1
869,11,"Lakeside",37,girl,0.87,0,0.62,12.49,0,NA,0,0,10.81
870,3,"Millbrook",10,boy,-0.44,0,0.35,32.74,0,NA,0,0,29.21
871,8,"Riverside",27,boy,-0.12,0,0.63,15.37,0,NA,0,0,20.96
872,8,"Riverside",29,boy,-0.02,0,0.74,16.72,0,NA,0,0,22.22
873,3,"Millbrook",10,boy,-0.57,0,0.61,20.55,1,25.55,1,0,24.05
874,12,"Harbour",40,boy,0.08,0,0.39,36.02,0,NA,0,0,34
875,8,"Riverside",28,girl,0.46,0,0.82,28.21,0,NA,1,1,20.41
876,12,"Harbour",39,boy,-0.54,0,0.29,30.82,0,NA,0,0,30.5
877,3,"Millbrook",8,boy,0.84,0,0.35,19.46,0,NA,1,1,19.3
878,8,"Riverside",27,girl,1.02,1,0.52,23.21,0,NA,0,0,17.58
879,9,"Greenmeadow",32,boy,1.05,0,1,8.29,1,4.64,0,0,6
880,6,"Old Town",20,girl,1.45,0,0.26,50.29,0,NA,0,0,45.26
881,3,"Millbrook",9,girl,0.04,0,0.51,17.06,0,NA,0,0,24.77
882,6,"Old Town",17,girl,-0.18,0,0.12,42.25,0,NA,0,0,41.59
883,2,"Hillcrest",5,girl,-1.21,1,0.47,14.6,1,12.34,0,0,13.95
884,7,"Station",25,girl,-1.87,0,0.21,37.35,0,NA,0,0,38.55
885,11,"Lakeside",38,girl,0.04,0,0.61,16.73,0,NA,0,0,20.78
886,10,"Southport",34,girl,1.14,0,0.28,35.3,0,NA,0,0,35.21
887,12,"Harbour",39,boy,-0.62,0,0.24,37.79,0,NA,0,0,31.58
888,2,"Hillcrest",6,girl,-0.09,0,0.65,12.91,0,NA,1,0,8.83
889,2,"Hillcrest",4,boy,1.39,1,0.65,6.55,0,NA,0,0,15.69
890,4,"Eastfield",11,boy,0.2,0,0.31,25.17,0,NA,0,0,30.85
891,4,"Eastfield",12,girl,0.25,0,0.29,33.02,0,NA,0,0,28.44
892,1,"Northgate",1,boy,0.24,0,0.71,4,0,NA,0,0,18.11
893,9,"Greenmeadow",32,girl,0.65,0,0.83,10.77,0,NA,1,0,11.48
894,7,"Station",23,boy,0.14,0,0.11,30.32,0,NA,0,0,38.95
895,9,"Greenmeadow",31,boy,2.27,0,0.8,8.82,0,NA,0,0,16.12
896,8,"Riverside",28,girl,0.34,0,0.63,16.81,0,NA,0,0,16.02
897,2,"Hillcrest",4,girl,0.57,0,0.62,4.12,0,NA,0,0,13.33
898,3,"Millbrook",7,girl,-0.14,0,0.14,27.68,0,NA,0,0,29.57
899,2,"Hillcrest",5,boy,0.55,0,0.53,18.82,0,NA,0,0,23.12
900,7,"Station",24,boy,-0.8,0,0.32,51.14,0,NA,0,0,46.87
901,7,"Station",25,boy,-1.12,0,0.02,36.69,0,NA,1,1,43.5
902,10,"Southport",33,girl,-1.08,1,0.1,35.2,0,NA,1,0,34.55
903,10,"Southport",34,girl,-0.65,0,0.27,42.17,0,NA,0,0,42.11
904,2,"Hillcrest",6,girl,-0.37,0,0.8,12.2,0,NA,1,0,20.15
905,1,"Northgate",1,boy,0.58,1,0.6,11.86,0,NA,0,0,20.57
906,1,"Northgate",2,boy,0.41,0,0.38,29.92,0,NA,0,0,31.21
907,3,"Millbrook",8,girl,0.76,1,0.5,40.49,0,NA,0,0,32.28
908,12,"Harbour",39,girl,-0.11,0,0.34,38.79,0,NA,0,0,35.45
909,10,"Southport",33,girl,-0.74,1,0.24,38.34,0,NA,0,0,38.3
910,6,"Old Town",20,boy,-0.37,1,0.09,50.99,0,NA,0,0,47.79
911,10,"Southport",36,boy,-1.31,0,0.15,33.67,0,NA,0,0,33.47
912,7,"Station",22,boy,0.5,0,0.17,35.6,0,NA,0,0,37.73
913,6,"Old Town",21,girl,1.32,0,0.17,40.98,0,NA,1,0,40.81
914,12,"Harbour",40,girl,0.97,0,0.36,32.61,0,NA,1,0,32.88
915,12,"Harbour",39,girl,-0.2,0,0.19,27.12,0,NA,1,1,33.02
916,2,"Hillcrest",4,boy,1.34,0,0.67,14.54,1,18.39,0,0,17.01
917,6,"Old Town",21,boy,0.89,0,0.18,29.27,0,NA,0,0,35.36
918,7,"Station",25,girl,-1.09,0,0.3,47.39,0,NA,0,0,40.21
919,4,"Eastfield",12,girl,-0.33,0,0.41,31.41,0,NA,0,0,29.22
920,6,"Old Town",19,girl,-1,0,0.12,53.61,0,NA,0,0,47.02
921,5,"Westbank",13,boy,0.96,0,0.43,34.66,0,NA,1,0,27.47
922,6,"Old Town",20,boy,0.36,1,0.07,46.77,0,NA,0,0,44.4
923,9,"Greenmeadow",30,boy,0.1,0,0.76,30.15,0,NA,0,0,22.43
924,12,"Harbour",40,boy,0.1,0,0.21,29.81,0,NA,0,0,34.36
925,3,"Millbrook",9,boy,-0.83,0,0.34,25.09,1,24.81,0,0,23.25
926,6,"Old Town",20,girl,-0.43,0,0.21,42.59,0,NA,0,0,42.47
927,7,"Station",26,boy,-0.16,0,0,49.01,0,NA,0,0,40.45
928,12,"Harbour",39,girl,0.48,1,0.36,25.51,0,NA,0,0,32.52
929,8,"Riverside",28,girl,0.85,0,0.58,18.12,0,NA,0,0,19.12
930,7,"Station",24,girl,-0.01,0,0.06,30.19,0,NA,0,0,39.88
931,8,"Riverside",29,boy,0.03,0,0.54,23.01,0,NA,0,1,25.13
932,1,"Northgate",3,boy,0.55,1,0.4,28.3,0,NA,0,0,19.46
933,6,"Old Town",17,boy,-1.22,1,0.37,35.75,0,NA,0,1,41.6
934,7,"Station",25,girl,-0.53,0,0.2,37.47,0,NA,0,0,33.42
935,6,"Old Town",17,girl,-0.95,0,0,41.39,0,NA,1,0,48.56
936,9,"Greenmeadow",31,girl,0.59,0,0.98,10.88,0,NA,0,0,11.54
937,7,"Station",24,girl,-1.51,1,0.21,44.96,0,NA,0,0,45.38
938,5,"Westbank",13,boy,-0.2,0,0.41,35.3,0,NA,1,1,31.42
939,11,"Lakeside",37,girl,0.25,0,0.73,10.5,0,NA,0,0,10.17
940,3,"Millbrook",10,girl,-0.37,1,0.33,20.7,0,NA,0,0,27.84
941,1,"Northgate",2,boy,-1.21,1,0.59,21.51,0,NA,1,1,23.37
942,9,"Greenmeadow",30,boy,-0.9,0,0.93,16.39,0,NA,0,0,16.11
943,2,"Hillcrest",5,girl,0.25,0,0.68,16.74,0,NA,0,0,11.63
944,6,"Old Town",19,boy,1.15,1,0.12,37.6,1,40.64,0,0,41.35
945,12,"Harbour",40,boy,0.41,0,0.32,38.59,0,NA,0,0,32.73
946,4,"Eastfield",12,girl,-1.49,0,0.3,31.08,0,NA,1,1,31.05
947,5,"Westbank",16,boy,1.31,1,0.66,27.8,0,NA,0,0,26.74
948,5,"Westbank",15,girl,-0.08,1,0.56,17.03,0,NA,0,0,20.8
949,6,"Old Town",20,girl,-0.4,0,0.25,36.11,0,NA,0,0,36.79
950,1,"Northgate",3,boy,-1.12,1,0.45,21.73,0,NA,0,0,21.95
951,8,"Riverside",27,boy,-0.89,1,0.58,22.03,0,NA,1,1,28.47
952,6,"Old Town",17,boy,0.12,1,0.14,41.87,0,NA,0,0,36.91
953,4,"Eastfield",12,boy,-0.29,0,0.45,35.47,0,NA,0,0,28.79
954,9,"Greenmeadow",30,girl,-1.44,1,0.9,12.99,0,NA,0,0,8.76
955,1,"Northgate",2,boy,1.04,0,0.58,18.94,0,NA,1,1,17.25
956,5,"Westbank",13,boy,0.31,0,0.55,23.27,0,NA,0,0,21.58
957,7,"Station",24,girl,0.52,0,0.1,42.34,0,NA,0,0,36.98
958,1,"Northgate",2,girl,-0.01,0,0.46,24.12,0,NA,0,0,27.84
959,10,"Southport",35,girl,-0.41,1,0.27,33.7,0,NA,1,1,37.53
960,5,"Westbank",15,boy,1.97,0,0.29,36.35,0,NA,0,0,30.49
961,6,"Old Town",19,girl,-0.47,0,0.23,39.54,0,NA,0,0,42.07
962,2,"Hillcrest",4,boy,-0.09,0,0.65,19.6,0,NA,0,0,20.72
963,5,"Westbank",16,boy,1.72,0,0.63,23.31,0,NA,0,0,29.18
964,6,"Old Town",18,girl,-1.27,0,0.13,40.38,0,NA,0,0,43.49
965,6,"Old Town",20,girl,-0.47,0,0.34,39.47,0,NA,1,1,39.3
966,9,"Greenmeadow",32,girl,-0.27,0,0.86,16.99,0,NA,0,0,19.15
967,5,"Westbank",16,girl,1.74,0,0.61,17.81,0,NA,0,0,21.06
968,12,"Harbour",40,girl,-0.37,0,0.2,36.04,0,NA,0,0,32.68
969,5,"Westbank",14,boy,0.54,0,0.33,31.16,0,NA,1,0,29.14
970,8,"Riverside",28,girl,1.85,0,0.67,15.78,0,NA,0,0,14.27
971,7,"Station",23,girl,-0.37,0,0.21,59.27,0,NA,0,0,49.25
972,6,"Old Town",19,boy,-0.52,1,0.18,39.22,1,35.63,0,0,38.73
973,2,"Hillcrest",5,boy,0.53,1,0.79,10.49,0,NA,0,0,12.6
974,6,"Old Town",17,boy,1.14,0,0.04,37.44,0,NA,0,0,36.66
975,3,"Millbrook",10,girl,-0.92,0,0.53,26.64,0,NA,0,0,24.49
976,9,"Greenmeadow",32,boy,0.59,0,0.99,8.32,0,NA,0,0,15.38
977,11,"Lakeside",38,girl,0.13,0,0.73,21.79,0,NA,0,0,16.79
978,10,"Southport",35,girl,1.07,0,0.33,47.74,0,NA,1,0,40.8
979,3,"Millbrook",8,girl,-0.73,1,0.59,28.06,1,24.18,0,0,24.92
980,2,"Hillcrest",5,boy,-2.06,1,0.69,20.08,0,NA,0,0,18.62
981,10,"Southport",33,girl,0.55,0,0.24,29.47,0,NA,1,0,27.7
982,7,"Station",23,boy,-0.6,1,0.1,32.18,0,NA,0,0,41.34
983,8,"Riverside",29,boy,-0.41,0,0.6,20.51,0,NA,0,0,17.94
984,10,"Southport",35,girl,0.01,0,0.23,28.55,0,NA,0,0,33.29
985,1,"Northgate",2,girl,0.83,0,0.55,21.1,0,NA,0,0,20.72
986,6,"Old Town",17,boy,-0.17,0,0.07,54.69,0,NA,1,1,48.74
987,12,"Harbour",39,girl,-1.04,0,0.61,40.67,0,NA,0,0,35.57
988,3,"Millbrook",8,girl,0.35,0,0.52,24.82,0,NA,0,0,28.02
989,2,"Hillcrest",5,boy,0.17,0,0.43,7.86,0,NA,0,0,11.82
990,1,"Northgate",3,boy,0.88,0,0.62,11.53,0,NA,0,0,16.89
991,1,"Northgate",3,boy,-0.4,0,0.56,24.8,0,NA,0,0,24.8
992,4,"Eastfield",12,girl,-0.9,0,0.33,18.39,1,23.37,0,0,23.42
993,3,"Millbrook",10,boy,-0.78,1,0.5,30.13,0,NA,0,0,32.6
994,12,"Harbour",39,boy,-0.81,0,0.33,30.61,0,NA,0,0,31.37
995,7,"Station",26,boy,-0.86,0,0.18,47.82,0,NA,0,0,41.57
996,6,"Old Town",18,boy,0.06,0,0.27,40.2,0,NA,1,0,38.58
997,12,"Harbour",40,girl,-0.85,1,0.11,47.99,0,NA,0,0,43.44
998,6,"Old Town",17,boy,0.52,0,0,45.46,0,NA,0,0,45.16
999,6,"Old Town",18,girl,-1.87,0,0.31,43.06,0,NA,0,0,42.88
1000,11,"Lakeside",37,girl,0.16,1,0.69,4,0,NA,0,0,6
1001,2,"Hillcrest",4,girl,0.19,0,0.82,23.12,0,NA,0,0,11.39
1002,5,"Westbank",14,girl,0.67,0,0.64,40.9,0,NA,1,1,31.69
1003,5,"Westbank",15,boy,0.85,1,0.48,35.22,0,NA,1,1,30.76
1004,6,"Old Town",20,boy,-0.24,0,0.19,33.42,0,NA,0,0,38.76
1005,7,"Station",26,girl,0.96,0,0.14,52.49,0,NA,1,1,42.71
1006,6,"Old Town",21,boy,1.03,0,0,47.07,0,NA,1,0,46.29
1007,4,"Eastfield",11,boy,0.03,0,0.2,26.08,1,28.32,0,0,27.62
1008,4,"Eastfield",11,girl,-1.38,0,0.26,27.53,0,NA,0,0,31.14
1009,11,"Lakeside",38,girl,0.15,0,0.72,22.8,0,NA,0,0,19.69
1010,4,"Eastfield",12,boy,-1.01,0,0.22,27.34,0,NA,1,0,29.35
1011,5,"Westbank",16,girl,1.82,0,0.37,25.77,0,NA,1,1,25.63
1012,7,"Station",26,boy,-1.83,1,0.05,52.73,0,NA,0,0,45.51
1013,7,"Station",26,girl,-0.84,0,0,44.35,0,NA,0,0,38.69
1014,8,"Riverside",29,boy,-0.02,0,0.48,27.61,0,NA,0,0,23.55
1015,4,"Eastfield",12,girl,-0.57,0,0.28,24.28,0,NA,0,0,25.72
1016,5,"Westbank",14,boy,-0.1,0,0.37,22.46,0,NA,0,0,24.52
1017,5,"Westbank",15,girl,-1.04,0,0.39,28.05,0,NA,0,0,27.39
1018,2,"Hillcrest",5,girl,1.79,0,0.79,17.1,0,NA,0,0,18.98
1019,5,"Westbank",16,boy,-1.67,1,0.42,46.32,0,NA,0,0,37.32
1020,3,"Millbrook",8,girl,0.1,1,0.35,34.71,0,NA,1,0,29.81
1021,3,"Millbrook",10,girl,0.45,0,0.13,26.22,0,NA,0,0,27.34
1022,7,"Station",25,boy,-0.54,1,0.22,36.9,0,NA,0,0,34.25
1023,10,"Southport",34,boy,-1.03,0,0.34,34.03,0,NA,0,0,32.15
1024,9,"Greenmeadow",30,girl,1.12,0,1,19.89,0,NA,0,0,12.85
1025,3,"Millbrook",10,girl,-0.08,1,0.44,31.67,0,NA,0,1,26.31
1026,2,"Hillcrest",4,boy,0.43,0,0.78,15.97,0,NA,0,1,17.03
1027,6,"Old Town",21,girl,-0.99,1,0.14,38.85,0,NA,0,0,42.36
1028,10,"Southport",33,boy,-0.56,1,0.32,17.84,0,NA,0,0,27.82
1029,2,"Hillcrest",4,boy,1.51,0,0.79,4.67,0,NA,0,0,15.2
1030,5,"Westbank",16,boy,0.89,0,0.6,17.32,0,NA,1,1,19.43
1031,5,"Westbank",16,boy,-0.28,1,0.46,25.08,0,NA,0,0,27.88
1032,9,"Greenmeadow",30,girl,0.19,0,0.76,21.92,0,NA,0,0,15.33
1033,6,"Old Town",21,girl,-0.5,0,0.26,46.46,0,NA,0,0,44.73
1034,2,"Hillcrest",5,boy,-0.86,0,0.61,21.43,0,NA,1,0,19.17
1035,6,"Old Town",20,boy,0.8,0,0.02,31.86,0,NA,0,0,38.06
1036,9,"Greenmeadow",30,girl,1.27,0,1,4,0,NA,0,0,7.26
1037,7,"Station",23,girl,0.36,0,0.18,38.7,0,NA,0,0,33.94
1038,12,"Harbour",39,girl,-1.06,1,0.2,37.03,0,NA,0,0,36.01
1039,10,"Southport",36,girl,-1.39,0,0.39,29.73,0,NA,0,0,30.29
1040,6,"Old Town",20,boy,0.87,0,0.01,47.11,0,NA,0,0,41.44
1041,8,"Riverside",27,girl,0.48,0,0.56,11.39,0,NA,0,0,13.94
1042,1,"Northgate",1,girl,-1.08,0,0.48,23.73,0,NA,1,0,23.45
1043,4,"Eastfield",12,girl,0.49,0,0.44,13.78,0,NA,0,0,20.31
1044,8,"Riverside",29,girl,-0.61,1,0.88,13.72,0,NA,0,0,20.69
1045,6,"Old Town",21,girl,1.38,0,0.02,27.48,0,NA,0,0,36.08
1046,3,"Millbrook",9,girl,-0.27,0,0.56,22.92,0,NA,0,1,24.71
1047,10,"Southport",34,boy,0.17,0,0.37,30.24,0,NA,0,0,37.74
1048,3,"Millbrook",9,girl,0.17,0,0.52,36.86,0,NA,0,0,29.36
1049,1,"Northgate",1,girl,1.19,0,0.77,20.56,0,NA,0,0,22.79
1050,8,"Riverside",29,boy,-0.61,0,0.48,26.58,0,NA,0,0,25.26
1051,11,"Lakeside",37,girl,-0.25,0,0.79,11.51,0,NA,1,0,10.04
1052,8,"Riverside",28,boy,0.44,0,0.49,18.49,0,NA,0,0,19.8
1053,10,"Southport",33,girl,-0.82,1,0.54,37.5,0,NA,0,0,32.73
1054,8,"Riverside",29,boy,0.08,0,0.53,26.08,0,NA,0,0,24.27
1055,6,"Old Town",20,boy,-0.89,0,0.02,42.83,0,NA,1,1,46
1056,6,"Old Town",20,girl,-0.07,0,0.08,40.56,0,NA,1,0,47.51
1057,5,"Westbank",13,boy,-1.69,0,0.56,25.12,0,NA,0,0,25.77
1058,12,"Harbour",40,boy,0.02,0,0.27,42.2,0,NA,0,0,39.54
1059,7,"Station",25,boy,-1.46,0,0.22,31.02,0,NA,1,1,35.87
1060,4,"Eastfield",12,girl,-1.38,1,0.23,29.3,1,38.1,0,0,36.86
1061,5,"Westbank",16,girl,0.15,1,0.31,28.63,0,NA,0,0,28.43
1062,3,"Millbrook",9,girl,-0.32,0,0.35,26.4,0,NA,0,0,22.38
1063,2,"Hillcrest",4,girl,0.65,0,0.6,18.1,0,NA,1,0,11.4
1064,12,"Harbour",39,girl,0.24,0,0.33,44.73,0,NA,0,0,39.51
1065,9,"Greenmeadow",30,boy,0.64,0,1,4,0,NA,0,0,9.32
1066,4,"Eastfield",12,girl,0.5,0,0.4,17.23,0,NA,0,0,20.54
1067,7,"Station",23,boy,-0.98,0,0.17,43.99,0,NA,0,0,46.71
1068,6,"Old Town",17,boy,-1.34,0,0.31,37.79,1,46.66,0,0,43.93
1069,5,"Westbank",15,girl,0.44,0,0.63,33.7,0,NA,1,0,30.86
1070,5,"Westbank",13,boy,1.58,0,0.55,32.37,0,NA,0,0,22.61
1071,7,"Station",22,boy,-0.17,1,0.2,49.05,0,NA,0,0,39.22
1072,7,"Station",25,boy,-0.07,1,0.31,27.61,0,NA,0,0,37.24
1073,7,"Station",23,boy,-1.44,0,0.11,43.62,0,NA,0,0,47.51
1074,7,"Station",23,girl,-0.72,1,0.2,35.81,0,NA,0,0,41.93
1075,2,"Hillcrest",4,boy,0.64,0,0.68,15.18,0,NA,1,0,15.31
1076,6,"Old Town",18,boy,0.93,0,0.21,42.91,0,NA,0,0,42.59
1077,10,"Southport",36,boy,-1.45,0,0.37,34.97,1,32.67,0,0,34.9
1078,6,"Old Town",20,boy,-1.42,0,0,52.28,0,NA,1,1,46.7
1079,2,"Hillcrest",4,boy,1.9,0,0.65,25.45,0,NA,0,0,20.74
1080,12,"Harbour",40,girl,0.6,1,0.35,40.6,1,36.97,0,0,37.37
1081,6,"Old Town",19,boy,0.16,0,0.05,46.91,0,NA,0,0,44.21
1082,11,"Lakeside",37,boy,0.07,0,0.69,20.66,0,NA,1,1,13.99
1083,10,"Southport",34,girl,0.3,0,0.34,8.98,0,NA,0,0,24.72
1084,2,"Hillcrest",5,girl,0.33,0,0.66,15.92,0,NA,0,0,17.45
1085,10,"Southport",34,boy,1.31,0,0.21,22.91,0,NA,0,0,24.01
1086,8,"Riverside",27,boy,-0.86,1,0.55,15.63,0,NA,0,0,20.71
1087,8,"Riverside",27,boy,-1.44,1,0.71,6.92,0,NA,1,1,15
1088,2,"Hillcrest",5,girl,0.67,0,0.71,10.2,1,13.71,0,0,17.28
1089,1,"Northgate",3,boy,-0.82,1,0.62,23.67,0,NA,0,0,29.43
1090,1,"Northgate",1,boy,1.57,0,0.53,25.27,0,NA,0,0,20.94
1091,10,"Southport",36,boy,-1.33,0,0.26,42.31,0,NA,1,1,34.56
1092,2,"Hillcrest",6,boy,1.43,0,0.5,16.14,1,15.83,0,0,17.42
1093,5,"Westbank",15,girl,1.29,0,0.77,27.89,0,NA,1,0,24.57
1094,6,"Old Town",21,girl,0.63,1,0.04,43.15,0,NA,0,0,40.93
1095,6,"Old Town",19,boy,-1.24,0,0.38,46.33,0,NA,0,0,38.78
1096,3,"Millbrook",8,girl,-1.93,1,0.28,35.52,0,NA,0,0,30.22
1097,7,"Station",23,boy,-0.53,0,0.09,37.96,0,NA,0,0,35.06
1098,5,"Westbank",14,boy,1.65,0,0.14,19.81,0,NA,0,0,27.4
1099,10,"Southport",34,boy,1.52,0,0.3,46.61,0,NA,1,0,38.73
1100,4,"Eastfield",11,girl,0.84,0,0.26,27.44,0,NA,0,0,22.81
1101,6,"Old Town",19,girl,-1.08,1,0.24,37.03,0,NA,0,0,38.24
1102,4,"Eastfield",11,girl,-1.11,0,0.51,33.54,0,NA,0,0,29.14
1103,2,"Hillcrest",6,girl,0.04,0,0.76,18.01,0,NA,0,0,16.9
1104,5,"Westbank",14,girl,0.14,0,0.54,25.23,0,NA,1,1,26.3
1105,5,"Westbank",13,girl,0.67,0,0.41,8.59,0,NA,0,0,23.56
1106,5,"Westbank",16,boy,0.85,0,0.45,32.36,0,NA,0,0,33.93
1107,2,"Hillcrest",5,boy,0.62,0,0.6,11.79,0,NA,0,0,16.26
1108,3,"Millbrook",10,boy,-0.71,1,0.29,31.71,0,NA,0,1,34.42
1109,6,"Old Town",17,boy,-1.07,0,0.24,35.32,0,NA,1,0,41.28
1110,2,"Hillcrest",6,girl,-0.98,1,0.83,24.11,0,NA,0,0,24.84
1111,4,"Eastfield",12,girl,0.27,1,0.48,20.86,1,17.4,0,0,22.59
1112,6,"Old Town",17,boy,-0.92,0,0.07,50.39,0,NA,0,0,43.01
1113,11,"Lakeside",37,girl,0.39,1,0.73,24.7,0,NA,0,0,28.41
1114,4,"Eastfield",11,girl,0.68,0,0.34,27.16,0,NA,1,0,27.44
1115,8,"Riverside",28,boy,0.15,0,0.5,19.87,0,NA,1,0,14.02
1116,10,"Southport",35,girl,0.26,0,0.45,41.67,0,NA,0,0,30.29
1117,12,"Harbour",39,girl,0.85,0,0.16,26.73,0,NA,0,0,35
1118,12,"Harbour",40,boy,-0.73,1,0.08,33.87,0,NA,1,0,36.15
1119,10,"Southport",36,boy,-0.06,0,0.25,32.01,0,NA,0,0,32.4
1120,8,"Riverside",29,boy,-0.16,0,0.82,10.42,0,NA,1,1,15.83
1121,12,"Harbour",40,girl,-1.73,0,0.15,32.94,0,NA,0,0,35.4
1122,4,"Eastfield",12,girl,-1.09,1,0.4,29.25,0,NA,0,0,28.74
1123,5,"Westbank",16,boy,1.04,0,0.35,20.26,0,NA,0,0,22.03
1124,7,"Station",26,boy,-1.21,0,0.4,26.87,0,NA,0,0,36.11
1125,6,"Old Town",17,girl,-1.31,1,0.16,34.74,0,NA,0,0,39.04
1126,5,"Westbank",15,boy,0.56,0,0.44,21.85,0,NA,1,1,24.43
1127,10,"Southport",34,girl,-0.27,0,0.38,37.95,0,NA,0,0,35.41
1128,3,"Millbrook",10,girl,-1.11,0,0.23,36.82,0,NA,0,0,26.66
1129,10,"Southport",33,girl,0.13,0,0.12,31.5,0,NA,0,0,32.53
1130,4,"Eastfield",11,boy,0.3,1,0.39,18.82,0,NA,0,0,21.58
1131,1,"Northgate",1,boy,-0.1,0,0.47,28.04,0,NA,0,0,22.33
1132,6,"Old Town",17,boy,0.45,0,0.12,37.83,0,NA,1,0,38.01
1133,5,"Westbank",16,boy,1.28,1,0.66,32.83,0,NA,0,0,28.95
1134,1,"Northgate",1,boy,-0.41,0,0.71,17.72,0,NA,0,0,20.82
1135,1,"Northgate",1,girl,0.78,0,0.48,28.7,0,NA,0,0,28.3
1136,1,"Northgate",1,girl,0.47,1,0.48,21.94,0,NA,0,0,22.55
1137,10,"Southport",33,girl,-1.07,1,0.25,27.58,0,NA,1,0,25.23
1138,2,"Hillcrest",4,boy,-0.15,1,0.61,18.47,0,NA,1,1,19.93
1139,8,"Riverside",28,girl,-0.02,0,0.4,17.69,0,NA,0,0,14.58
1140,6,"Old Town",19,girl,-0.27,0,0.28,45.72,0,NA,1,0,39.93
1141,7,"Station",25,boy,-1.88,0,0.29,31.95,0,NA,1,1,36.47
1142,2,"Hillcrest",5,boy,1.08,0,0.65,22.48,0,NA,0,0,19.72
1143,1,"Northgate",2,girl,0.68,0,0.66,22.79,0,NA,0,0,19.59
1144,4,"Eastfield",11,boy,0.67,0,0.13,38.51,0,NA,0,0,31.02
1145,9,"Greenmeadow",32,boy,1.02,0,0.98,11.74,0,NA,1,1,6.87
1146,8,"Riverside",28,girl,-1.3,0,0.61,26.69,0,NA,0,0,20.31
1147,4,"Eastfield",12,boy,-0.07,0,0.09,31.8,1,30.7,0,0,30.17
1148,11,"Lakeside",37,boy,-0.91,0,0.86,25.04,0,NA,1,1,19.71
1149,3,"Millbrook",10,girl,-0.02,1,0.51,26.26,0,NA,0,0,20.57
1150,8,"Riverside",29,girl,0.66,0,0.74,23.12,0,NA,0,0,20.75
1151,3,"Millbrook",9,boy,-0.12,0,0.58,25.22,0,NA,1,1,24.15
1152,3,"Millbrook",8,boy,-2.26,0,0.31,26.37,0,NA,0,0,27.05
1153,1,"Northgate",2,boy,-0.12,0,0.49,23.93,0,NA,0,0,17.84
1154,6,"Old Town",17,girl,0.67,1,0.25,48.7,0,NA,0,0,47.09
1155,10,"Southport",35,girl,0.52,0,0.11,33.01,0,NA,1,1,36.93
1156,6,"Old Town",19,girl,-1.69,0,0.15,39.75,0,NA,0,0,43.8
1157,2,"Hillcrest",6,boy,1.65,0,0.84,6.53,0,NA,0,0,12.7
1158,7,"Station",26,boy,-0.39,0,0.1,42.42,0,NA,0,0,42.01
1159,6,"Old Town",17,girl,1.71,0,0.26,44.49,0,NA,1,0,39.71
1160,5,"Westbank",13,boy,-0.32,0,0.53,22.26,0,NA,0,0,23.11
1161,9,"Greenmeadow",31,boy,2.52,0,0.95,10.54,0,NA,0,0,8.48
1162,9,"Greenmeadow",31,girl,1.05,0,0.86,9.56,0,NA,1,0,10.84
1163,4,"Eastfield",12,girl,-0.7,0,0.49,24.17,0,NA,0,0,23.19
1164,6,"Old Town",21,boy,-0.35,0,0.29,38.79,0,NA,1,0,38.59
1165,2,"Hillcrest",5,boy,-0.57,0,0.63,22.65,0,NA,0,0,16.18
1166,11,"Lakeside",38,girl,0.2,0,0.96,4.74,0,NA,0,0,15.22
1167,3,"Millbrook",7,boy,0.95,0,0.3,31.72,0,NA,0,0,27.13
1168,8,"Riverside",28,girl,0.08,0,0.68,17.25,0,NA,0,0,19.2
1169,4,"Eastfield",12,boy,-0.35,0,0.29,29.89,0,NA,1,1,29.55
1170,3,"Millbrook",7,boy,0.13,0,0.44,23.24,0,NA,0,0,20.55
1171,9,"Greenmeadow",32,boy,0.67,0,0.85,10.84,0,NA,0,0,9.19
1172,6,"Old Town",17,girl,0.54,0,0,52.41,0,NA,1,1,47.68
1173,10,"Southport",33,girl,0.89,0,0.27,46.59,1,37.36,0,0,40.06
1174,9,"Greenmeadow",32,boy,0,0,1,15.11,0,NA,0,0,13.19
1175,10,"Southport",35,girl,-1.36,0,0.32,35.63,0,NA,0,0,34.26
1176,5,"Westbank",13,boy,1.29,0,0.14,25.23,0,NA,0,0,23.86
1177,12,"Harbour",40,boy,-0.11,1,0.1,44.42,0,NA,0,0,42.74
1178,9,"Greenmeadow",30,boy,0.42,0,0.72,15.46,0,NA,0,0,6
1179,1,"Northgate",2,girl,-1.26,1,0.7,23.04,0,NA,0,0,19.41
1180,8,"Riverside",27,boy,-2.57,1,0.69,26.09,0,NA,0,0,26.94
1181,2,"Hillcrest",4,boy,0.26,1,0.74,4,1,9.78,0,0,10.95
1182,10,"Southport",34,girl,-1.2,0,0.25,26.95,0,NA,1,0,31.23
1183,11,"Lakeside",37,girl,1.03,0,0.84,20.22,0,NA,0,0,14.86
1184,5,"Westbank",16,girl,0.23,1,0.39,18.26,0,NA,0,0,24.64
1185,4,"Eastfield",11,boy,0.18,0,0.25,33.18,0,NA,0,0,31.74
1186,10,"Southport",33,boy,0.83,0,0.32,31.67,0,NA,0,0,30.38
1187,5,"Westbank",13,boy,-1.71,0,0.45,21.18,0,NA,0,0,23.49
1188,12,"Harbour",39,girl,0.35,0,0.31,38.14,0,NA,0,0,37.96
1189,11,"Lakeside",37,girl,0.82,0,1,4,0,NA,0,0,7.8
1190,7,"Station",23,girl,1.66,1,0,46.33,0,NA,0,0,46.26
1191,1,"Northgate",1,girl,-1.31,0,0.53,16.85,1,19.8,1,0,20.59
1192,7,"Station",23,girl,0.05,1,0.05,50.6,0,NA,0,0,44.55
1193,8,"Riverside",28,boy,-0.05,0,0.67,24.42,0,NA,0,0,18.57
1194,6,"Old Town",20,girl,0.37,0,0.14,36.13,0,NA,1,0,39.57
1195,10,"Southport",34,boy,0.71,0,0.28,35,0,NA,0,0,32.97
1196,12,"Harbour",40,girl,-0.87,0,0.44,43.73,0,NA,0,0,34.82
1197,6,"Old Town",20,girl,-0.46,1,0.38,44.22,1,40.23,0,0,41.79
1198,1,"Northgate",2,girl,-0.73,0,0.78,26.8,0,NA,0,0,20.92
1199,10,"Southport",35,boy,1.51,0,0.13,35.16,0,NA,0,0,37.99
1200,3,"Millbrook",7,girl,-1.36,0,0.55,16.23,0,NA,0,0,27.23
1201,6,"Old Town",20,boy,-1.26,0,0.17,43.8,0,NA,0,1,41.3
1202,11,"Lakeside",38,girl,0.36,1,0.92,19.49,0,NA,0,0,13.49
1203,9,"Greenmeadow",31,boy,1.12,0,0.8,18.24,1,13.85,0,0,11.74
1204,6,"Old Town",18,girl,-1.93,0,0,40.7,0,NA,1,1,45.75
1205,6,"Old Town",19,girl,-0.99,1,0.2,35.11,0,NA,1,1,37.37
1206,4,"Eastfield",12,boy,0.33,0,0.45,29.68,0,NA,0,0,24.59
1207,10,"Southport",34,girl,0.82,1,0.31,35.62,0,NA,0,0,28.81
1208,8,"Riverside",28,girl,1,0,0.74,4,0,NA,0,0,12.58
1209,6,"Old Town",18,girl,-1.11,1,0.02,37.81,0,NA,1,1,43.96
1210,6,"Old Town",20,girl,0.39,1,0.24,44.53,0,NA,0,0,47.54
1211,4,"Eastfield",12,girl,0.7,0,0.4,29.44,0,NA,0,0,22.94
1212,5,"Westbank",16,girl,0.44,0,0.45,32.51,0,NA,0,0,25.45
1213,9,"Greenmeadow",32,girl,-1.01,1,1,4,0,NA,0,0,8.42
1214,2,"Hillcrest",6,boy,1.13,0,0.73,22.24,0,NA,0,0,22.36
1215,3,"Millbrook",9,boy,0.1,1,0.48,29.39,0,NA,0,0,24.23
1216,9,"Greenmeadow",32,boy,0.34,0,0.89,13.43,0,NA,1,0,8.44
1217,3,"Millbrook",7,boy,0.71,0,0.62,20.78,0,NA,1,1,18.83
1218,1,"Northgate",3,girl,-0.01,1,0.53,31.43,0,NA,0,0,24.55
1219,3,"Millbrook",10,girl,-1.3,0,0.49,32.07,0,NA,0,0,25.57
1220,2,"Hillcrest",4,boy,-0.41,0,0.68,27.56,1,23.34,0,0,22.65
1221,1,"Northgate",3,boy,-0.05,0,0.64,23.15,0,NA,1,1,19.99
1222,7,"Station",23,boy,-1.52,0,0.3,35.1,0,NA,0,0,40.61
1223,4,"Eastfield",12,girl,0.12,0,0.37,19.57,0,NA,0,0,18.12
1224,1,"Northgate",1,girl,1.45,0,0.53,19.43,0,NA,0,0,16.95
1225,5,"Westbank",15,girl,-0.3,1,0.62,26.81,0,NA,0,0,25.35
1226,4,"Eastfield",12,boy,-0.67,1,0.17,25.75,0,NA,1,0,25.57
1227,7,"Station",26,boy,-0.61,0,0.25,28.04,0,NA,1,1,35.54
1228,3,"Millbrook",10,boy,-0.36,0,0.35,33.83,0,NA,1,1,34.4
1229,6,"Old Town",21,girl,0.39,1,0.13,34,0,NA,0,0,34.8
1230,3,"Millbrook",7,boy,1.42,0,0.27,27.88,0,NA,0,0,25.57
1231,1,"Northgate",3,girl,-0.82,1,0.29,17.56,0,NA,0,0,24.74
1232,5,"Westbank",16,boy,-0.26,0,0.55,34.99,0,NA,0,0,29.85
1233,5,"Westbank",15,boy,-0.38,0,0.58,21.65,0,NA,0,0,24.56
1234,3,"Millbrook",10,boy,-0.98,1,0.35,35.51,0,NA,0,0,36.39
1235,9,"Greenmeadow",30,boy,-0.27,0,0.91,7.46,0,NA,0,0,8.54
1236,3,"Millbrook",8,boy,0.76,1,0.29,23.35,0,NA,0,0,27.18
1237,12,"Harbour",40,boy,-1.8,1,0.41,41.56,0,NA,1,1,38.06
1238,1,"Northgate",1,girl,-1.69,0,0.61,27.05,0,NA,0,0,24.64
1239,1,"Northgate",1,girl,0.83,1,0.36,17.61,0,NA,0,0,20.04
1240,7,"Station",24,boy,1.33,0,0.33,29.4,0,NA,0,0,38.41
1241,2,"Hillcrest",5,girl,0.15,0,0.97,20.85,0,NA,0,0,22.43
1242,7,"Station",25,boy,-1.19,1,0.27,30.59,0,NA,0,0,35.9
1243,1,"Northgate",3,girl,-0.38,1,0.69,25.64,1,26.73,1,1,22.24
1244,8,"Riverside",29,boy,0.16,0,0.59,11.71,0,NA,0,1,16.12
1245,10,"Southport",35,boy,-1.86,1,0.4,40.38,0,NA,0,0,32.44
1246,2,"Hillcrest",5,girl,1.55,0,0.69,20.2,0,NA,1,1,14.67
1247,9,"Greenmeadow",31,boy,0.78,0,0.81,4,0,NA,1,1,8.58
1248,10,"Southport",34,boy,-0.5,1,0.15,33.09,0,NA,1,0,32.98
1249,6,"Old Town",18,girl,-0.59,1,0.04,38.94,0,NA,0,0,45.09
1250,3,"Millbrook",7,girl,-0.06,0,0.37,29,0,NA,0,0,31.6
1251,7,"Station",25,girl,-1.08,1,0.1,39.5,0,NA,1,1,36.93
1252,5,"Westbank",13,boy,-0.24,0,0.5,30.79,0,NA,0,0,21.94
1253,7,"Station",24,boy,0.62,0,0.41,40.47,0,NA,0,0,33.7
1254,9,"Greenmeadow",32,girl,-0.03,0,0.71,11.18,0,NA,0,0,13.25
1255,4,"Eastfield",11,boy,-0.59,1,0.54,34.22,0,NA,0,0,25.62
1256,6,"Old Town",18,boy,0.57,0,0.09,39.07,0,NA,0,0,44.31
1257,2,"Hillcrest",4,girl,0.61,0,0.76,13.25,0,NA,0,0,14.04
1258,3,"Millbrook",10,boy,-0.18,0,0.38,26.28,0,NA,0,0,28.64
1259,6,"Old Town",19,girl,0.23,1,0.22,37.18,0,NA,0,0,40.79
1260,1,"Northgate",3,boy,-0.11,0,0.72,24.89,0,NA,0,0,31.54
1261,2,"Hillcrest",5,boy,-1.33,1,0.82,12.85,0,NA,0,0,16.39
1262,6,"Old Town",19,girl,-0.29,0,0,46.93,0,NA,0,0,47.13
1263,10,"Southport",36,girl,1.61,0,0.35,24.51,0,NA,0,0,31.84
1264,6,"Old Town",20,girl,1.05,0,0,39.15,0,NA,0,0,44.24
1265,12,"Harbour",39,boy,0.46,0,0,41.43,0,NA,0,0,39.67
1266,7,"Station",23,boy,-1.31,0,0.45,35.22,0,NA,0,0,37.02
1267,1,"Northgate",1,boy,0.82,0,0.49,9.33,0,NA,0,0,18.12
1268,6,"Old Town",20,boy,1.15,0,0.18,27.39,0,NA,0,0,34.19
1269,7,"Station",26,boy,-0.38,0,0.11,39.36,0,NA,0,0,39.49
1270,6,"Old Town",21,girl,0.08,0,0.21,34.83,0,NA,0,0,38.26
1271,1,"Northgate",3,boy,-0.94,0,0.41,16.61,0,NA,0,0,21.09
1272,4,"Eastfield",11,girl,0.34,0,0.39,27.1,0,NA,0,0,23.41
1273,2,"Hillcrest",6,boy,0.39,0,0.68,11.8,0,NA,0,0,15.84
1274,2,"Hillcrest",6,boy,1.32,1,0.4,15.36,0,NA,0,0,12.87
1275,1,"Northgate",3,girl,-0.15,0,0.49,22.31,0,NA,0,0,25.14
1276,3,"Millbrook",8,boy,0.53,0,0.42,27.66,0,NA,0,0,27.02
1277,5,"Westbank",15,boy,0.8,0,0.47,21.51,1,23.5,0,0,23.3
1278,5,"Westbank",14,boy,0.78,0,0.51,22.61,0,NA,1,0,29.49
1279,1,"Northgate",3,girl,1.35,0,0.56,24.81,0,NA,0,0,18.93
1280,1,"Northgate",3,boy,-0.65,0,0.23,28.73,0,NA,1,0,24.54
1281,10,"Southport",34,boy,-0.77,0,0.23,32.12,0,NA,1,1,39.47
1282,1,"Northgate",3,boy,-0.69,1,0.63,28.01,0,NA,0,0,25.7
1283,3,"Millbrook",9,boy,-1.76,0,0.34,24.53,0,NA,0,0,28.07
1284,3,"Millbrook",10,girl,0.35,0,0.57,29.85,0,NA,0,0,29.03
1285,11,"Lakeside",37,girl,1.31,0,0.88,7.12,0,NA,0,0,11.07
1286,6,"Old Town",19,boy,-0.52,0,0,45.85,1,46.49,0,0,46.58
1287,7,"Station",23,girl,-0.07,1,0,42.32,0,NA,0,0,38.44
1288,10,"Southport",36,girl,0.23,0,0.55,22.93,0,NA,0,0,32.74
1289,8,"Riverside",29,boy,-0.36,0,0.64,18.48,0,NA,0,0,22.38
1290,5,"Westbank",14,girl,0.07,0,0.47,22.34,1,29.08,0,0,29.79
1291,7,"Station",22,girl,0.77,1,0.07,38.9,0,NA,0,0,34.74
1292,12,"Harbour",40,girl,0.58,0,0.14,34.04,0,NA,0,0,36.34
1293,10,"Southport",36,girl,-0.82,0,0.33,34.54,0,NA,0,0,37.54
1294,6,"Old Town",19,girl,-0.03,0,0.31,34.63,0,NA,0,0,41.14
1295,2,"Hillcrest",6,boy,0.68,1,0.64,19.92,0,NA,0,1,22.23
1296,8,"Riverside",29,boy,0.67,1,0.72,19.9,0,NA,0,0,19.72
1297,3,"Millbrook",9,boy,0.75,0,0.22,20.57,0,NA,0,0,26.38
1298,9,"Greenmeadow",31,girl,-0.32,0,1,24.62,0,NA,0,0,18.92
1299,3,"Millbrook",10,boy,0.79,0,0.39,13.85,0,NA,0,0,21.55
1300,3,"Millbrook",9,girl,1.02,0,0.41,35.91,0,NA,0,0,27.82
1301,10,"Southport",34,girl,-0.17,0,0.29,36.49,0,NA,0,0,38.76
1302,1,"Northgate",3,girl,1.17,0,0.53,18.32,0,NA,0,0,21.85
1303,6,"Old Town",20,boy,0.48,0,0.14,33.5,0,NA,0,0,36.45
1304,3,"Millbrook",9,girl,0.18,0,0.68,33.62,0,NA,1,0,22.06
1305,6,"Old Town",17,boy,-0.96,0,0.08,38.55,0,NA,1,1,37.7
1306,12,"Harbour",39,boy,-0.91,0,0.25,30.43,0,NA,0,0,35.72
1307,6,"Old Town",18,boy,-0.57,1,0,49.53,0,NA,0,0,41.6
1308,3,"Millbrook",9,boy,0.28,0,0.16,25.48,0,NA,0,0,23.29
1309,12,"Harbour",39,girl,-0.99,0,0.27,22.36,0,NA,0,0,28.94
1310,6,"Old Town",18,boy,0.29,0,0.23,41.83,0,NA,0,1,48.18
1311,10,"Southport",34,boy,0.06,1,0.18,25.57,0,NA,1,1,37.39
1312,6,"Old Town",17,boy,-1.5,1,0.38,38.67,0,NA,0,0,40.42
1313,8,"Riverside",27,boy,0.04,0,0.6,30.77,0,NA,1,0,21.37
1314,6,"Old Town",18,girl,0.65,0,0.15,34.86,0,NA,0,0,34.11
1315,3,"Millbrook",10,girl,0.88,0,0.46,11.91,0,NA,0,0,17.24
1316,5,"Westbank",13,boy,-0.66,0,0.44,23.73,0,NA,0,0,24.32
1317,6,"Old Town",19,girl,-1.14,0,0.21,41.9,0,NA,0,0,37.04
1318,7,"Station",22,girl,-0.05,0,0.21,49.9,0,NA,0,0,45.81
1319,11,"Lakeside",37,boy,-1.13,0,0.89,4,0,NA,0,0,10.71
1320,12,"Harbour",40,boy,0.9,0,0.12,35.68,1,30.85,0,0,31.19
1321,5,"Westbank",16,boy,0.32,0,0.71,21.94,0,NA,0,0,22.1
1322,8,"Riverside",27,girl,-0.58,0,0.6,10.47,0,NA,0,0,16.63
1323,3,"Millbrook",8,boy,-0.97,0,0.46,40.9,0,NA,1,1,34.25
1324,5,"Westbank",14,girl,-0.47,1,0.29,20.5,0,NA,0,0,26.53
1325,10,"Southport",35,girl,-0.87,0,0.1,32.4,0,NA,0,0,33.94
1326,11,"Lakeside",38,girl,0.96,0,0.67,26.52,0,NA,0,0,18.49
1327,2,"Hillcrest",5,boy,0.83,0,0.72,14.59,0,NA,0,0,18.88
1328,9,"Greenmeadow",31,boy,0.68,0,1,4,0,NA,1,0,6
1329,4,"Eastfield",11,boy,-0.68,0,0.3,31.18,0,NA,0,0,24.37
1330,7,"Station",23,boy,-1.01,0,0.16,41.18,0,NA,0,0,38.65
1331,4,"Eastfield",11,girl,-0.7,0,0.45,24.67,0,NA,0,0,26.63
1332,4,"Eastfield",12,girl,-2.58,1,0.45,42.82,0,NA,0,0,34.72
1333,7,"Station",26,girl,-0.46,0,0.06,25.82,0,NA,0,0,39.59
1334,3,"Millbrook",8,girl,-0.81,0,0.29,36.77,0,NA,1,1,29.54
1335,6,"Old Town",19,boy,-0.38,0,0.23,39.62,0,NA,1,0,37.38
1336,3,"Millbrook",9,girl,0.86,0,0.19,20.41,0,NA,0,0,24.55
1337,4,"Eastfield",12,boy,-0.48,0,0.4,31.57,0,NA,0,0,26.31
1338,7,"Station",26,boy,0.39,1,0.31,26.96,0,NA,1,0,31.23
1339,6,"Old Town",17,boy,0.83,0,0,26.51,0,NA,0,0,34.57
1340,11,"Lakeside",38,girl,0.7,0,0.74,10.54,0,NA,0,0,8.81
1341,10,"Southport",34,girl,0.26,0,0.33,34.89,0,NA,0,0,34.53
1342,6,"Old Town",19,boy,1.88,0,0.18,32.92,0,NA,0,0,35.92
1343,7,"Station",25,boy,1.31,0,0.29,51.79,0,NA,0,0,36.84
1344,6,"Old Town",18,girl,0.86,0,0.25,41.52,0,NA,0,0,38.99
1345,9,"Greenmeadow",32,boy,0.62,0,0.93,11.86,0,NA,0,0,6.08
1346,2,"Hillcrest",6,girl,0.5,0,0.76,20.47,0,NA,0,0,19.86
1347,6,"Old Town",19,girl,-0.17,0,0.26,32.63,0,NA,0,0,36.44
1348,5,"Westbank",14,girl,0,0,0.54,22.42,0,NA,0,0,23.04
1349,8,"Riverside",27,boy,-0.79,1,0.44,16.62,0,NA,0,0,14.52
1350,6,"Old Town",17,boy,-0.07,0,0.29,28.89,0,NA,0,0,37.09
1351,4,"Eastfield",11,girl,-0.18,0,0.64,15.51,0,NA,0,0,24.94
1352,2,"Hillcrest",5,girl,0.86,0,0.59,12.64,0,NA,0,0,10.69
1353,12,"Harbour",40,boy,0.19,0,0.33,29.03,0,NA,0,0,34.13
1354,7,"Station",22,girl,-0.59,1,0.18,46.47,0,NA,0,0,47.07
1355,4,"Eastfield",12,girl,0.08,0,0.17,30.03,0,NA,0,0,30.27
1356,1,"Northgate",1,girl,2.06,0,0.68,16.88,0,NA,0,0,17.56
1357,5,"Westbank",16,boy,0.19,0,0.64,23.68,0,NA,0,0,24.76
1358,5,"Westbank",16,boy,-0.71,1,0.33,31.38,0,NA,0,0,30.26
1359,9,"Greenmeadow",30,boy,-0.15,0,0.84,6.96,0,NA,0,0,6.51
1360,7,"Station",25,girl,-0.46,0,0.21,46.76,0,NA,0,0,40.96
1361,5,"Westbank",14,boy,-0.85,0,0.25,32.45,0,NA,1,0,29.4
1362,5,"Westbank",13,boy,-1.56,0,0.46,33.5,0,NA,1,1,26.92
1363,6,"Old Town",19,boy,0.34,0,0.1,39.84,0,NA,0,0,37.16
1364,7,"Station",26,girl,-0.54,0,0.1,44.65,0,NA,0,0,44.59
1365,12,"Harbour",40,girl,-0.59,0,0.51,35.14,0,NA,0,0,31.06
1366,7,"Station",26,boy,-0.71,0,0.48,42.28,0,NA,1,1,39.24
1367,3,"Millbrook",8,girl,0.8,0,0.4,30.71,0,NA,0,0,25.73
1368,12,"Harbour",39,boy,0.1,0,0.37,33.63,0,NA,0,0,32.71
1369,5,"Westbank",13,girl,-1.24,0,0.39,35.43,0,NA,0,1,25.53
1370,3,"Millbrook",10,girl,0.95,0,0.35,37.68,1,34.7,0,0,32.17
1371,5,"Westbank",16,boy,-2.51,1,0.65,17.61,0,NA,0,1,24.27
1372,7,"Station",24,girl,-1.77,1,0,29.52,0,NA,0,0,36.74
1373,8,"Riverside",29,girl,-0.85,0,0.46,31.55,0,NA,0,0,23.94
1374,7,"Station",24,boy,-1.4,1,0.3,52.61,0,NA,1,1,44.26
1375,6,"Old Town",18,boy,-1.82,0,0.08,34.1,0,NA,0,0,44.49
1376,9,"Greenmeadow",30,boy,-0.5,0,0.94,4,0,NA,0,0,10.84
1377,12,"Harbour",39,girl,-2.01,0,0.19,50.1,0,NA,0,0,42.39
1378,9,"Greenmeadow",32,boy,-1.32,0,0.81,15.66,0,NA,0,0,15.57
1379,4,"Eastfield",11,boy,-1.3,1,0.5,23.36,0,NA,0,0,26.62
1380,4,"Eastfield",12,girl,0.59,0,0.27,27.54,0,NA,0,0,25.58
1381,1,"Northgate",3,boy,-0.01,0,0.66,14.22,0,NA,1,0,18.26
1382,10,"Southport",34,girl,0.16,0,0.25,34.17,0,NA,1,1,35.71
1383,5,"Westbank",14,boy,-0.05,1,0.48,39.75,0,NA,0,0,32.17
1384,12,"Harbour",39,girl,0.47,0,0.46,20.08,0,NA,0,0,27.7
1385,3,"Millbrook",8,girl,-1.29,0,0.49,31.87,0,NA,1,0,28.46
1386,7,"Station",22,boy,-0.69,0,0.28,37.37,0,NA,0,0,37.63
1387,2,"Hillcrest",6,girl,0.62,0,0.9,20.44,0,NA,0,0,12.93
1388,4,"Eastfield",12,boy,-0.14,0,0.58,18.82,0,NA,0,0,17.76
1389,2,"Hillcrest",5,boy,1.23,0,0.56,15.63,0,NA,0,0,18.18
1390,11,"Lakeside",37,girl,0.33,0,0.77,14.4,0,NA,0,0,10.95
1391,12,"Harbour",40,boy,0.09,0,0.3,35.97,0,NA,0,0,34.66
1392,12,"Harbour",39,boy,0,0,0.49,18.32,0,NA,1,1,27.21
1393,10,"Southport",36,boy,-0.47,0,0.32,34.98,0,NA,0,0,34
1394,10,"Southport",35,boy,-0.27,0,0.26,34.78,0,NA,1,0,30.12
1395,12,"Harbour",40,boy,-0.62,0,0.43,30.77,0,NA,0,0,31.72
1396,3,"Millbrook",7,girl,1.78,0,0.28,15.42,0,NA,0,0,24.98
1397,6,"Old Town",19,boy,-0.79,0,0.18,49.19,0,NA,1,0,47.86
1398,4,"Eastfield",12,boy,-0.43,1,0.3,19.82,0,NA,1,1,27.1
1399,9,"Greenmeadow",32,boy,0.77,0,0.72,10.75,0,NA,0,0,20.62
1400,12,"Harbour",39,boy,-1.44,0,0.27,31.6,0,NA,1,1,34.85
1401,2,"Hillcrest",4,boy,-0.53,0,0.62,15,0,NA,0,0,20.56
1402,3,"Millbrook",8,girl,-1.19,1,0.44,30.45,0,NA,0,0,23.19
1403,4,"Eastfield",11,boy,-1.82,0,0.39,27.51,0,NA,0,0,25.4
1404,6,"Old Town",18,girl,0.01,0,0.13,43.23,0,NA,0,0,38.41
1405,11,"Lakeside",38,girl,0.02,0,0.68,24.85,0,NA,0,0,18.82
1406,12,"Harbour",39,boy,-0.03,0,0.2,33.33,0,NA,0,0,39.35
1407,3,"Millbrook",9,girl,-1.21,0,0.35,28.83,0,NA,0,0,23.45
1408,1,"Northgate",2,boy,-0.28,0,0.59,20.36,0,NA,1,1,23.61
1409,2,"Hillcrest",6,boy,-1.78,1,0.83,18.58,0,NA,1,1,11.41
1410,7,"Station",26,boy,0,0,0.28,40.99,0,NA,0,0,38.2
1411,7,"Station",26,boy,-0.48,1,0.37,38.84,0,NA,0,0,41.56
1412,10,"Southport",35,boy,-0.59,1,0.26,29.08,1,28.34,0,0,28.19
1413,10,"Southport",34,girl,0.97,0,0.25,37.93,0,NA,0,0,38.93
1414,3,"Millbrook",7,girl,1,0,0.47,22.83,0,NA,0,0,26.57
1415,5,"Westbank",15,girl,-1.64,1,0.37,25.05,0,NA,0,0,30.3
1416,1,"Northgate",1,boy,0.84,0,0.46,27.24,0,NA,0,0,21.68
1417,7,"Station",25,boy,-0.46,0,0.17,41.8,0,NA,0,0,41.74
1418,4,"Eastfield",11,boy,-0.42,0,0.39,26.1,0,NA,0,0,25.51
1419,6,"Old Town",17,boy,-1.17,0,0.21,42.76,0,NA,0,0,43.39
1420,5,"Westbank",15,boy,-0.12,0,0.47,23.38,0,NA,0,0,26.1
1421,6,"Old Town",20,boy,-0.37,0,0.13,40.34,1,38.36,0,0,42.77
1422,3,"Millbrook",7,girl,1.55,0,0.42,25.29,0,NA,0,0,19.67
1423,6,"Old Town",18,girl,-0.72,1,0,36.3,0,NA,0,0,44.06
1424,10,"Southport",35,boy,-1.17,1,0.25,36.02,0,NA,0,0,36.89
1425,10,"Southport",35,boy,0.42,0,0.25,30.67,0,NA,0,0,33.77
1426,4,"Eastfield",11,boy,1.21,0,0.41,21.18,0,NA,0,0,21.92
1427,12,"Harbour",39,boy,-2.59,0,0.26,50.32,0,NA,0,0,42.58
1428,8,"Riverside",29,boy,-0.22,0,0.72,16.79,0,NA,0,0,20.47
1429,3,"Millbrook",7,girl,0.65,0,0.53,27.89,0,NA,0,0,29.97
1430,5,"Westbank",14,boy,-0.27,0,0.3,42.51,0,NA,0,0,36.91
1431,7,"Station",23,boy,0.09,1,0.26,35.67,0,NA,0,0,35.89
1432,2,"Hillcrest",6,girl,0.15,0,0.8,11.87,0,NA,1,0,13.08
1433,12,"Harbour",39,boy,-0.25,0,0.28,38.93,0,NA,0,0,35.44
1434,6,"Old Town",19,girl,-0.99,0,0.24,37.09,0,NA,0,0,38.93
1435,7,"Station",23,boy,-1.06,0,0.22,44.72,0,NA,1,1,38.46
1436,6,"Old Town",21,boy,-1.17,0,0.09,49.95,0,NA,1,1,46.65
1437,5,"Westbank",15,girl,0.22,0,0.59,29.33,0,NA,0,0,25.85
1438,2,"Hillcrest",6,girl,0.72,0,0.69,18.4,0,NA,0,0,21.24
1439,12,"Harbour",39,boy,1.68,0,0.23,38.72,0,NA,0,0,32.92
1440,10,"Southport",36,girl,-0.87,0,0.33,41.55,0,NA,0,0,33.83
1441,3,"Millbrook",8,girl,-0.86,1,0.59,37.14,0,NA,0,0,22.36
1442,6,"Old Town",18,boy,0.43,0,0.3,31.45,0,NA,1,1,34.53
1443,6,"Old Town",17,girl,-0.27,0,0.19,33.31,0,NA,0,0,33.48
1444,6,"Old Town",19,girl,-1.24,0,0.29,41.15,0,NA,0,0,44.06
1445,12,"Harbour",40,girl,-0.3,0,0.51,28.32,0,NA,0,0,30.25
1446,12,"Harbour",40,boy,-0.22,0,0.26,42.26,0,NA,0,0,36.46
1447,1,"Northgate",2,girl,-0.21,0,0.66,20.11,0,NA,0,1,21.48
1448,3,"Millbrook",8,boy,0.74,0,0.54,34,0,NA,0,0,24.56
1449,8,"Riverside",27,boy,-1.53,1,0.83,17.67,0,NA,0,0,18.8
1450,5,"Westbank",13,girl,0.17,0,0.25,36.36,0,NA,0,0,30.51
1451,9,"Greenmeadow",32,girl,0.32,1,0.71,8.83,0,NA,0,0,11.47
1452,10,"Southport",35,girl,-0.56,0,0.2,38.62,0,NA,0,0,39.42
1453,12,"Harbour",40,girl,0.21,0,0.17,30.79,0,NA,1,0,32.51
1454,2,"Hillcrest",4,boy,-0.51,0,0.74,17.87,0,NA,0,0,20.83
1455,5,"Westbank",13,boy,0.69,0,0.58,30.58,0,NA,0,0,27.68
1456,1,"Northgate",1,boy,0.68,0,0.65,26.92,0,NA,0,0,28.94
1457,7,"Station",25,boy,0.12,0,0.09,35,0,NA,0,0,34.99
1458,8,"Riverside",28,girl,-1.32,0,0.61,17.27,0,NA,0,0,17.21
1459,5,"Westbank",14,boy,0.81,0,0.36,26.56,0,NA,0,0,28.38
1460,6,"Old Town",20,girl,-2.58,0,0.02,52.29,0,NA,0,0,51.97
1461,10,"Southport",36,boy,-1.42,0,0.13,28.57,0,NA,0,0,31.9
1462,3,"Millbrook",8,boy,-1.38,0,0.53,28.09,0,NA,0,0,27.38
1463,5,"Westbank",13,boy,-0.09,0,0.5,23.6,0,NA,0,0,27.05
1464,2,"Hillcrest",6,girl,1.09,1,0.56,24.97,0,NA,1,0,21.02
1465,2,"Hillcrest",5,boy,0.27,0,0.71,12.37,0,NA,0,0,19.75
1466,2,"Hillcrest",5,boy,0.94,0,0.66,16.25,0,NA,0,0,15.07
1467,5,"Westbank",13,girl,-0.03,1,0.42,26.55,0,NA,0,0,27.52
1468,5,"Westbank",13,boy,-0.86,0,0.55,34.94,1,36.7,0,0,35.58
1469,6,"Old Town",17,boy,-2.2,0,0.15,49.97,1,56.68,1,1,54.76
1470,6,"Old Town",21,girl,-0.49,0,0.27,41.49,0,NA,1,0,39.79
1471,10,"Southport",36,boy,-0.26,0,0.4,30.32,0,NA,1,0,28.08
1472,6,"Old Town",18,girl,-1.27,0,0.26,30.32,0,NA,0,0,42.76
1473,9,"Greenmeadow",32,girl,1.33,1,0.96,13.78,1,3.17,0,0,6
1474,5,"Westbank",16,girl,-0.37,1,0.37,32.19,0,NA,0,0,33.32
1475,9,"Greenmeadow",30,girl,0.44,0,0.92,14.86,0,NA,0,0,13.6
1476,12,"Harbour",40,girl,-0.27,1,0.37,47.38,0,NA,0,0,36.28
1477,6,"Old Town",18,girl,0.66,1,0.36,33.95,0,NA,0,0,37.05
1478,7,"Station",22,boy,0.7,1,0.14,32.19,0,NA,0,0,39.85
1479,8,"Riverside",27,boy,-0.14,1,0.6,22.39,0,NA,0,0,24.49
1480,2,"Hillcrest",5,girl,-0.96,0,0.78,23.48,0,NA,1,1,19.22
1481,8,"Riverside",27,girl,0.54,0,0.6,21.55,0,NA,0,0,17.01
1482,12,"Harbour",39,girl,0.67,0,0.16,35.34,0,NA,0,0,35.75
1483,4,"Eastfield",12,girl,-0.59,0,0.2,26.95,0,NA,0,0,32.42
1484,9,"Greenmeadow",32,girl,0.19,0,0.66,16.28,0,NA,1,0,18.55
1485,7,"Station",26,girl,-0.66,0,0.18,46.8,0,NA,0,0,37.33
1486,10,"Southport",35,girl,-0.68,0,0.13,38.61,1,40.18,0,0,38.29
1487,2,"Hillcrest",6,boy,0.52,0,0.49,27.42,0,NA,1,1,21.37
1488,12,"Harbour",39,boy,0.21,0,0.28,40.21,0,NA,0,0,35.1
1489,10,"Southport",34,girl,0.32,0,0.44,23.1,0,NA,0,0,31.15
1490,6,"Old Town",17,boy,1.95,0,0.15,39.96,0,NA,0,0,36.34
1491,4,"Eastfield",11,boy,-0.77,1,0.45,27.96,0,NA,0,0,26.28
1492,5,"Westbank",16,girl,-0.42,0,0.59,30.26,0,NA,0,0,24.22
1493,5,"Westbank",15,boy,1.46,0,0.65,29.21,0,NA,1,1,22.42
1494,10,"Southport",36,girl,1.44,0,0.51,33.24,0,NA,1,0,36.42
1495,3,"Millbrook",10,boy,0.22,0,0.41,23.5,0,NA,0,0,28.78
1496,3,"Millbrook",10,boy,-1.47,0,0.37,17.52,0,NA,0,0,22.59
1497,4,"Eastfield",12,girl,0.79,1,0.39,32.33,0,NA,1,1,27.33
1498,6,"Old Town",21,girl,0.4,0,0.21,25.41,0,NA,0,0,36.91
1499,1,"Northgate",1,girl,-0.72,0,0.47,26.45,0,NA,0,0,23.74
1500,10,"Southport",35,boy,-0.34,0,0.18,29.96,0,NA,0,0,38.93
1501,3,"Millbrook",9,boy,-2.82,1,0.57,14.49,0,NA,1,1,23.06
1502,6,"Old Town",17,boy,-1.92,1,0.01,31.83,0,NA,0,1,39.48
1503,1,"Northgate",2,boy,0.14,0,0.59,21.94,0,NA,0,0,24.43
1504,3,"Millbrook",9,girl,-0.64,0,0.46,30.15,0,NA,0,1,30.65
1505,12,"Harbour",40,boy,-0.75,0,0.26,37.99,0,NA,0,0,33.57
1506,7,"Station",22,girl,-0.16,0,0.28,34.89,0,NA,0,0,34.98
1507,1,"Northgate",1,boy,-0.59,0,0.51,28.78,0,NA,0,0,24.66
1508,12,"Harbour",40,girl,-0.85,0,0.04,40.68,0,NA,0,0,41.76
1509,6,"Old Town",17,boy,0.6,0,0,52.34,0,NA,0,0,49.63
1510,7,"Station",26,girl,-0.98,0,0.2,42.38,0,NA,0,0,40.89
1511,7,"Station",24,boy,-0.66,0,0.35,34.62,0,NA,1,1,36.3
1512,5,"Westbank",14,boy,1.2,0,0.38,22.87,1,23.02,0,0,23.5
1513,4,"Eastfield",11,boy,0.18,0,0.57,25.3,0,NA,0,0,21.05
1514,6,"Old Town",20,boy,-0.57,1,0.2,44.47,0,NA,1,1,47.73
1515,6,"Old Town",19,girl,1.66,0,0.3,32.68,0,NA,1,1,33.95
1516,7,"Station",25,boy,-0.2,0,0.4,46.4,1,41.52,1,1,40.82
1517,5,"Westbank",14,boy,0.6,0,0.45,23.07,0,NA,0,0,21.2
1518,2,"Hillcrest",6,boy,0.43,1,0.52,22.11,0,NA,0,0,17.39
1519,8,"Riverside",28,boy,-0.04,0,0.84,26.68,0,NA,0,0,23.94
1520,9,"Greenmeadow",30,girl,0.34,0,1,11.11,0,NA,0,0,18.08
1521,5,"Westbank",13,girl,-0.12,1,0.53,23,0,NA,0,0,23.5
1522,3,"Millbrook",10,boy,-0.91,0,0.36,38.17,0,NA,1,1,31.99
1523,1,"Northgate",1,boy,1.76,0,0.61,26.48,0,NA,0,0,23.21
1524,6,"Old Town",21,boy,-0.21,1,0.42,43.5,0,NA,1,1,41.88
1525,3,"Millbrook",7,girl,-1.4,0,0.45,13.56,0,NA,1,0,20.44
1526,2,"Hillcrest",5,girl,2.08,0,0.63,17.6,0,NA,0,0,19.18
1527,6,"Old Town",21,boy,0.18,0,0.18,49.38,0,NA,0,0,46.47
1528,3,"Millbrook",10,boy,-0.51,0,0.08,31.96,0,NA,0,0,29.59
1529,6,"Old Town",21,boy,-0.1,0,0.18,36.25,0,NA,0,0,37.45
1530,10,"Southport",34,girl,-1.12,0,0.6,33.8,0,NA,0,0,27.72
1531,4,"Eastfield",11,boy,1.77,0,0.24,21.45,0,NA,0,0,26.51
1532,8,"Riverside",27,boy,0.01,0,0.62,15.61,0,NA,0,0,13.17
1533,6,"Old Town",21,boy,0.85,0,0,38,0,NA,0,0,44.23
1534,4,"Eastfield",12,boy,0.13,0,0.29,28.33,0,NA,0,0,29.36
1535,1,"Northgate",2,girl,0.92,0,0.48,23.4,0,NA,0,0,20.02
1536,4,"Eastfield",12,boy,-1.24,0,0.18,31.67,0,NA,0,0,28.76
1537,3,"Millbrook",8,boy,-0.89,1,0.38,24.27,0,NA,0,0,27.24
1538,10,"Southport",35,boy,-0.3,0,0.35,33.39,0,NA,0,0,33.87
1539,12,"Harbour",40,boy,0.2,1,0.33,41.16,0,NA,0,0,38.07
1540,9,"Greenmeadow",32,girl,1.27,0,0.92,11.46,0,NA,0,0,8.6
1541,6,"Old Town",19,boy,0.78,0,0.12,36.3,0,NA,0,0,43.27
1542,9,"Greenmeadow",31,girl,1.17,0,0.99,6.82,0,NA,0,0,10.21
1543,10,"Southport",33,boy,-1.72,0,0.39,22.1,0,NA,1,1,29.22
1544,10,"Southport",34,girl,0.47,1,0.34,36.03,0,NA,1,1,35.06
1545,10,"Southport",36,girl,-1.12,0,0.52,36.63,0,NA,0,0,37.32
1546,10,"Southport",35,girl,-1.1,0,0.32,26.76,0,NA,0,0,26.03
1547,6,"Old Town",19,girl,1.11,0,0.21,30.49,0,NA,1,1,36.74
1548,6,"Old Town",17,boy,0.42,1,0.05,35.4,0,NA,0,0,39.73
1549,6,"Old Town",19,boy,0.58,0,0.04,49.17,0,NA,0,0,45.6
1550,10,"Southport",35,girl,-0.13,1,0.24,38.69,0,NA,0,0,40.68
1551,12,"Harbour",40,boy,0.62,1,0.33,34.64,1,40.44,1,1,42.52
1552,1,"Northgate",1,boy,0.11,1,0.58,32.57,0,NA,0,0,27.93
1553,10,"Southport",34,girl,-1.43,0,0.36,35.43,0,NA,0,0,31.28
1554,9,"Greenmeadow",30,girl,0.31,0,1,9.9,0,NA,0,0,8.46
1555,7,"Station",26,girl,-0.17,0,0.19,35.68,0,NA,0,0,39.45
1556,9,"Greenmeadow",30,boy,-0.29,1,0.9,4,0,NA,0,0,7.95
1557,10,"Southport",35,girl,0.22,0,0.4,29.92,0,NA,0,0,31.67
1558,8,"Riverside",27,girl,0.62,0,0.54,18.01,0,NA,0,0,17.54
1559,11,"Lakeside",37,girl,-1.05,0,0.77,24.62,0,NA,0,0,21.07
1560,6,"Old Town",18,girl,-0.44,1,0.18,46.31,0,NA,1,1,49.67
1561,6,"Old Town",19,boy,-0.17,0,0.2,42.3,0,NA,0,0,42.98
1562,5,"Westbank",14,girl,1.67,1,0.5,24.49,0,NA,0,0,30.68
1563,6,"Old Town",21,boy,-0.98,0,0.06,51.04,0,NA,0,0,48.4
1564,11,"Lakeside",37,girl,0.2,0,0.61,8.25,0,NA,1,0,17.21
1565,2,"Hillcrest",5,girl,0.83,0,0.9,20.27,0,NA,0,0,15.36
1566,9,"Greenmeadow",32,girl,1.04,0,0.78,4,0,NA,0,0,13.58
1567,6,"Old Town",20,boy,0.53,0,0.04,46.89,0,NA,1,1,44.73
1568,10,"Southport",35,girl,-0.84,0,0.31,49.55,0,NA,1,1,37.03
1569,4,"Eastfield",11,boy,-0.99,1,0.23,27.23,0,NA,0,0,32.68
1570,10,"Southport",36,girl,-1.56,1,0.43,39.59,0,NA,0,0,37.89
1571,1,"Northgate",2,girl,1.24,0,0.43,20.99,0,NA,1,1,21.48
1572,6,"Old Town",21,girl,0.57,0,0,32.78,0,NA,0,0,38.58
1573,12,"Harbour",39,girl,-1.18,0,0.22,32.31,0,NA,1,1,30.28
1574,7,"Station",26,boy,0.6,0,0.11,40.82,0,NA,0,0,42.08
1575,8,"Riverside",27,girl,0.66,0,0.56,24.55,0,NA,1,0,18.62
1576,8,"Riverside",28,girl,0.3,0,0.44,17.37,0,NA,0,0,22.64
1577,7,"Station",26,girl,-1.6,0,0.13,42.15,0,NA,1,1,40.63
1578,4,"Eastfield",11,boy,-0.78,0,0.5,26.03,0,NA,0,0,24.54
1579,6,"Old Town",19,girl,1.05,0,0.25,21.75,0,NA,0,0,31.53
1580,10,"Southport",35,girl,-2.12,0,0,35.11,0,NA,0,0,34.28
1581,12,"Harbour",40,girl,0.62,1,0.43,26.33,1,30.65,1,1,32.33
1582,4,"Eastfield",11,boy,-0.5,1,0.28,23.57,0,NA,0,0,32.09
1583,2,"Hillcrest",6,boy,1.04,0,0.7,30.96,0,NA,0,0,27.05
1584,3,"Millbrook",9,girl,-0.01,0,0.62,24.97,0,NA,0,0,25.37
1585,4,"Eastfield",12,boy,1.26,0,0.29,37.2,0,NA,0,0,32.06
1586,6,"Old Town",17,boy,1.11,0,0.23,40.14,0,NA,0,0,37.84
1587,3,"Millbrook",10,girl,0.48,0,0.49,22.75,0,NA,0,0,23.74
1588,12,"Harbour",40,girl,0.17,1,0.29,47.39,0,NA,0,0,41.09
1589,3,"Millbrook",7,boy,0.37,0,0.38,16.2,0,NA,0,0,18.06
1590,7,"Station",25,boy,-0.35,0,0,38.97,0,NA,0,0,38.49
1591,9,"Greenmeadow",32,girl,-0.78,0,0.79,7.81,0,NA,0,0,17.23
1592,8,"Riverside",29,girl,0.83,0,0.6,11.67,0,NA,0,0,19.58
1593,5,"Westbank",15,boy,1.09,0,0.22,32.52,0,NA,1,0,30.03
1594,8,"Riverside",29,girl,1.23,0,0.49,15.8,0,NA,0,0,20.84
1595,2,"Hillcrest",6,boy,0.78,0,1,12.46,0,NA,0,0,16.51
1596,9,"Greenmeadow",30,boy,-0.64,1,0.99,7.92,0,NA,0,0,11.55
1597,5,"Westbank",16,girl,0.16,1,0.45,29.38,0,NA,0,0,29.47
1598,10,"Southport",33,girl,0.76,1,0.19,34.7,0,NA,1,0,35.44
1599,7,"Station",26,girl,0.59,0,0.13,47.9,0,NA,0,0,44.23
1600,9,"Greenmeadow",30,boy,1.43,0,0.61,17.4,0,NA,0,0,11.39
1601,6,"Old Town",19,girl,1.41,0,0.08,51.79,0,NA,0,0,39.76
1602,6,"Old Town",20,girl,-0.17,0,0,34.72,0,NA,0,1,40.96
1603,3,"Millbrook",8,girl,-0.94,1,0.39,31.43,0,NA,0,0,29.44
1604,4,"Eastfield",12,boy,0.69,0,0.35,20.82,0,NA,0,0,29.79
1605,11,"Lakeside",37,girl,0.48,0,0.96,5.64,0,NA,0,0,6.07
1606,11,"Lakeside",38,girl,1.93,0,0.59,6.08,0,NA,0,0,12.61
1607,6,"Old Town",17,girl,-1.38,0,0.1,47.01,0,NA,0,0,44.94
1608,3,"Millbrook",10,girl,-1.64,0,0.38,26.13,0,NA,0,0,31.03
1609,10,"Southport",36,girl,1.47,0,0.33,22.8,0,NA,0,0,29.49
1610,6,"Old Town",19,girl,0.26,0,0.16,43.79,0,NA,0,0,39.52
1611,7,"Station",23,girl,-0.78,1,0.19,39.46,0,NA,0,0,42.78
1612,5,"Westbank",14,boy,1.99,0,0.38,35.53,0,NA,0,0,27.56
1613,9,"Greenmeadow",31,boy,-0.02,1,0.85,9.26,0,NA,0,0,21.32
1614,2,"Hillcrest",5,boy,1.27,0,0.75,15.75,0,NA,0,0,13.6
1615,3,"Millbrook",7,girl,-0.4,0,0.45,36.01,0,NA,0,0,29.92
1616,7,"Station",25,girl,-0.17,0,0.08,41.48,0,NA,0,1,44.42
1617,6,"Old Town",17,girl,0.81,0,0.11,51.14,0,NA,0,0,44.84
1618,6,"Old Town",18,girl,0.61,0,0.34,45.36,0,NA,0,0,37.93
1619,6,"Old Town",20,girl,0.07,0,0.17,30.03,1,32.56,0,0,30.87
1620,8,"Riverside",27,girl,-0.16,0,0.58,16.79,0,NA,0,0,17.06
1621,6,"Old Town",21,boy,-0.79,0,0.36,39.54,0,NA,0,0,37.92
1622,5,"Westbank",15,boy,0.7,0,0.37,30.72,1,30.36,0,0,29.69
1623,6,"Old Town",17,girl,-0.53,0,0.13,43.31,0,NA,0,0,42.64
1624,6,"Old Town",18,girl,-0.22,0,0.1,48.33,0,NA,0,0,40.97
1625,8,"Riverside",28,boy,-0.43,1,0.54,20.84,0,NA,1,1,19.19
1626,4,"Eastfield",11,boy,0.03,0,0.38,30.27,0,NA,0,0,27.65
1627,12,"Harbour",39,girl,-1.97,1,0.29,35.88,0,NA,1,0,40.09
1628,11,"Lakeside",38,boy,1.13,0,0.8,19.01,0,NA,1,0,16.44
1629,3,"Millbrook",9,girl,1.95,0,0.36,27.63,0,NA,1,0,30
1630,3,"Millbrook",9,girl,1.53,0,0.42,21.29,1,22.93,1,0,21.01
1631,7,"Station",23,girl,0.93,0,0.1,39.41,0,NA,1,0,35.35
1632,7,"Station",24,boy,-1.21,0,0.36,47.04,0,NA,0,0,42.45
1633,8,"Riverside",28,girl,-0.06,0,0.53,19.46,0,NA,0,0,19.49
1634,2,"Hillcrest",6,boy,-0.8,0,1,18.95,0,NA,0,0,13.75
1635,7,"Station",24,girl,0.23,0,0.09,45.99,0,NA,1,1,42.64
1636,6,"Old Town",21,girl,1.68,0,0,40.83,0,NA,0,0,38.23
1637,7,"Station",23,girl,0.33,0,0.16,35.02,0,NA,0,0,40.17
1638,6,"Old Town",21,boy,0.82,1,0.11,40.45,0,NA,0,0,42.19
1639,5,"Westbank",16,girl,-0.26,0,0.66,21.74,0,NA,0,1,24.04
1640,11,"Lakeside",38,boy,0.53,1,0.56,10.73,0,NA,0,0,12.14
1641,8,"Riverside",29,girl,-0.68,0,0.6,26.39,0,NA,0,0,22.98
1642,10,"Southport",35,girl,-0.2,0,0.31,37.2,0,NA,0,0,33.85
1643,12,"Harbour",39,boy,-1.02,1,0.12,36.25,0,NA,1,1,33.06
1644,5,"Westbank",15,girl,-1.43,0,0.46,31.35,0,NA,0,1,30.65
1645,4,"Eastfield",11,boy,0.73,0,0.11,26.95,0,NA,0,0,29.04
1646,7,"Station",25,girl,1.12,0,0.06,52.37,0,NA,0,0,44.9
1647,4,"Eastfield",12,boy,-1.08,0,0.44,40.36,0,NA,0,0,37.14
1648,11,"Lakeside",38,boy,-0.17,0,0.73,11.21,0,NA,0,0,13.38
1649,4,"Eastfield",12,girl,0.28,0,0.14,26.22,0,NA,1,1,28.76
1650,7,"Station",26,boy,0.25,0,0.1,35.44,0,NA,1,1,34
1651,6,"Old Town",19,boy,0.72,0,0.04,39.57,0,NA,0,0,44.82
1652,9,"Greenmeadow",32,girl,-0.32,0,0.97,17.58,0,NA,0,0,18.78
1653,5,"Westbank",16,boy,1.63,0,0.51,26,0,NA,0,0,27.77
1654,1,"Northgate",2,boy,-0.08,0,0.65,33.14,0,NA,0,0,27.07
1655,6,"Old Town",20,boy,0.55,0,0.06,42.88,0,NA,0,0,40.31
1656,10,"Southport",35,boy,-0.67,1,0.35,29.59,0,NA,0,0,32.81
1657,12,"Harbour",39,girl,0.17,0,0.23,41.46,0,NA,0,0,33.96
1658,9,"Greenmeadow",30,girl,0.37,0,0.69,19.25,0,NA,0,0,16.3
1659,2,"Hillcrest",4,girl,-0.24,0,0.66,28.07,0,NA,0,0,24.18
1660,10,"Southport",33,girl,-1.28,0,0.37,30.38,0,NA,1,0,27.21
1661,4,"Eastfield",12,girl,-2.22,0,0.43,24.57,0,NA,0,0,24.33
1662,3,"Millbrook",7,boy,-0.6,0,0.43,20.72,0,NA,1,0,26.54
1663,4,"Eastfield",11,boy,0.68,0,0.44,14.85,0,NA,0,0,21.4
1664,6,"Old Town",17,boy,0.81,0,0.05,43.26,0,NA,1,1,39.56
1665,7,"Station",25,girl,0.01,0,0.18,45.23,0,NA,0,1,43.77
1666,10,"Southport",34,girl,-0.52,1,0.3,27.47,0,NA,0,0,28.09
1667,4,"Eastfield",12,girl,0.46,0,0.52,16.96,0,NA,0,0,21.02
1668,7,"Station",25,boy,-0.51,0,0,48.39,0,NA,1,1,42.24
1669,6,"Old Town",21,girl,0.58,0,0.13,25.2,0,NA,0,0,31.27
1670,3,"Millbrook",8,girl,0.93,0,0.53,5.04,0,NA,0,0,11.79
1671,5,"Westbank",13,girl,-1.57,1,0.45,34.47,0,NA,0,0,34.92
1672,5,"Westbank",13,boy,0.42,0,0.54,26.99,0,NA,0,0,23.82
1673,6,"Old Town",18,girl,0.38,0,0.25,34.19,0,NA,0,0,34.33
1674,10,"Southport",36,boy,0.02,1,0.34,33.99,0,NA,0,0,32.76
1675,4,"Eastfield",11,girl,0.35,1,0.25,31.85,1,30.28,0,0,30.47
1676,1,"Northgate",3,girl,1.6,0,0.42,30.75,0,NA,1,0,24.61
1677,6,"Old Town",18,boy,0.54,0,0.25,41.55,0,NA,0,0,38.15
1678,6,"Old Town",18,girl,1,0,0.22,30.89,0,NA,0,0,35.5
1679,5,"Westbank",13,boy,-0.73,0,0.61,25.01,0,NA,0,0,24.03
1680,3,"Millbrook",7,girl,0.47,0,0.33,28.37,0,NA,0,0,32.61
1681,10,"Southport",33,boy,-0.16,1,0.1,35.7,0,NA,0,0,36.43
1682,10,"Southport",35,boy,-0.08,0,0.34,31.81,0,NA,0,0,28.2
1683,10,"Southport",34,girl,1.06,0,0.33,25.6,0,NA,0,0,37.71
1684,9,"Greenmeadow",31,boy,1.47,0,0.97,9.14,0,NA,0,0,7.26
1685,12,"Harbour",39,boy,0.49,1,0.35,30.5,0,NA,0,0,35.23
1686,12,"Harbour",40,boy,0.54,1,0.21,42.91,0,NA,0,0,34.96
1687,1,"Northgate",1,girl,-0.36,0,0.5,18.54,0,NA,0,0,23.55
1688,2,"Hillcrest",6,boy,-0.07,0,0.84,16.94,0,NA,0,0,16.57
1689,11,"Lakeside",38,boy,-0.47,0,0.9,21.51,0,NA,0,0,16.66
1690,1,"Northgate",1,boy,0.93,0,0.6,20.75,0,NA,1,1,23.52
1691,7,"Station",26,boy,0,0,0.28,37.53,0,NA,0,0,39.04
1692,2,"Hillcrest",6,boy,0.27,1,0.69,4,0,NA,0,0,11.37
1693,6,"Old Town",20,girl,0.33,0,0.02,35.92,0,NA,0,0,40.47
1694,6,"Old Town",21,boy,1.24,0,0.23,31.26,0,NA,0,0,35.4
1695,12,"Harbour",40,girl,-0.96,0,0.58,36.57,0,NA,0,1,32.92
1696,1,"Northgate",3,girl,0.83,1,0.59,28.17,0,NA,0,0,15.33
1697,4,"Eastfield",12,girl,0.85,0,0.5,15.96,0,NA,0,0,26.59
1698,12,"Harbour",40,girl,-1.46,0,0.25,34.56,0,NA,0,0,30.37
1699,9,"Greenmeadow",31,girl,0.84,0,0.8,10.62,0,NA,0,0,6
1700,7,"Station",23,boy,-0.31,0,0.23,44.84,0,NA,1,0,36.7
1701,4,"Eastfield",12,girl,-0.75,1,0.32,26.51,0,NA,0,0,26.63
1702,7,"Station",26,boy,-1.13,0,0.14,36.43,0,NA,0,0,34.79
1703,5,"Westbank",14,girl,-0.56,0,0.44,38.94,0,NA,0,0,36.51
1704,4,"Eastfield",11,girl,-0.32,0,0.47,10.98,0,NA,0,0,16.65
1705,1,"Northgate",3,boy,0.82,0,0.63,20.53,0,NA,0,0,23.02
1706,11,"Lakeside",38,boy,0.53,0,0.64,13.59,1,15.66,0,0,19.89
1707,3,"Millbrook",7,girl,-1.11,0,0.32,37.36,0,NA,0,0,32.24
1708,6,"Old Town",17,boy,-0.26,1,0.2,39.29,0,NA,0,0,44.81
1709,1,"Northgate",2,boy,-0.84,1,0.65,25.81,0,NA,0,0,21.76
1710,3,"Millbrook",8,boy,-0.55,1,0.52,24.28,1,32.66,1,0,30.66
1711,12,"Harbour",40,girl,-0.88,0,0.03,38.61,0,NA,0,0,39.47
1712,3,"Millbrook",9,girl,-1.01,1,0.54,28.32,0,NA,0,0,31.49
1713,3,"Millbrook",8,girl,-2.2,1,0.41,28.75,0,NA,1,0,29.66
1714,3,"Millbrook",7,boy,-0.39,1,0.26,35.13,0,NA,0,0,27.88
1715,7,"Station",24,boy,0.5,0,0.37,36.91,1,42.09,0,0,40.23
1716,2,"Hillcrest",4,boy,-0.01,1,0.83,27.48,0,NA,0,0,19.96
1717,10,"Southport",34,girl,-0.32,1,0.26,38.64,0,NA,0,0,36.53
1718,5,"Westbank",16,girl,-0.12,0,0.47,34.51,1,32.46,0,0,31.26
1719,6,"Old Town",21,girl,0.57,0,0.18,34.6,0,NA,0,0,29.7
1720,5,"Westbank",14,boy,-0.5,0,0.56,28.82,0,NA,0,0,29.35
1721,6,"Old Town",18,girl,-1.34,0,0.22,38.31,0,NA,0,0,41.19
1722,10,"Southport",34,boy,-0.06,0,0.24,45.73,0,NA,0,0,35.77
1723,2,"Hillcrest",4,boy,-0.01,0,0.8,18.23,0,NA,0,0,24.03
1724,6,"Old Town",21,boy,1.05,0,0.19,38.93,0,NA,1,1,40.38
1725,6,"Old Town",18,boy,-0.93,0,0.21,45.46,0,NA,0,0,43.35
1726,6,"Old Town",21,girl,1.14,0,0.23,37.28,0,NA,0,0,38.19
1727,6,"Old Town",19,girl,-1.41,1,0.02,50.37,0,NA,1,1,44.85
1728,8,"Riverside",29,girl,-0.47,0,0.66,20.2,0,NA,0,1,25.06
1729,4,"Eastfield",11,boy,-1.44,1,0.28,21.99,0,NA,0,0,29.42
1730,8,"Riverside",28,boy,-0.11,1,0.51,21.95,0,NA,0,0,21.33
1731,3,"Millbrook",9,boy,-0.88,1,0.18,27.66,0,NA,0,0,36.41
1732,8,"Riverside",27,girl,-0.18,0,0.72,22.99,0,NA,0,0,19.1
1733,8,"Riverside",27,girl,-0.23,0,0.58,19.26,0,NA,0,0,17.36
1734,7,"Station",22,boy,0.31,0,0.2,44.42,0,NA,0,0,41.83
1735,7,"Station",22,girl,-2.33,1,0.22,42.01,0,NA,0,0,38.35
1736,2,"Hillcrest",4,girl,0.14,0,0.54,24.17,0,NA,0,0,20.51
1737,3,"Millbrook",7,girl,0.59,0,0.33,21.56,0,NA,1,1,22.45
1738,10,"Southport",36,girl,1.12,0,0.42,31.7,0,NA,0,0,34.71
1739,6,"Old Town",18,girl,-0.22,0,0,44.19,0,NA,0,0,43.89
1740,5,"Westbank",15,girl,0.36,0,0.58,30.69,0,NA,0,0,31.24
1741,3,"Millbrook",7,boy,0.54,1,0.57,24.14,0,NA,0,0,22.77
1742,8,"Riverside",28,girl,-0.91,0,0.98,13.29,0,NA,1,0,18.51
1743,1,"Northgate",1,boy,-0.05,0,0.63,29.43,0,NA,0,0,25.63
1744,11,"Lakeside",37,girl,0.69,0,0.66,18.24,0,NA,0,0,16.27
1745,1,"Northgate",1,boy,0.07,1,0.4,30.4,0,NA,0,0,29.04
1746,9,"Greenmeadow",31,girl,0.42,1,0.88,4,1,4.64,0,0,6
1747,3,"Millbrook",8,girl,0.56,0,0.24,29.29,0,NA,0,0,29.36
1748,11,"Lakeside",37,girl,0.87,0,0.89,4,0,NA,0,0,13.9
1749,2,"Hillcrest",4,boy,0.77,1,0.79,10.14,0,NA,0,0,11.97
1750,6,"Old Town",18,boy,-0.25,0,0.1,43.11,0,NA,0,0,41.92
1751,2,"Hillcrest",5,boy,-0.85,1,0.63,27.34,0,NA,0,0,23.7
1752,3,"Millbrook",7,girl,0.94,0,0.69,23.52,0,NA,0,0,22.65
1753,3,"Millbrook",10,boy,-0.75,0,0.32,24.33,0,NA,0,0,28.25
1754,1,"Northgate",2,girl,-0.69,0,0.44,18.17,0,NA,0,0,26.3
1755,7,"Station",23,boy,-0.27,0,0.2,36.86,0,NA,0,0,39.92
1756,1,"Northgate",3,boy,0.26,0,0.67,27.87,0,NA,0,0,22.86
1757,3,"Millbrook",9,boy,0.07,0,0.6,16.29,0,NA,0,0,23.6
1758,4,"Eastfield",12,girl,-0.03,1,0.35,18.67,0,NA,0,0,25.11
1759,5,"Westbank",16,girl,-1.53,1,0.24,36.69,0,NA,0,0,29.84
1760,9,"Greenmeadow",31,boy,-0.18,0,1,15.79,1,17.35,0,0,14.07
1761,6,"Old Town",20,boy,-0.17,0,0.4,31.46,0,NA,0,0,37.83
1762,10,"Southport",33,boy,-0.46,0,0.4,30.36,0,NA,0,0,36.21
1763,6,"Old Town",18,girl,-0.64,0,0,56.31,0,NA,0,0,44.15
1764,5,"Westbank",16,girl,-0.95,1,0.51,36.56,0,NA,1,1,32.16
1765,8,"Riverside",28,girl,0.19,0,0.72,20.35,0,NA,1,0,21.79
1766,4,"Eastfield",11,boy,0.66,0,0.41,31.29,0,NA,0,0,26.33
1767,7,"Station",23,boy,-0.14,0,0.21,40.73,0,NA,1,0,44.58
1768,6,"Old Town",17,girl,1.5,0,0.23,37.64,0,NA,0,0,36.41
1769,9,"Greenmeadow",30,girl,0.24,0,0.78,14.04,0,NA,1,1,13.43
1770,4,"Eastfield",12,girl,0.8,0,0.39,17.33,0,NA,1,1,20.34
1771,6,"Old Town",21,boy,0.64,0,0,38.32,0,NA,0,0,42.67
1772,3,"Millbrook",7,boy,1.21,1,0.26,24.28,0,NA,0,1,25.92
1773,1,"Northgate",1,boy,1.05,0,0.67,17.07,0,NA,0,0,11.48
1774,3,"Millbrook",10,girl,-1.29,0,0.37,22.01,0,NA,0,0,24.47
1775,7,"Station",24,girl,-0.98,0,0.33,35.96,0,NA,0,0,36.96
1776,5,"Westbank",14,girl,-1.02,0,0.52,25.46,0,NA,0,0,27.45
1777,1,"Northgate",1,girl,-1.43,0,0.59,19.65,0,NA,0,0,23.74
1778,7,"Station",26,boy,0.26,0,0.15,39.54,0,NA,1,1,37.43
1779,7,"Station",23,girl,-0.89,0,0.35,34.66,0,NA,0,0,36.49
1780,2,"Hillcrest",4,boy,1.74,0,0.74,4.27,0,NA,1,1,11.14
1781,3,"Millbrook",10,girl,-1.42,0,0.25,36.64,0,NA,0,0,32.01
1782,4,"Eastfield",11,boy,-0.57,0,0.2,35.85,0,NA,0,0,33.82
1783,10,"Southport",34,boy,0.66,0,0.3,36.01,0,NA,0,0,30.87
1784,6,"Old Town",21,girl,0.9,0,0.28,44.7,0,NA,0,0,43.27
1785,6,"Old Town",21,boy,0.89,0,0.22,41.71,0,NA,0,0,38.32
1786,6,"Old Town",19,boy,-1.76,1,0.16,39.73,0,NA,0,0,43.21
1787,5,"Westbank",16,boy,0.24,0,0.72,32.89,0,NA,0,0,27.81
1788,7,"Station",26,girl,-1.14,0,0.1,46.9,0,NA,0,0,39.81
1789,12,"Harbour",40,girl,0.99,0,0.08,37.63,1,37,0,0,37.93
1790,12,"Harbour",40,boy,0.2,0,0.09,35.14,0,NA,0,0,33.81
1791,11,"Lakeside",38,girl,0.2,0,0.71,11.85,0,NA,0,0,14.13
1792,4,"Eastfield",12,boy,-0.92,0,0.29,27.16,0,NA,0,0,29.69
1793,8,"Riverside",29,girl,0.06,0,0.72,12.04,0,NA,0,0,20.43
1794,3,"Millbrook",10,boy,-0.73,0,0.45,21.25,0,NA,1,1,27.46
1795,6,"Old Town",19,boy,0.64,0,0.08,40.77,0,NA,0,0,39.65
1796,10,"Southport",33,girl,0.54,0,0.24,35.45,0,NA,0,0,38.17
1797,3,"Millbrook",10,boy,-0.15,1,0.47,27.06,0,NA,0,0,30.67
1798,11,"Lakeside",38,boy,0.57,0,0.97,7.19,0,NA,0,0,9.95
1799,3,"Millbrook",7,boy,-0.77,0,0.5,26.79,0,NA,0,0,24.48
1800,6,"Old Town",19,girl,0.86,0,0.28,37.99,0,NA,0,0,36.26
1801,6,"Old Town",19,boy,-0.6,1,0.17,29.22,0,NA,1,1,32.2
1802,5,"Westbank",13,girl,-0.18,0,0.28,18.82,0,NA,1,1,24.15
1803,12,"Harbour",40,boy,0.18,0,0.57,37.26,0,NA,0,0,39.58
1804,9,"Greenmeadow",31,boy,0.59,0,0.99,11.19,0,NA,0,0,16.5
1805,8,"Riverside",29,girl,0.04,0,0.36,14.58,0,NA,0,0,19.05
1806,7,"Station",24,girl,-0.65,0,0.15,49.85,0,NA,0,0,43.02
1807,6,"Old Town",17,girl,0.24,0,0.37,39.48,0,NA,0,1,38.73
1808,9,"Greenmeadow",31,boy,0.92,0,0.81,13.37,0,NA,0,1,17.67
1809,8,"Riverside",28,boy,2.1,0,0.29,25.38,0,NA,0,0,21.91
1810,2,"Hillcrest",6,girl,-0.28,0,0.64,27.02,0,NA,0,0,19.25
1811,3,"Millbrook",7,girl,2.49,0,0.41,20.73,0,NA,0,0,18.68
1812,12,"Harbour",39,boy,-0.57,0,0.1,36.84,0,NA,0,0,35.47
1813,7,"Station",22,boy,-0.21,1,0.14,24.52,0,NA,1,1,29.98
1814,10,"Southport",33,boy,-0.07,0,0.33,36.15,0,NA,1,1,32.22
1815,8,"Riverside",28,girl,-0.3,0,0.88,24.22,0,NA,0,0,25.45
1816,5,"Westbank",16,boy,0.3,0,0.48,22.07,0,NA,0,0,25.02
1817,5,"Westbank",13,girl,-1.25,1,0.68,28.22,0,NA,1,1,24.7
1818,7,"Station",22,boy,-1.5,0,0.08,36.07,0,NA,0,0,38.9
1819,2,"Hillcrest",4,girl,1.04,0,0.98,20.57,0,NA,0,0,16.6
1820,8,"Riverside",29,girl,0.66,1,0.42,27.58,0,NA,0,0,24.31
1821,3,"Millbrook",7,girl,-0.75,1,0.34,24.02,0,NA,0,0,19.94
1822,5,"Westbank",13,boy,0.37,0,0.45,27.53,0,NA,0,0,30.04
1823,6,"Old Town",21,girl,-0.01,0,0.25,40.92,0,NA,1,1,44.03
1824,9,"Greenmeadow",30,boy,-0.25,0,0.87,8.61,0,NA,0,0,8.47
1825,7,"Station",24,boy,-0.9,0,0,41.06,0,NA,0,0,47.39
1826,4,"Eastfield",12,boy,0.81,0,0.54,21.59,0,NA,0,0,18.05
1827,5,"Westbank",15,girl,0.01,0,0.41,35.13,0,NA,0,0,35.14
1828,10,"Southport",35,girl,-2.37,0,0.27,20.21,0,NA,0,0,25.06
1829,6,"Old Town",21,boy,-0.64,0,0.22,48.98,0,NA,0,0,45.35
1830,1,"Northgate",3,boy,-0.93,0,0.46,32.56,1,28.71,0,0,26.46
1831,5,"Westbank",15,girl,0.58,0,0.53,29.24,0,NA,0,0,21.78
1832,6,"Old Town",21,boy,-1.18,1,0.21,41.92,0,NA,0,0,38.76
1833,10,"Southport",34,girl,-0.35,1,0.29,38.8,0,NA,0,0,32.35
1834,2,"Hillcrest",4,girl,1.15,0,0.52,12.53,0,NA,0,0,16.6
1835,3,"Millbrook",7,boy,0.1,0,0.57,36.52,0,NA,0,0,29.01
1836,7,"Station",23,boy,0.7,0,0.12,51.67,0,NA,0,0,39.35
1837,8,"Riverside",29,boy,0.5,0,0.58,26.28,0,NA,0,0,24.78
1838,3,"Millbrook",10,boy,-0.22,0,0.18,39.59,0,NA,0,0,26.79
1839,7,"Station",22,boy,-0.59,0,0.05,44.8,1,51.21,1,1,51.94
1840,5,"Westbank",16,girl,-0.2,0,0.45,35.06,0,NA,1,0,28.87
1841,6,"Old Town",17,boy,-1.16,0,0.04,42.4,0,NA,0,0,43.21
1842,6,"Old Town",18,girl,0.63,0,0.19,42.97,0,NA,0,0,44.41
1843,10,"Southport",33,boy,1.75,0,0.37,26.86,0,NA,0,0,23.19
1844,8,"Riverside",29,girl,0.88,0,0.53,16.48,0,NA,0,0,22.47
1845,3,"Millbrook",8,girl,-0.14,0,0.46,35.44,1,28.4,0,0,28.33
1846,6,"Old Town",21,boy,0.09,0,0.14,30.44,0,NA,0,0,34.57
1847,3,"Millbrook",8,girl,0.58,0,0.42,27.42,1,24.23,0,0,23.93
1848,3,"Millbrook",9,boy,0.03,0,0.33,24.01,0,NA,0,0,25.22
1849,8,"Riverside",27,boy,-0.52,0,0.55,28.04,0,NA,1,1,23.62
1850,3,"Millbrook",9,girl,-0.66,0,0.48,22.09,0,NA,0,0,25.91
1851,7,"Station",26,boy,-0.35,0,0.27,44.38,0,NA,1,0,38.03
1852,3,"Millbrook",10,girl,0.85,0,0.27,25.23,0,NA,0,0,24.62
1853,6,"Old Town",19,boy,-0.9,0,0.03,31.01,0,NA,0,1,41.38
1854,4,"Eastfield",12,boy,-1.88,0,0.48,26.94,1,25.46,0,0,25.38
1855,4,"Eastfield",11,boy,-1.18,1,0.23,29.45,0,NA,0,0,27.7
1856,7,"Station",23,boy,-1.36,0,0.34,50.75,1,40.44,0,0,41.96
1857,3,"Millbrook",7,girl,0.58,0,0.28,14.97,0,NA,1,1,16.84
1858,4,"Eastfield",12,girl,-0.31,0,0.22,33.21,0,NA,0,0,24.09
1859,1,"Northgate",1,girl,-0.12,0,0.58,27.95,0,NA,0,0,24.15
1860,1,"Northgate",3,girl,-0.6,0,0.43,24.71,0,NA,0,0,16.5
1861,1,"Northgate",2,boy,1.23,0,0.62,18.85,0,NA,1,0,20.06
1862,10,"Southport",34,boy,-0.87,0,0.08,33.97,0,NA,0,0,33.95
1863,9,"Greenmeadow",31,girl,-0.95,0,1,14.81,0,NA,0,0,9.17
1864,3,"Millbrook",9,girl,0.51,0,0.15,33.36,0,NA,0,0,25.74
1865,8,"Riverside",28,boy,-0.78,0,0.43,18.89,0,NA,0,0,20.41
1866,3,"Millbrook",8,boy,1.23,0,0.49,7.49,0,NA,0,0,18.78
1867,9,"Greenmeadow",31,boy,0.5,0,0.77,11.2,0,NA,0,0,19.86
1868,6,"Old Town",18,boy,-0.55,1,0.02,49.29,0,NA,0,0,42.72
1869,8,"Riverside",28,boy,0.06,1,0.49,24.68,0,NA,0,0,20.14
1870,12,"Harbour",39,girl,-0.44,0,0.1,27.92,0,NA,0,0,33.29
1871,1,"Northgate",3,girl,0.14,0,0.67,15.72,0,NA,0,0,19.5
1872,7,"Station",23,boy,0.4,0,0.17,36.32,0,NA,1,1,38.08
1873,8,"Riverside",27,boy,0.44,1,0.57,15.16,0,NA,0,0,15.77
1874,1,"Northgate",1,girl,1.13,0,0.59,22.55,0,NA,0,0,16.52
1875,6,"Old Town",19,boy,-0.34,0,0.03,46.96,0,NA,0,0,44.07
1876,11,"Lakeside",37,boy,0.89,0,0.7,22.21,0,NA,1,0,19.37
1877,10,"Southport",33,girl,0.46,0,0.52,21.15,0,NA,0,0,29
1878,7,"Station",23,boy,-0.24,1,0,39.48,0,NA,1,1,40.94
1879,12,"Harbour",39,girl,0.02,0,0.2,44.98,0,NA,0,0,38.56
1880,10,"Southport",35,boy,1.73,0,0.29,25.99,0,NA,0,0,32.81
1881,11,"Lakeside",37,girl,0.29,0,0.63,14.62,1,17.46,0,0,18
1882,6,"Old Town",20,boy,0.61,1,0.13,41.34,0,NA,0,0,42.07
1883,5,"Westbank",14,girl,-0.87,0,0.55,32.08,0,NA,0,0,30.81
1884,10,"Southport",34,boy,0.09,0,0.23,36.16,0,NA,0,0,27.78
1885,7,"Station",25,girl,0.39,0,0,49.81,0,NA,0,0,38.94
1886,9,"Greenmeadow",31,girl,1.82,0,0.95,15.42,0,NA,0,0,11.36
1887,7,"Station",25,girl,1.42,0,0.16,40.36,0,NA,1,1,38.64
1888,10,"Southport",36,boy,1.44,0,0.18,34.7,0,NA,0,0,29.65
1889,3,"Millbrook",7,boy,1.31,0,0.5,22.08,0,NA,1,0,25.95
1890,5,"Westbank",16,boy,-1.04,0,0.51,27.95,0,NA,1,1,31.65
1891,2,"Hillcrest",6,boy,0.16,0,0.5,17.58,0,NA,1,1,15.06
1892,10,"Southport",35,boy,-0.37,0,0.4,27.61,0,NA,0,0,31.14
1893,7,"Station",26,boy,1.48,0,0.43,29.98,0,NA,1,1,31.84
1894,6,"Old Town",21,boy,0.53,0,0.09,28.91,0,NA,0,0,31.7
1895,9,"Greenmeadow",31,girl,0.56,0,0.91,15.89,0,NA,0,0,14.43
1896,7,"Station",23,boy,-1.56,0,0.14,44.79,0,NA,0,0,43.27
1897,10,"Southport",33,girl,0.8,0,0.3,27.91,0,NA,0,0,33.72
1898,12,"Harbour",40,girl,-0.72,0,0.45,27.53,0,NA,1,1,35.15
1899,4,"Eastfield",12,boy,1.45,0,0.56,23.73,0,NA,0,0,20.57
1900,4,"Eastfield",11,boy,-0.19,0,0.32,18.33,0,NA,0,0,16.8
1901,1,"Northgate",1,boy,1.9,0,0.48,25.12,0,NA,0,0,22.62
1902,5,"Westbank",16,girl,0.26,0,0.73,30.9,0,NA,0,0,30.52
1903,3,"Millbrook",9,girl,0.61,1,0.4,22.7,0,NA,0,0,29.42
1904,1,"Northgate",3,girl,-0.88,0,0.6,24.85,0,NA,0,0,22.88
1905,1,"Northgate",1,girl,-0.18,0,0.44,23.53,1,23.64,0,0,21.67
1906,1,"Northgate",2,boy,-0.31,0,0.47,17.91,0,NA,0,0,26.08
1907,1,"Northgate",1,girl,1.35,0,0.55,25.01,0,NA,0,0,21.34
1908,5,"Westbank",16,girl,0.95,0,0.4,19.3,0,NA,0,0,19.15
1909,1,"Northgate",1,girl,0.14,0,0.63,11.6,0,NA,0,0,17.77
1910,8,"Riverside",28,girl,-0.14,1,0.61,27.48,0,NA,0,0,19.29
1911,5,"Westbank",13,boy,-0.82,0,0.73,24.69,0,NA,0,0,28.01
1912,5,"Westbank",14,girl,0.44,0,0.64,24.42,0,NA,0,1,26.09
1913,7,"Station",23,girl,0.5,0,0.27,31.61,0,NA,1,0,31.83
1914,2,"Hillcrest",5,boy,0.22,0,0.71,31.97,0,NA,0,0,27.55
1915,8,"Riverside",28,boy,0.64,0,0.61,13.98,0,NA,0,0,15.16
1916,10,"Southport",35,boy,-0.24,1,0.12,41.02,0,NA,1,1,39.94
1917,12,"Harbour",40,girl,-1.96,0,0.14,35.78,0,NA,0,0,44
1918,2,"Hillcrest",5,boy,0.97,0,0.78,23.79,0,NA,0,0,16.16
1919,6,"Old Town",21,girl,-0.62,1,0.2,57.89,0,NA,0,0,47.74
1920,10,"Southport",34,boy,-0.43,1,0.13,42.16,1,39.36,0,0,40.9
1921,3,"Millbrook",8,boy,-0.47,0,0.61,13.17,0,NA,0,0,17.45
1922,5,"Westbank",14,boy,1.43,0,0.55,21.2,0,NA,0,0,19.72
1923,6,"Old Town",21,girl,-0.35,0,0,33.4,0,NA,0,1,35.71
1924,5,"Westbank",16,girl,1.43,0,0.56,27.53,0,NA,0,0,20.54
1925,7,"Station",22,boy,-0.3,0,0.13,42.02,0,NA,0,0,36.94
1926,7,"Station",25,boy,-0.89,0,0.11,44.37,0,NA,0,0,39.42
1927,4,"Eastfield",11,girl,-0.7,0,0.19,30.17,0,NA,0,0,26.62
1928,5,"Westbank",13,boy,-0.07,0,0.63,22.26,0,NA,0,0,27.73
1929,3,"Millbrook",8,boy,0.06,0,0.46,26.33,0,NA,0,0,24.82
1930,5,"Westbank",16,boy,1.46,0,0.61,26.44,0,NA,0,0,28.1
1931,3,"Millbrook",8,girl,-1.7,1,0.33,24.45,0,NA,1,0,26.57
1932,6,"Old Town",19,boy,0.32,0,0.09,41.59,0,NA,1,0,38.39
1933,7,"Station",23,girl,-0.45,0,0.15,32.38,0,NA,1,1,39.47
1934,6,"Old Town",17,boy,1.06,0,0.18,34.21,0,NA,1,0,33.71
1935,10,"Southport",35,girl,-0.06,0,0.31,24.82,0,NA,0,0,28.9
1936,10,"Southport",33,girl,1.5,0,0.18,39.95,0,NA,0,0,34.24
1937,2,"Hillcrest",6,girl,0.5,0,0.66,4,0,NA,0,0,12.11
1938,6,"Old Town",17,girl,-0.17,0,0.08,40.75,0,NA,0,0,41.01
1939,4,"Eastfield",12,boy,-0.28,0,0.39,27.3,1,23.54,0,0,26.62
1940,12,"Harbour",40,girl,-0.38,1,0,41.45,0,NA,0,0,34.48
1941,4,"Eastfield",11,boy,-1.9,0,0.49,36.55,0,NA,0,0,29.2
1942,8,"Riverside",28,boy,-0.75,0,0.6,24.8,0,NA,0,0,23.69
1943,5,"Westbank",14,boy,0.08,0,0.44,15.26,0,NA,1,0,24.46
1944,12,"Harbour",40,boy,-2.27,1,0.24,36.35,0,NA,0,0,32.73
1945,2,"Hillcrest",6,girl,0.75,0,0.67,10.8,0,NA,1,0,9.53
1946,5,"Westbank",15,girl,1.18,0,0.49,22.26,0,NA,0,0,25.67
1947,1,"Northgate",3,girl,-1.34,0,0.51,31.56,0,NA,1,0,24.57
1948,8,"Riverside",27,boy,1.03,0,0.7,15.16,0,NA,0,0,16.97
1949,10,"Southport",33,girl,1.27,0,0.08,36.4,0,NA,0,0,37.73
1950,12,"Harbour",39,girl,0.07,0,0.33,23.95,0,NA,1,0,26.49
1951,5,"Westbank",14,girl,0.28,0,0.4,10.64,0,NA,0,0,21.91
1952,9,"Greenmeadow",32,girl,-0.96,0,0.76,21.23,0,NA,0,0,20.01
1953,6,"Old Town",17,girl,-0.82,1,0.04,42.53,0,NA,1,1,49.92
1954,7,"Station",25,boy,1.27,0,0.25,28.07,0,NA,0,0,34.34
1955,3,"Millbrook",7,girl,0.11,0,0.43,25.88,0,NA,0,0,20.6
1956,12,"Harbour",39,boy,-0.42,0,0.3,36.46,0,NA,1,1,32.4
1957,2,"Hillcrest",4,boy,0.75,0,0.64,8.19,0,NA,0,0,17.27
1958,6,"Old Town",19,girl,-0.14,0,0.05,46.62,0,NA,1,1,41.97
1959,7,"Station",25,girl,-0.08,0,0.07,40.82,0,NA,1,0,40.04
1960,10,"Southport",33,boy,1.09,1,0.44,32.77,0,NA,0,0,29.52
1961,5,"Westbank",14,girl,-1.84,0,0.32,18.29,0,NA,0,0,30.62
1962,3,"Millbrook",10,boy,0.21,0,0.57,26.4,0,NA,1,1,25.2
1963,3,"Millbrook",8,girl,-0.53,0,0.49,13.51,0,NA,0,0,28.73
1964,4,"Eastfield",11,boy,-0.18,0,0.46,25.3,0,NA,1,1,30.5
1965,1,"Northgate",1,girl,0.78,0,0.6,29.58,0,NA,0,0,22.5
1966,4,"Eastfield",11,boy,-0.13,0,0.16,31.29,0,NA,0,0,29.9
1967,10,"Southport",36,girl,-1.48,0,0.28,48.38,0,NA,0,0,38.15
1968,12,"Harbour",40,boy,-1.56,0,0.22,36.78,0,NA,0,0,37.27
1969,9,"Greenmeadow",31,girl,1.33,0,1,5.95,0,NA,0,0,6
1970,6,"Old Town",19,girl,-0.6,0,0.24,39.97,0,NA,0,0,43.9
1971,2,"Hillcrest",5,girl,-0.03,1,0.76,16.3,0,NA,0,0,18.8
1972,5,"Westbank",16,girl,-1.14,1,0.49,31.63,0,NA,1,1,29.14
1973,9,"Greenmeadow",31,girl,-0.47,0,0.91,17.34,0,NA,1,1,16.26
1974,10,"Southport",35,boy,0.76,0,0.46,22.38,0,NA,0,0,24.01
1975,2,"Hillcrest",4,girl,-0.09,0,0.64,15.58,0,NA,0,1,18.58
1976,12,"Harbour",39,boy,-0.18,0,0.16,40.78,1,39.35,0,0,38.43
1977,9,"Greenmeadow",30,boy,1.31,0,1,7.27,0,NA,1,0,6.28
1978,9,"Greenmeadow",31,girl,0.64,0,1,10.68,0,NA,1,0,11.22
1979,3,"Millbrook",8,girl,-0.29,0,0.37,16.08,1,25.17,0,0,28.35
1980,2,"Hillcrest",6,boy,-0.78,0,0.73,12.82,0,NA,1,1,9.84
1981,8,"Riverside",29,girl,0.33,0,0.54,19.36,0,NA,0,0,23.41
1982,10,"Southport",35,girl,0.3,0,0.34,33.58,0,NA,0,0,33.67
1983,7,"Station",23,boy,-0.19,1,0.34,29.28,0,NA,0,0,31.32
1984,10,"Southport",34,boy,-1.93,0,0.21,34.36,0,NA,0,0,31.83
1985,3,"Millbrook",7,girl,1.14,0,0.35,25.25,0,NA,0,0,26.29
1986,7,"Station",24,girl,0.4,0,0.16,40.4,0,NA,0,0,39.51
1987,1,"Northgate",3,girl,0.14,0,0.67,24.23,0,NA,0,0,22.07
1988,1,"Northgate",1,girl,0.52,0,0.62,27.25,0,NA,0,0,29.47
1989,9,"Greenmeadow",32,girl,1.66,0,1,11.78,0,NA,0,0,10.59
1990,10,"Southport",36,boy,-1.21,0,0.29,39.22,0,NA,0,0,33.01
1991,8,"Riverside",28,girl,2.01,0,0.64,24.04,0,NA,0,0,23.49
1992,5,"Westbank",15,girl,-1.28,1,0.6,17.36,0,NA,0,0,27.88
1993,2,"Hillcrest",6,girl,0.56,0,0.77,4,0,NA,0,0,6
1994,2,"Hillcrest",5,girl,-0.56,1,0.68,18.78,0,NA,0,0,17.68
1995,3,"Millbrook",7,boy,-0.68,1,0.46,23.33,0,NA,0,0,26.28
1996,9,"Greenmeadow",30,girl,0.34,0,0.88,18.02,0,NA,1,0,14.64
1997,7,"Station",24,girl,-1.7,1,0.19,35,0,NA,0,0,37.94
1998,6,"Old Town",17,boy,0.66,0,0.32,45.51,1,39.87,0,0,38.19
1999,10,"Southport",36,boy,0.25,0,0.24,40.15,0,NA,0,0,33.38
2000,9,"Greenmeadow",31,boy,1.11,0,1,8.37,0,NA,0,0,9.53
2001,2,"Hillcrest",4,girl,1.08,0,0.63,12.09,0,NA,0,0,13.8
2002,9,"Greenmeadow",32,boy,0.38,0,0.82,19.42,0,NA,0,0,15.58
2003,1,"Northgate",2,girl,0.17,1,0.53,23.73,0,NA,0,0,25.68
2004,1,"Northgate",1,boy,-0.71,0,0.67,24.39,0,NA,1,0,23.46
2005,10,"Southport",34,girl,-0.97,0,0.36,34.83,0,NA,0,0,34.27
2006,2,"Hillcrest",4,boy,1.01,0,0.82,17.79,0,NA,0,0,19.91
2007,9,"Greenmeadow",32,boy,2.27,0,0.66,30.37,0,NA,0,0,18
2008,4,"Eastfield",11,girl,-1.86,1,0.12,25.75,0,NA,0,0,18.84
2009,11,"Lakeside",38,girl,0.65,0,0.69,16.32,0,NA,1,0,12.85
2010,8,"Riverside",29,boy,-1.3,0,0.43,15.57,0,NA,1,1,24.68
2011,3,"Millbrook",10,girl,2.02,0,0.26,25.63,0,NA,1,1,29.18
2012,10,"Southport",34,girl,0.32,0,0.36,32.73,0,NA,0,0,29.2
2013,9,"Greenmeadow",31,girl,-0.55,1,0.83,9,0,NA,0,0,6
2014,1,"Northgate",2,boy,1.44,1,0.25,24.5,0,NA,0,0,29.04
2015,7,"Station",23,girl,0.2,0,0.11,39.08,0,NA,0,0,40.83
2016,4,"Eastfield",12,boy,0.79,0,0.58,30.15,0,NA,0,0,25.85
2017,10,"Southport",36,boy,-0.62,1,0.35,32.63,0,NA,0,0,34.43
2018,10,"Southport",35,boy,-0.58,0,0.41,25.71,1,30.34,0,1,32.8
2019,1,"Northgate",3,boy,-0.78,1,0.59,22.8,0,NA,1,1,19.14
2020,7,"Station",22,boy,0.8,0,0.15,46.34,0,NA,0,0,43.53
2021,6,"Old Town",21,girl,-1.26,0,0.23,52.53,0,NA,1,1,45.75
2022,7,"Station",22,boy,-1.72,1,0.14,35.11,0,NA,0,0,37.17
2023,8,"Riverside",27,boy,-0.22,0,0.54,31.75,0,NA,0,0,23.67
2024,3,"Millbrook",8,boy,1.04,0,0.43,32.69,0,NA,0,0,27.74
2025,3,"Millbrook",10,boy,0.08,0,0.44,33.03,0,NA,0,0,32.02
2026,6,"Old Town",20,girl,0.24,0,0.09,28.29,0,NA,0,0,37.99
2027,7,"Station",24,girl,-0.95,1,0.23,38.76,0,NA,0,0,41.77
2028,5,"Westbank",14,boy,-0.24,0,0.47,23.13,0,NA,0,0,21.74
2029,10,"Southport",33,girl,-1.25,0,0.32,46.27,0,NA,1,1,36.11
2030,9,"Greenmeadow",30,boy,0.44,0,0.95,15.37,0,NA,0,0,9.83
2031,3,"Millbrook",7,girl,-1.6,1,0.52,21.14,0,NA,0,0,20.79
2032,7,"Station",22,boy,-1.03,1,0.31,48,0,NA,0,0,40.21
2033,1,"Northgate",1,boy,0.08,0,0.61,28.23,0,NA,0,0,19.72
2034,7,"Station",25,girl,-0.39,0,0.23,30.52,0,NA,0,0,34.98
2035,10,"Southport",33,boy,0.73,0,0.38,25.56,0,NA,0,0,28.44
2036,3,"Millbrook",7,boy,-0.95,0,0.49,20.76,0,NA,1,0,22.98
2037,2,"Hillcrest",5,boy,-0.26,1,0.77,16.23,0,NA,0,0,16.26
2038,2,"Hillcrest",5,boy,0.74,0,0.72,11.18,1,13.41,0,0,14.28
2039,1,"Northgate",2,boy,-1.4,1,0.55,21.33,0,NA,1,1,23.55
2040,11,"Lakeside",37,boy,1.26,0,0.65,19.99,0,NA,0,0,14.88
2041,3,"Millbrook",10,boy,-1.05,0,0.34,26.52,0,NA,0,0,33.25
2042,2,"Hillcrest",5,boy,-0.08,0,0.75,24.7,0,NA,0,0,16.45
2043,12,"Harbour",40,girl,-1.48,0,0.35,29.9,0,NA,0,0,32.52
2044,10,"Southport",33,boy,-0.5,0,0.27,32.27,0,NA,0,0,31.07
2045,1,"Northgate",2,girl,0.4,0,0.31,17.77,0,NA,0,0,24.74
2046,5,"Westbank",13,girl,0.12,0,0.55,17.42,0,NA,0,0,23.84
2047,7,"Station",24,boy,-0.69,0,0.34,39.85,0,NA,0,0,40.1
2048,5,"Westbank",16,boy,-0.51,0,0.43,33.52,0,NA,1,1,27.58
2049,7,"Station",25,boy,-1.37,0,0.06,48.82,1,41.57,0,0,40.61
2050,3,"Millbrook",9,boy,0.32,0,0.32,30.28,0,NA,0,0,29.92
2051,10,"Southport",33,girl,-0.67,0,0.3,32.49,0,NA,0,0,32.14
2052,9,"Greenmeadow",31,boy,-0.23,0,0.79,16.6,0,NA,0,0,13.17
2053,12,"Harbour",39,girl,-1.45,1,0.3,41.96,0,NA,0,1,40.57
2054,1,"Northgate",2,boy,0.05,0,0.57,26.83,0,NA,0,0,19.61
2055,4,"Eastfield",11,girl,-0.34,0,0.43,24.54,0,NA,1,1,26.42
2056,3,"Millbrook",9,girl,-0.38,0,0.31,29.35,0,NA,0,0,28.96
2057,10,"Southport",35,boy,0.79,0,0.25,33.05,0,NA,0,0,30.52
2058,10,"Southport",35,girl,-0.26,1,0.28,39.02,0,NA,0,0,33.65
2059,12,"Harbour",39,boy,-0.47,0,0.42,35.43,0,NA,0,0,33.66
2060,8,"Riverside",27,girl,1.68,1,0.5,25.33,0,NA,0,0,17.43
2061,12,"Harbour",40,boy,-0.29,0,0.19,27.14,0,NA,0,0,33.95
2062,10,"Southport",35,girl,-0.44,0,0.32,37.39,0,NA,0,0,34.93
2063,10,"Southport",36,girl,-0.51,0,0.35,33.2,0,NA,1,1,33.18
2064,7,"Station",25,boy,-0.52,0,0.09,44.26,0,NA,0,0,47.37
2065,1,"Northgate",1,boy,-1.7,1,0.59,32.79,0,NA,1,1,27.73
2066,9,"Greenmeadow",32,boy,0.59,0,0.96,4,0,NA,0,0,8.11
2067,4,"Eastfield",11,girl,0.78,0,0.3,28.06,1,31.28,1,0,30.32
2068,5,"Westbank",16,girl,-1,0,0.61,30.42,0,NA,0,0,22.43
2069,7,"Station",23,girl,1.09,1,0.38,31.53,0,NA,0,0,40.27
2070,10,"Southport",35,boy,0.36,0,0.29,32.84,0,NA,0,0,31.52
2071,7,"Station",22,girl,0.47,1,0.21,36.76,0,NA,0,0,40.27
2072,9,"Greenmeadow",30,boy,-0.02,0,0.82,4,1,10.98,0,0,8.7
2073,6,"Old Town",17,girl,1.24,0,0.23,34.73,1,35.53,0,0,37.87
2074,10,"Southport",33,boy,1.5,0,0.32,43.27,0,NA,0,0,32.51
2075,10,"Southport",34,boy,-0.47,0,0.3,25.2,0,NA,1,1,30.38
2076,6,"Old Town",18,boy,-0.86,0,0.14,40.1,1,47.12,0,0,44.3
2077,4,"Eastfield",12,girl,0.17,1,0.18,32.4,0,NA,0,0,29.8
2078,10,"Southport",36,boy,0.97,0,0.26,47.27,0,NA,0,0,39.95
2079,3,"Millbrook",7,boy,-0.29,0,0.47,26.13,0,NA,0,0,21.81
2080,6,"Old Town",18,girl,1.39,0,0.02,37.92,0,NA,0,0,39.52
2081,9,"Greenmeadow",32,boy,1.68,0,1,20.06,0,NA,1,0,10.86
2082,4,"Eastfield",12,girl,-0.07,0,0.17,15.1,0,NA,0,0,23.98
2083,10,"Southport",35,girl,0.07,0,0.32,34.62,0,NA,0,0,33.91
2084,7,"Station",24,girl,-0.53,0,0.32,44.44,0,NA,0,0,39.14
2085,12,"Harbour",39,girl,-1.31,0,0.12,41.41,0,NA,0,0,42.67
2086,1,"Northgate",1,boy,1.49,0,0.62,42.22,1,29.6,1,0,31.01
2087,12,"Harbour",39,boy,-1.37,0,0,21.55,0,NA,0,0,35.27
2088,7,"Station",25,boy,0.73,0,0.04,52.32,0,NA,0,0,43.62
2089,3,"Millbrook",7,boy,-1.87,0,0.33,27.24,0,NA,0,0,31.94
2090,3,"Millbrook",8,girl,-1.04,0,0.43,30.01,0,NA,0,0,27
2091,6,"Old Town",21,girl,-0.84,1,0.12,40.79,0,NA,0,1,43.84
2092,6,"Old Town",17,boy,0.44,1,0.14,44.36,0,NA,0,0,35.47
2093,3,"Millbrook",9,girl,1.4,0,0.25,33.99,0,NA,0,0,31.35
2094,10,"Southport",34,girl,-1.07,0,0.08,36.56,0,NA,0,0,38.22
2095,1,"Northgate",3,girl,-1.13,1,0.7,24.9,0,NA,1,1,24.98
2096,6,"Old Town",21,girl,-0.26,1,0,32.94,0,NA,0,0,39.86
2097,10,"Southport",33,boy,-0.44,1,0.25,37.42,0,NA,0,0,40.28
2098,2,"Hillcrest",4,girl,1.46,0,0.85,24.59,0,NA,0,0,17.91
2099,2,"Hillcrest",6,girl,2.27,0,0.81,21.05,0,NA,0,0,11.07
2100,10,"Southport",36,boy,-0.25,0,0.06,36.2,0,NA,1,1,38.02
2101,9,"Greenmeadow",30,girl,0.96,0,0.87,6.51,0,NA,0,0,14.81
2102,5,"Westbank",13,boy,2.32,0,0.65,31.23,1,17.67,0,0,19.24
2103,7,"Station",25,boy,0.5,0,0.04,35.33,0,NA,0,0,36.71
2104,3,"Millbrook",10,boy,-0.67,0,0.25,27.76,0,NA,0,1,32.86
2105,11,"Lakeside",37,boy,0.15,0,0.88,22.17,0,NA,0,0,20.93
2106,3,"Millbrook",9,boy,-2.06,1,0.36,29.85,0,NA,0,0,29.56
2107,9,"Greenmeadow",31,boy,-0.01,0,0.93,4,0,NA,0,0,7.58
2108,9,"Greenmeadow",30,boy,1.22,0,0.75,17.83,0,NA,0,0,19.15
2109,1,"Northgate",1,girl,0.14,0,0.42,20.61,0,NA,0,0,23.55
2110,4,"Eastfield",11,boy,-0.31,0,0.46,36.88,0,NA,0,0,34.67
2111,10,"Southport",35,boy,-0.49,0,0.12,36.82,0,NA,0,0,36.62
2112,12,"Harbour",39,girl,-0.89,0,0.42,35.6,0,NA,0,0,27.58
2113,10,"Southport",33,boy,-1.27,0,0.38,36.2,1,35.85,0,0,37.19
2114,6,"Old Town",21,boy,0.84,0,0.13,44.48,0,NA,0,0,37.33
2115,9,"Greenmeadow",30,boy,1.05,0,0.75,17.41,0,NA,0,0,15.74
2116,10,"Southport",35,girl,0.14,0,0.34,32.29,0,NA,1,1,35.86
2117,1,"Northgate",1,girl,1.57,0,0.5,17.55,0,NA,0,0,20.22
2118,8,"Riverside",28,boy,0.94,0,0.49,25.02,0,NA,1,1,20.28
2119,3,"Millbrook",9,boy,-0.77,0,0.48,24.35,0,NA,0,0,22.59
2120,5,"Westbank",14,boy,-0.6,0,0.35,36.13,0,NA,0,0,32.17
2121,6,"Old Town",18,girl,0.09,0,0,35.84,0,NA,0,0,41.51
2122,9,"Greenmeadow",32,girl,0.34,0,0.82,13.57,0,NA,0,0,14.27
2123,10,"Southport",34,girl,-1.6,0,0.19,34.54,0,NA,0,0,30.11
2124,4,"Eastfield",12,boy,-1.06,0,0.46,30.4,0,NA,1,0,26.88
2125,4,"Eastfield",12,boy,0.94,0,0.38,28.46,0,NA,0,0,24.83
2126,10,"Southport",36,girl,0.25,1,0.35,36.26,0,NA,0,0,34.18
2127,9,"Greenmeadow",30,boy,0.44,0,0.83,5.83,0,NA,0,0,13.06
2128,9,"Greenmeadow",32,boy,-0.76,0,1,12.64,0,NA,0,1,11.99
2129,10,"Southport",35,boy,-0.38,0,0.28,28.35,0,NA,0,0,26.94
2130,5,"Westbank",14,boy,-0.61,1,0.43,37.75,0,NA,0,0,29.69
2131,8,"Riverside",29,girl,1.12,0,0.7,14.76,0,NA,0,0,15.24
2132,7,"Station",22,girl,-0.07,1,0.26,41.37,0,NA,0,0,44.21
2133,4,"Eastfield",11,boy,-0.18,0,0.25,25.04,0,NA,0,0,22.3
2134,3,"Millbrook",9,boy,-1.47,1,0.28,32.92,0,NA,0,0,29.05
2135,5,"Westbank",13,girl,1.94,0,0.54,24.01,0,NA,0,0,25.98
2136,1,"Northgate",3,boy,-0.49,0,0.51,22.04,0,NA,1,0,17.59
2137,1,"Northgate",2,boy,-0.7,1,0.69,32,0,NA,0,0,23.97
2138,10,"Southport",36,boy,-1.01,0,0.29,19.12,0,NA,0,0,24.09
2139,6,"Old Town",18,girl,1.22,0,0.33,35.43,0,NA,0,0,35.13
2140,7,"Station",26,boy,0.93,0,0.17,36.89,0,NA,0,0,41.21
2141,5,"Westbank",14,girl,1.32,0,0.5,31.22,0,NA,0,0,28.16
2142,1,"Northgate",2,boy,-1.41,0,0.66,31.96,0,NA,0,0,28.5
2143,8,"Riverside",28,boy,0.56,0,0.61,15.41,0,NA,0,0,17.34
2144,2,"Hillcrest",5,girl,2.37,0,0.65,9.65,0,NA,0,0,8.87
2145,5,"Westbank",16,girl,0.12,0,0.66,19.17,0,NA,1,1,24.09
2146,9,"Greenmeadow",31,girl,0.75,0,0.76,4.51,0,NA,1,0,7.57
2147,7,"Station",26,girl,-1.41,1,0.27,38.72,0,NA,1,1,37.67
2148,3,"Millbrook",9,girl,0.07,0,0.39,33.08,0,NA,0,0,28.04
2149,3,"Millbrook",7,girl,-0.96,0,0.36,33.96,0,NA,0,0,34.03
2150,4,"Eastfield",11,girl,-0.21,0,0.52,15.01,0,NA,0,0,28.45
2151,12,"Harbour",40,girl,-0.94,1,0.34,39.26,0,NA,0,0,38.36
2152,5,"Westbank",16,boy,1.5,0,0.39,31.52,0,NA,0,0,26.27
2153,1,"Northgate",1,girl,0.72,0,0.54,20.58,0,NA,0,0,23.57
2154,1,"Northgate",3,girl,-1.14,0,0.5,25.84,0,NA,1,1,28.68
2155,1,"Northgate",1,boy,-0.23,0,0.68,22.11,0,NA,0,0,23.38
2156,1,"Northgate",2,girl,1.57,0,0.62,20.6,0,NA,0,0,20.77
2157,2,"Hillcrest",5,girl,0.58,0,0.77,10.97,0,NA,0,0,17.83
2158,8,"Riverside",29,boy,-1.25,0,0.71,15.5,0,NA,0,0,21.19
2159,10,"Southport",34,girl,0.51,0,0.26,35.85,0,NA,0,0,35.91
2160,12,"Harbour",39,boy,-0.33,0,0.36,25.07,0,NA,0,0,32.08
2161,6,"Old Town",18,boy,-0.24,0,0.07,42.56,0,NA,1,0,44.86
2162,6,"Old Town",18,girl,-1.11,0,0.22,54.99,0,NA,1,1,50.54
2163,1,"Northgate",1,boy,0.22,0,0.56,15.71,0,NA,0,0,15.04
2164,8,"Riverside",28,boy,-1.2,0,0.37,42.48,0,NA,0,0,35.37
2165,6,"Old Town",19,boy,-0.69,1,0.26,42.22,0,NA,1,0,46.15
2166,2,"Hillcrest",4,boy,0.87,0,0.54,14.19,0,NA,0,0,19.69
2167,11,"Lakeside",38,boy,0.52,0,0.78,14.56,0,NA,0,1,13.76
2168,7,"Station",26,girl,0.65,0,0.22,40.94,0,NA,0,0,42.26
2169,10,"Southport",34,boy,-0.22,0,0.14,29.87,0,NA,0,0,34.95
2170,8,"Riverside",29,girl,-1.01,1,0.65,19.72,0,NA,0,0,22.91
2171,9,"Greenmeadow",32,boy,-0.17,0,0.82,22.75,0,NA,0,0,17.96
2172,10,"Southport",33,girl,1.33,0,0,28.44,0,NA,0,0,28.72
2173,6,"Old Town",20,girl,0.43,0,0,46.59,0,NA,1,0,40.91
2174,10,"Southport",36,boy,0.51,0,0.13,36.77,0,NA,1,0,32.75
2175,9,"Greenmeadow",30,girl,0.55,0,0.98,7.3,0,NA,0,0,10.25
2176,7,"Station",23,boy,0.18,0,0.09,30,0,NA,0,0,34.62
2177,6,"Old Town",21,girl,-0.4,0,0.06,38.21,0,NA,0,0,42.75
2178,7,"Station",26,boy,-1.2,0,0.09,33.87,0,NA,0,0,34.17
2179,3,"Millbrook",10,boy,-0.29,0,0.43,21.53,0,NA,0,0,25.4
2180,6,"Old Town",20,boy,0.83,0,0.16,34.83,0,NA,0,0,38.32
2181,7,"Station",25,boy,-0.11,0,0.16,34.98,0,NA,0,0,33.21
2182,5,"Westbank",16,girl,0.23,0,0.51,31.98,0,NA,0,0,31.2
2183,6,"Old Town",20,boy,-2.08,0,0.1,38.6,0,NA,1,1,43.65
2184,6,"Old Town",18,girl,-0.61,1,0.11,33.48,0,NA,0,1,39.31
2185,9,"Greenmeadow",31,boy,-1.69,1,0.98,11.02,0,NA,1,1,11.6
2186,4,"Eastfield",12,girl,0.16,0,0.27,36.51,0,NA,1,0,26.46
2187,3,"Millbrook",10,girl,0.46,0,0.36,19.45,1,19.82,0,0,21.72
2188,2,"Hillcrest",5,girl,-0.42,1,0.82,18.05,0,NA,0,0,19.98
2189,6,"Old Town",19,girl,-1.54,0,0,37.99,0,NA,0,0,37.68
2190,7,"Station",23,boy,0.66,0,0.05,37.77,0,NA,0,0,36.74
2191,8,"Riverside",29,boy,0.69,0,0.4,19.89,0,NA,1,0,23.5
2192,1,"Northgate",3,boy,0.96,0,0.25,26.81,0,NA,0,0,30.81
2193,12,"Harbour",39,boy,-0.89,0,0.3,34.21,0,NA,1,1,38.1
2194,3,"Millbrook",10,boy,0.5,0,0.38,33.05,0,NA,1,0,27.88
2195,7,"Station",25,girl,1.82,0,0.24,33.37,0,NA,0,0,34.45
2196,9,"Greenmeadow",30,boy,0.26,1,0.74,10.02,0,NA,1,0,11.98
2197,2,"Hillcrest",5,boy,0.43,0,0.4,25.35,0,NA,0,0,24.46
2198,3,"Millbrook",8,girl,0.77,0,0.52,25.04,0,NA,0,0,21.96
2199,6,"Old Town",19,boy,-0.55,0,0.06,45.83,0,NA,0,0,48.8
2200,3,"Millbrook",9,girl,0.08,1,0.43,26.02,0,NA,0,0,27.4
2201,3,"Millbrook",10,boy,0.77,0,0.54,18.43,0,NA,0,0,26.88
2202,4,"Eastfield",12,boy,-0.03,1,0.34,24.98,0,NA,0,0,21.76
2203,7,"Station",23,girl,-0.03,0,0.39,37.06,0,NA,0,1,39.27
2204,2,"Hillcrest",4,girl,1.06,0,0.93,21.33,0,NA,1,0,13
2205,3,"Millbrook",10,girl,0.57,0,0.26,28.95,0,NA,0,0,26.92
2206,6,"Old Town",21,boy,0.71,0,0.02,51.28,0,NA,0,0,46.36
2207,2,"Hillcrest",6,girl,1.31,0,0.57,16.91,0,NA,0,0,22.65
2208,7,"Station",26,boy,-0.89,0,0.25,48.84,0,NA,1,1,43.42
2209,9,"Greenmeadow",32,girl,0.88,1,0.85,16.58,0,NA,0,0,17.87
2210,5,"Westbank",16,girl,1.05,1,0.44,21.4,0,NA,0,0,21.68
2211,2,"Hillcrest",4,boy,0.89,0,0.85,19.01,0,NA,0,0,14.41
2212,3,"Millbrook",7,boy,-0.14,0,0.24,41.78,1,33.65,0,0,35.33
2213,8,"Riverside",27,girl,1.03,0,0.32,25.19,0,NA,0,0,24.62
2214,11,"Lakeside",37,boy,-1.5,1,0.86,6.23,0,NA,0,0,13.75
2215,11,"Lakeside",37,boy,-1.45,0,0.7,20.24,0,NA,0,0,16.08
2216,5,"Westbank",13,boy,0.91,0,0.45,30.68,0,NA,1,1,24.67
2217,4,"Eastfield",12,girl,-0.42,1,0.28,22.65,0,NA,0,0,30.2
2218,2,"Hillcrest",6,girl,-0.03,0,0.59,19.09,0,NA,0,0,20.9
2219,2,"Hillcrest",5,boy,-0.44,0,0.73,24.16,0,NA,0,0,16.58
2220,6,"Old Town",20,boy,1.68,0,0.08,38.38,0,NA,0,0,34.92
2221,5,"Westbank",15,boy,-0.63,0,0.4,15.41,0,NA,0,0,24.49
2222,7,"Station",26,boy,-0.17,0,0.17,46.12,0,NA,0,0,38.98
2223,4,"Eastfield",11,boy,0.76,0,0.5,4,1,19.85,0,0,19.48
2224,10,"Southport",33,boy,1.31,0,0.28,37.59,0,NA,0,0,29.13
2225,9,"Greenmeadow",32,girl,-0.63,1,0.78,16.53,0,NA,0,0,17.59
2226,7,"Station",26,boy,0.42,0,0.29,34.83,0,NA,0,0,38.91
2227,5,"Westbank",13,boy,-0.02,0,0.53,23.28,0,NA,0,0,23.17
2228,2,"Hillcrest",4,boy,0.15,0,0.82,11.72,0,NA,0,0,14.61
2229,6,"Old Town",19,girl,-0.49,0,0.07,50.71,0,NA,0,0,50.32
2230,1,"Northgate",2,girl,-0.06,0,0.64,28.54,0,NA,1,1,23.68
2231,8,"Riverside",27,girl,0.28,0,0.74,22.28,0,NA,0,0,16.59
2232,1,"Northgate",3,boy,0.43,0,0.66,23.86,0,NA,0,0,24.12
2233,5,"Westbank",14,girl,1.15,0,0.36,29.2,0,NA,0,0,31.71
2234,7,"Station",26,girl,-0.19,0,0.35,39.68,0,NA,0,0,36.99
2235,7,"Station",23,girl,-1.57,0,0.3,49.92,0,NA,0,0,44.34
2236,7,"Station",25,girl,0.03,0,0.1,57.82,0,NA,0,0,50.09
2237,2,"Hillcrest",6,girl,-0.15,1,0.71,16.19,0,NA,0,0,13.56
2238,12,"Harbour",40,girl,-0.32,0,0.41,26.24,0,NA,0,0,27.98
2239,1,"Northgate",2,boy,1.08,0,0.58,17.23,0,NA,0,0,17.65
2240,7,"Station",25,boy,-0.68,0,0.29,40.31,0,NA,0,0,40.28
2241,10,"Southport",34,boy,-1.21,0,0.27,41.48,0,NA,0,0,31.47
2242,4,"Eastfield",12,boy,-0.52,0,0.16,26.33,0,NA,0,0,27.39
2243,3,"Millbrook",10,girl,-1.21,1,0.22,19.83,0,NA,1,1,22.95
2244,6,"Old Town",19,girl,1.05,0,0.05,31.78,0,NA,0,0,35.42
2245,10,"Southport",35,girl,-0.67,1,0.14,42.95,0,NA,0,0,44.09
2246,9,"Greenmeadow",30,girl,1.55,1,0.99,4,0,NA,0,0,9.19
2247,2,"Hillcrest",6,girl,-1.04,0,0.7,20.31,1,23.22,0,0,22.7
2248,6,"Old Town",20,girl,0.14,0,0.26,22.25,0,NA,1,1,31.55
2249,1,"Northgate",2,boy,-0.29,1,0.63,26.38,0,NA,0,0,24.22
2250,1,"Northgate",3,girl,1.01,0,0.75,10.4,0,NA,0,0,14.08
2251,10,"Southport",34,boy,-0.1,1,0.3,31.91,0,NA,0,0,33.96
2252,1,"Northgate",1,boy,-0.59,0,0.64,17.56,0,NA,0,0,21.01
2253,10,"Southport",33,girl,0.03,1,0.17,45.88,0,NA,0,0,34.65
2254,2,"Hillcrest",6,boy,0.07,0,0.97,21.37,0,NA,0,0,15.81
2255,2,"Hillcrest",4,boy,1.67,0,0.47,12.87,0,NA,0,0,17.63
2256,2,"Hillcrest",5,girl,1.08,0,0.68,9.94,0,NA,0,0,10.54
2257,5,"Westbank",15,girl,-1.04,0,0.56,18.87,0,NA,1,0,25.56
2258,12,"Harbour",39,girl,0.29,0,0.24,29.8,0,NA,0,0,29.81
2259,3,"Millbrook",10,girl,-0.29,0,0.3,31.75,0,NA,0,0,29.68
2260,11,"Lakeside",38,boy,-0.24,0,0.76,11.68,0,NA,0,1,13.79
2261,9,"Greenmeadow",30,girl,0.14,0,0.91,18.81,0,NA,0,0,16.64
2262,1,"Northgate",2,boy,0.05,1,0.49,20.79,0,NA,0,0,19.86
2263,7,"Station",25,boy,0.9,0,0,37.76,0,NA,1,1,39.17
2264,6,"Old Town",21,boy,0.94,0,0.01,42.37,0,NA,0,0,44.54
2265,10,"Southport",33,boy,-0.08,0,0.29,29.13,0,NA,0,1,33.67
2266,7,"Station",22,girl,0.85,0,0.09,38.02,0,NA,0,0,36.64
2267,6,"Old Town",17,boy,-0.11,0,0.2,54.15,0,NA,0,0,44.43
2268,2,"Hillcrest",5,girl,-0.21,0,0.57,12.96,0,NA,0,0,18.11
2269,10,"Southport",36,girl,-0.8,0,0.37,35.93,0,NA,0,0,37.23
2270,2,"Hillcrest",5,boy,0.08,0,0.69,25.44,0,NA,0,0,18.92
2271,6,"Old Town",21,girl,1.89,0,0.15,47.05,0,NA,0,0,41.85
2272,7,"Station",25,girl,-1.22,0,0.1,39.29,0,NA,0,0,38.6
2273,8,"Riverside",27,girl,0.42,0,0.68,22.29,0,NA,0,1,23.02
2274,2,"Hillcrest",5,girl,0.26,0,0.74,12.43,0,NA,0,0,13.18
2275,2,"Hillcrest",5,boy,1.07,0,0.9,11.65,1,13.91,0,0,15.23
2276,5,"Westbank",15,boy,-0.68,1,0.59,30.62,0,NA,0,0,31.1
2277,3,"Millbrook",7,boy,0.24,0,0.33,25.42,0,NA,1,0,26.43
2278,4,"Eastfield",12,girl,-0.86,0,0.4,18.68,0,NA,0,0,21.44
2279,10,"Southport",34,boy,-0.1,1,0.46,33.44,0,NA,0,0,37.35
2280,5,"Westbank",16,girl,-1.82,1,0.55,19.2,0,NA,0,0,27.77
2281,12,"Harbour",40,boy,-0.99,1,0.31,41.58,0,NA,0,0,37.32
2282,8,"Riverside",29,girl,0.28,0,0.63,22.13,0,NA,0,0,16.66
2283,6,"Old Town",17,boy,0.7,0,0.34,33.1,0,NA,0,0,38.93
2284,7,"Station",23,boy,-1.05,0,0.28,35.07,0,NA,0,0,37.49
2285,6,"Old Town",20,boy,-0.26,1,0.2,32.66,0,NA,0,0,41.17
2286,5,"Westbank",13,boy,-0.4,1,0.59,33.21,0,NA,0,0,26.76
2287,12,"Harbour",39,girl,-1.55,1,0.46,36.08,0,NA,0,0,35.55
2288,7,"Station",26,boy,-1.75,0,0.19,47.57,0,NA,0,0,43.19
2289,9,"Greenmeadow",31,girl,0.22,1,0.82,22.56,0,NA,0,0,17.72
2290,2,"Hillcrest",6,boy,1.61,0,0.94,4,0,NA,1,0,6.11
2291,5,"Westbank",16,girl,-0.18,0,0.54,19.94,0,NA,0,0,17.5
2292,9,"Greenmeadow",30,boy,1.29,0,0.74,14.2,0,NA,0,0,15.62
2293,8,"Riverside",28,girl,-0.51,0,0.65,16.99,0,NA,0,0,21.55
2294,12,"Harbour",39,boy,-0.3,1,0.29,35.64,0,NA,0,0,34.66
2295,7,"Station",26,girl,-1.29,0,0.23,39.34,1,36.58,0,0,36.18
2296,7,"Station",24,boy,-1.43,0,0.3,48.26,0,NA,0,0,42.4
2297,4,"Eastfield",11,boy,-0.33,0,0.44,17.46,1,18.83,0,0,21.96
2298,6,"Old Town",21,boy,-0.38,0,0.27,40.73,0,NA,0,0,36.68
2299,10,"Southport",35,girl,-1.06,0,0.17,45.22,0,NA,0,0,36.8
2300,7,"Station",25,girl,0.79,0,0.34,34.67,0,NA,1,0,36.3
2301,6,"Old Town",17,girl,0.53,0,0.2,38.5,0,NA,0,0,42.19
2302,1,"Northgate",1,boy,-0.14,1,0.55,26.3,0,NA,0,0,24.54
2303,6,"Old Town",21,girl,-0.5,1,0.16,37.95,0,NA,0,0,38.31
2304,8,"Riverside",28,boy,0.17,0,0.74,17.06,0,NA,0,0,15.16
2305,1,"Northgate",2,girl,-0.88,0,0.64,22.42,0,NA,0,0,14.79
2306,4,"Eastfield",12,boy,-0.97,1,0.37,27.3,0,NA,0,0,21.23
2307,5,"Westbank",14,girl,-0.49,0,0.58,23.32,0,NA,0,0,25.75
2308,12,"Harbour",40,boy,0.45,0,0.16,33.39,0,NA,0,0,32.45
2309,5,"Westbank",13,boy,-1.44,0,0.44,28.49,0,NA,1,0,27.24
2310,2,"Hillcrest",6,girl,1.54,0,0.71,16.2,0,NA,0,0,19.51
2311,5,"Westbank",14,boy,-0.66,0,0.54,30.94,0,NA,0,0,24.07
2312,3,"Millbrook",9,boy,0.54,0,0.3,34.52,0,NA,0,0,31.87
2313,2,"Hillcrest",5,girl,0.07,0,0.82,15.31,0,NA,0,0,11.89
2314,4,"Eastfield",12,boy,0.42,0,0.46,19.57,0,NA,1,1,20.2
2315,2,"Hillcrest",5,girl,1.07,0,0.7,16.51,0,NA,0,0,22.92
2316,8,"Riverside",28,boy,0.73,1,0.57,14.75,0,NA,0,1,16.56
2317,3,"Millbrook",10,boy,0.45,0,0.55,24.44,0,NA,0,0,27.33
2318,3,"Millbrook",8,boy,-0.45,1,0.42,29.86,0,NA,0,0,23.84
2319,1,"Northgate",1,girl,-0.58,0,0.5,30.76,0,NA,0,0,24.47
2320,7,"Station",26,boy,-0.58,0,0.16,59,0,NA,0,0,48.38
2321,10,"Southport",34,boy,1.5,0,0.22,37.91,0,NA,0,0,33.22
2322,6,"Old Town",19,girl,1.03,0,0,31.06,0,NA,0,0,36.82
2323,5,"Westbank",16,boy,0.84,0,0.44,27.33,0,NA,0,0,24.56
2324,8,"Riverside",27,boy,-0.37,0,0.46,18.6,0,NA,0,0,21.58
2325,8,"Riverside",28,girl,0.76,0,0.51,26.45,0,NA,0,0,18.79
2326,9,"Greenmeadow",31,boy,1.4,0,0.89,17.22,0,NA,0,0,12.87
2327,6,"Old Town",21,boy,1.43,0,0.05,39.93,0,NA,0,0,44.58
2328,12,"Harbour",40,girl,-1.63,0,0.1,41.78,0,NA,1,0,43.2
2329,12,"Harbour",40,boy,-2.58,0,0.26,46.21,0,NA,0,0,41.51
2330,7,"Station",26,boy,-1.34,0,0.39,39.86,0,NA,1,1,44.54
2331,12,"Harbour",39,girl,0.18,1,0.23,31.3,0,NA,0,0,38.55
2332,1,"Northgate",1,girl,0.64,0,0.46,25.68,1,18.65,0,0,17.15
2333,4,"Eastfield",11,boy,-0.28,0,0.35,25.39,0,NA,0,0,24.25
2334,1,"Northgate",3,boy,-1.13,1,0.67,26.63,0,NA,0,0,24.15
2335,4,"Eastfield",11,boy,-0.79,1,0.4,20.45,0,NA,0,0,19.77
2336,10,"Southport",34,boy,-1.19,1,0.24,46.15,0,NA,0,0,37.34
2337,12,"Harbour",40,boy,-0.92,0,0.25,24.67,0,NA,0,0,25.81
2338,6,"Old Town",21,girl,0.01,0,0.19,33.82,0,NA,0,0,39.17
2339,3,"Millbrook",7,boy,0.17,1,0.41,22.56,0,NA,0,0,23.13
2340,8,"Riverside",29,girl,-1.18,0,0.55,30.89,0,NA,1,0,25.13
2341,11,"Lakeside",38,boy,2.45,1,0.68,17.43,0,NA,0,0,17.67
2342,8,"Riverside",28,girl,-1.65,1,0.42,20.69,0,NA,1,1,24.04
2343,1,"Northgate",2,boy,0.06,0,0.73,25.83,0,NA,0,0,26
2344,12,"Harbour",40,boy,-1.63,1,0.35,24.1,0,NA,0,0,35.68
2345,6,"Old Town",17,boy,0.33,0,0.26,44.12,0,NA,1,1,46.64
2346,6,"Old Town",20,boy,-0.3,1,0.14,34.5,0,NA,0,0,35.22
2347,9,"Greenmeadow",32,girl,-0.25,0,0.81,15.39,1,14.54,0,0,13.13
2348,10,"Southport",34,girl,0.25,1,0.35,36.53,0,NA,0,0,36.72
2349,11,"Lakeside",38,girl,-0.88,1,0.57,12.23,0,NA,0,0,17.51
2350,8,"Riverside",28,girl,-0.09,0,0.82,23.15,0,NA,0,0,22.38
2351,3,"Millbrook",10,girl,-0.35,0,0.47,24.6,0,NA,1,1,27.06
2352,10,"Southport",33,boy,-0.55,1,0.26,43.61,0,NA,0,0,42.55
2353,12,"Harbour",40,boy,-1.36,0,0.4,34.85,0,NA,0,0,36.42
2354,11,"Lakeside",37,girl,1.3,0,0.77,15.7,0,NA,1,0,20.63
2355,6,"Old Town",20,girl,1.53,0,0.27,36.95,0,NA,0,0,35.56
2356,6,"Old Town",19,boy,0.16,0,0.06,41.53,0,NA,0,0,43.31
2357,5,"Westbank",16,boy,1.23,0,0.62,26.09,0,NA,0,0,21.56
2358,2,"Hillcrest",5,boy,0.23,0,0.55,11.87,0,NA,0,0,15.98
2359,1,"Northgate",3,girl,0.01,0,0.49,30.09,0,NA,0,0,26.79
2360,5,"Westbank",13,boy,-0.86,0,0.51,31.73,0,NA,1,1,27.91
2361,10,"Southport",34,boy,-0.12,1,0.25,33.96,0,NA,0,0,35.46
2362,6,"Old Town",19,boy,0.63,0,0.02,35.8,1,43.56,0,0,40.77
2363,12,"Harbour",39,boy,0.19,0,0.17,24.49,0,NA,1,1,28.55
2364,6,"Old Town",18,boy,0.47,0,0.23,39.76,0,NA,0,0,37
2365,7,"Station",23,girl,-1.6,0,0.16,39.57,0,NA,0,0,39.93
2366,9,"Greenmeadow",31,girl,1.11,0,0.98,11.53,0,NA,0,0,16.77
2367,3,"Millbrook",8,girl,-0.97,0,0.38,33.56,0,NA,0,0,30.24
2368,8,"Riverside",27,boy,-0.73,0,0.65,21.96,1,18.32,0,0,20.47
2369,5,"Westbank",14,boy,0.78,0,0.44,28.41,0,NA,0,0,26.28
2370,3,"Millbrook",8,boy,-0.24,0,0.47,24.78,0,NA,0,0,21.35
2371,1,"Northgate",1,boy,0.53,0,0.76,16.07,0,NA,0,0,18.3
2372,7,"Station",26,girl,-1.01,1,0.17,50.39,0,NA,1,1,39.43
2373,6,"Old Town",18,girl,0.15,0,0,28.18,0,NA,0,0,40.17
2374,6,"Old Town",19,girl,1.47,0,0.23,30.62,0,NA,0,0,32.97
2375,11,"Lakeside",37,girl,0.35,0,0.77,13.34,0,NA,0,0,11.88
2376,3,"Millbrook",7,boy,-0.15,1,0.37,26.99,0,NA,0,0,26.79
2377,8,"Riverside",27,boy,-0.53,0,0.65,18.1,0,NA,0,0,19.59
2378,3,"Millbrook",7,girl,-0.15,1,0.52,32.97,0,NA,0,0,31.32
2379,2,"Hillcrest",5,girl,1.05,0,0.3,32.08,0,NA,1,0,28.86
2380,6,"Old Town",17,girl,-0.24,0,0.3,24.28,0,NA,1,1,30.88
2381,10,"Southport",33,boy,-1,0,0.34,36.43,0,NA,1,0,44.22
2382,6,"Old Town",20,boy,-1.32,0,0.12,45.47,0,NA,1,1,50.77
2383,3,"Millbrook",9,girl,-0.34,1,0.29,21.81,0,NA,1,1,27.45
2384,5,"Westbank",13,boy,1.2,0,0.49,27.02,0,NA,0,0,24.32
2385,7,"Station",22,girl,0.08,0,0.34,32.91,0,NA,1,0,39
2386,8,"Riverside",28,boy,0.63,1,0.33,21.9,0,NA,0,0,24.64
2387,1,"Northgate",3,boy,0.09,1,0.42,19.82,0,NA,1,0,21.56
2388,8,"Riverside",29,boy,0.29,0,0.55,22.05,0,NA,0,0,15.81
2389,10,"Southport",36,girl,-0.23,0,0.41,31.31,0,NA,0,0,26.46
2390,7,"Station",24,girl,-0.7,1,0.12,59.38,0,NA,0,0,52.24
2391,6,"Old Town",18,girl,-0.19,1,0.08,43.42,0,NA,0,0,45.9
2392,3,"Millbrook",10,boy,-2.24,1,0.57,35.44,0,NA,0,0,33.09
2393,10,"Southport",34,boy,-0.67,0,0.39,32.24,0,NA,1,1,30.83
2394,10,"Southport",34,girl,0.18,0,0.33,33.49,0,NA,0,0,36.18
2395,8,"Riverside",28,girl,-0.15,0,0.73,23.14,0,NA,1,0,17.61
2396,11,"Lakeside",37,girl,0.99,0,0.92,20.57,0,NA,0,0,9.53
2397,6,"Old Town",20,girl,-0.2,0,0.17,44.04,0,NA,0,0,46.58
2398,11,"Lakeside",38,boy,0.32,0,0.57,13.99,0,NA,1,0,18.03
2399,3,"Millbrook",7,boy,-0.37,0,0.41,24.55,0,NA,1,0,26.92
2400,7,"Station",22,boy,0.96,0,0.2,43,0,NA,1,1,39.94
2401,7,"Station",23,boy,-0.56,0,0.23,38.95,1,33.67,1,0,36.27
2402,4,"Eastfield",11,girl,-0.24,0,0.34,18.61,0,NA,0,0,24.8
2403,10,"Southport",34,girl,-0.63,1,0.31,28.9,0,NA,1,1,39.34
2404,7,"Station",24,girl,0.14,1,0.49,41.1,0,NA,0,0,37.31
2405,5,"Westbank",14,girl,0.17,1,0.55,23.14,0,NA,0,0,24.12
2406,4,"Eastfield",12,boy,-1,1,0.06,40.9,0,NA,0,0,32.53
2407,8,"Riverside",27,girl,-0.25,0,0.45,26.87,1,22.14,0,0,19.15
2408,8,"Riverside",28,boy,1.08,1,0.53,20.82,0,NA,0,0,16.67
2409,9,"Greenmeadow",30,girl,1.55,0,0.84,4,0,NA,1,0,6.68
2410,2,"Hillcrest",6,boy,0.06,1,0.77,20.97,0,NA,0,0,21.86
2411,6,"Old Town",20,boy,-1.12,0,0.05,42.52,0,NA,1,1,45.73
2412,1,"Northgate",1,boy,-0.76,0,0.93,20.93,0,NA,0,0,20
2413,3,"Millbrook",7,girl,-1.59,0,0.26,23.64,0,NA,0,0,26.54
2414,6,"Old Town",17,boy,1.55,0,0.19,46.2,0,NA,0,0,37.46
2415,2,"Hillcrest",5,girl,-2.02,1,0.69,36.97,0,NA,0,0,27.49
2416,1,"Northgate",2,girl,0.12,0,0.56,31.21,0,NA,0,0,35.91
2417,11,"Lakeside",38,boy,0.33,0,0.81,21.1,0,NA,1,1,21.37
2418,6,"Old Town",21,boy,-0.65,1,0.33,44.98,0,NA,0,0,44.16
2419,2,"Hillcrest",4,girl,0.51,0,0.59,22.06,0,NA,0,1,11.96
2420,3,"Millbrook",8,girl,0.74,0,0.54,23.35,0,NA,0,0,17.44
2421,12,"Harbour",40,boy,-1.43,1,0.4,42.7,0,NA,0,0,37.83
2422,2,"Hillcrest",4,boy,-1.29,0,0.76,12.72,0,NA,0,0,19.85
2423,12,"Harbour",39,boy,0.47,0,0.26,35.83,0,NA,0,0,32.91
2424,5,"Westbank",13,boy,-0.05,0,0.51,37.92,0,NA,1,0,30.16
2425,6,"Old Town",20,girl,1.26,0,0.03,37.49,0,NA,0,0,40.24
2426,12,"Harbour",39,boy,0.02,0,0.25,31.58,0,NA,0,0,33.94
2427,4,"Eastfield",12,girl,0.14,1,0.47,24.19,0,NA,0,0,25.78
2428,2,"Hillcrest",6,girl,0.7,0,0.53,19.16,1,23.05,0,0,20.92
2429,8,"Riverside",29,girl,0.64,0,0.5,23.25,0,NA,0,0,19.09
2430,7,"Station",22,girl,1.22,0,0,44.14,0,NA,0,0,41.01
2431,7,"Station",25,girl,0.06,1,0.36,41.69,0,NA,0,1,38.65
2432,6,"Old Town",20,girl,0.24,1,0.18,35.63,0,NA,1,1,34.87
2433,3,"Millbrook",8,girl,0.8,0,0.68,11.44,0,NA,0,0,21.86
2434,7,"Station",24,girl,-0.6,1,0.23,26.24,0,NA,1,1,34.86
2435,3,"Millbrook",7,boy,0.31,0,0.29,27.25,0,NA,1,0,21.66
2436,6,"Old Town",18,boy,-0.38,0,0.32,44.45,0,NA,0,0,39.2
2437,12,"Harbour",39,boy,-0.28,1,0.25,25.98,0,NA,1,1,33.39
2438,4,"Eastfield",12,boy,-0.53,0,0.43,30.7,0,NA,1,1,25.05
2439,1,"Northgate",3,girl,0.33,0,0.43,20.96,0,NA,0,0,24.6
2440,9,"Greenmeadow",31,girl,-0.86,0,1,20.28,0,NA,0,0,20.4
2441,5,"Westbank",15,girl,-1.97,0,0.45,24.5,0,NA,0,0,29.96
2442,10,"Southport",36,girl,-0.17,1,0,39.58,0,NA,1,1,40.37
2443,7,"Station",23,girl,0.96,0,0.28,39.29,0,NA,0,0,37.59
2444,8,"Riverside",29,girl,1,0,0.59,26.09,0,NA,0,0,22.08
2445,9,"Greenmeadow",30,boy,-0.43,0,0.99,11.19,0,NA,0,0,8.78
2446,7,"Station",24,boy,0.55,0,0.14,34.64,0,NA,0,1,37.89
2447,7,"Station",24,girl,-0.88,0,0.15,48.09,0,NA,0,0,41.94
2448,10,"Southport",36,girl,-2.42,1,0.22,30.18,0,NA,1,0,35.51
2449,10,"Southport",33,girl,0.1,0,0.17,32.36,0,NA,1,1,30.81
2450,7,"Station",26,girl,0.97,0,0.22,30.19,0,NA,0,0,31.02
2451,3,"Millbrook",8,girl,0.28,1,0.57,26.47,0,NA,0,0,23.45
2452,5,"Westbank",13,girl,-0.64,0,0.38,28.28,0,NA,0,0,28.92
2453,5,"Westbank",15,girl,0.89,0,0.45,28.63,0,NA,0,0,32.45
2454,3,"Millbrook",7,boy,-0.55,0,0.2,36.96,0,NA,0,0,30.85
2455,4,"Eastfield",11,girl,0.27,0,0.31,24.36,0,NA,0,0,30.52
2456,3,"Millbrook",7,boy,0.35,0,0.41,9.27,0,NA,0,0,26.63
2457,6,"Old Town",18,boy,2.49,0,0,37.79,0,NA,0,0,40.62
2458,7,"Station",26,girl,1.16,0,0,34.98,0,NA,0,0,34.26
2459,9,"Greenmeadow",31,boy,0.26,0,0.71,9.63,0,NA,1,0,8.18
2460,3,"Millbrook",7,boy,0.66,0,0.41,19.66,0,NA,0,0,19.95
2461,1,"Northgate",2,boy,0.24,0,0.63,16.51,0,NA,0,0,17.74
2462,3,"Millbrook",8,boy,0.64,0,0.47,21.31,0,NA,0,0,26.76
2463,2,"Hillcrest",6,boy,0.91,0,0.71,4,0,NA,0,0,12.45
2464,6,"Old Town",18,girl,-1.34,0,0.07,53.02,0,NA,0,0,46.16
2465,9,"Greenmeadow",31,boy,-0.36,0,0.97,16.88,0,NA,0,0,16.95
2466,2,"Hillcrest",5,boy,-0.03,0,0.78,4.58,0,NA,0,0,11.77
2467,7,"Station",23,girl,-1.24,1,0.27,37.83,0,NA,0,0,39.22
2468,5,"Westbank",16,boy,-0.97,0,0.55,25.64,0,NA,1,1,28.4
2469,2,"Hillcrest",6,girl,0.9,0,0.76,15.19,0,NA,0,0,14.15
2470,3,"Millbrook",10,boy,-0.92,0,0.47,20.25,0,NA,0,0,22.85
2471,1,"Northgate",3,boy,0.58,0,0.36,20.02,0,NA,0,0,17.73
2472,5,"Westbank",13,boy,-0.3,0,0.31,27.57,0,NA,0,0,24.71
2473,1,"Northgate",1,boy,-0.49,0,0.73,6.38,0,NA,0,0,15.11
2474,8,"Riverside",29,boy,-0.49,0,0.47,32.62,0,NA,0,0,18.91
2475,7,"Station",24,girl,-1.52,0,0.07,35.97,0,NA,1,1,42.66
2476,2,"Hillcrest",5,boy,2.06,0,0.73,14.27,0,NA,0,0,11.92
2477,6,"Old Town",18,boy,0.39,0,0.15,52.55,0,NA,0,0,47.43
2478,11,"Lakeside",37,boy,0.83,1,0.83,15.38,0,NA,0,0,17.04
2479,6,"Old Town",21,girl,0.52,0,0.11,39.44,0,NA,1,1,42.6
2480,12,"Harbour",39,girl,1.02,0,0.24,33.19,0,NA,0,0,35.11
2481,5,"Westbank",13,boy,1.04,1,0.59,30.3,0,NA,0,0,31.56
2482,8,"Riverside",28,girl,-1.82,0,0.34,26.28,0,NA,0,0,31.24
2483,4,"Eastfield",11,girl,-0.93,0,0.26,17.88,0,NA,0,0,28.47
2484,10,"Southport",36,girl,-1.3,1,0.3,35.16,0,NA,0,0,36.64
2485,6,"Old Town",18,boy,-1.87,1,0.08,55.38,0,NA,0,0,50.96
2486,7,"Station",25,girl,0.43,0,0.18,36.22,0,NA,1,0,31.92
2487,7,"Station",23,girl,-0.35,0,0.16,47.8,0,NA,0,0,40.63
2488,11,"Lakeside",37,girl,-0.74,1,0.75,8.19,0,NA,0,0,11.48
2489,5,"Westbank",13,girl,0.58,1,0.48,26.79,1,32.56,0,0,27.72
2490,9,"Greenmeadow",30,girl,0.59,0,0.94,14.21,1,15.32,0,0,14.17
2491,7,"Station",22,girl,0.92,0,0.2,30.59,0,NA,0,0,29.99
2492,5,"Westbank",15,girl,-0.9,0,0.54,32.21,0,NA,1,1,30.73
2493,7,"Station",25,boy,-0.3,1,0.22,40.28,0,NA,0,0,38.6
2494,3,"Millbrook",8,boy,-0.36,0,0.43,26.86,0,NA,0,0,30.85
2495,6,"Old Town",19,boy,-0.66,1,0.13,37.41,0,NA,1,0,47.31
2496,9,"Greenmeadow",31,boy,0.52,0,0.88,10.09,0,NA,0,0,9.7
2497,2,"Hillcrest",6,boy,-0.3,1,0.7,19.39,0,NA,0,0,21.19
2498,10,"Southport",36,boy,0.82,0,0.42,26.69,0,NA,0,0,29.96
2499,6,"Old Town",18,girl,-0.56,0,0.33,46.72,0,NA,0,0,39.6
2500,10,"Southport",34,girl,0.94,0,0.38,41.64,0,NA,0,0,35.44
2501,3,"Millbrook",10,boy,-1.11,0,0.58,31.91,0,NA,0,0,31.17
2502,7,"Station",26,boy,-0.68,0,0.21,35.11,0,NA,1,0,30.01
2503,4,"Eastfield",12,girl,1.68,0,0.24,25.77,0,NA,0,0,21.83
2504,6,"Old Town",17,girl,-0.17,0,0,42.17,0,NA,0,0,43.85
2505,7,"Station",22,boy,-0.61,0,0.18,38.59,0,NA,0,0,35.19
2506,10,"Southport",33,boy,-0.72,0,0.31,42.47,0,NA,1,0,29.78
2507,9,"Greenmeadow",31,girl,0.48,1,0.77,14.54,1,11.13,1,0,9.11
2508,6,"Old Town",19,boy,-1.16,0,0.24,46.93,0,NA,0,0,46.11
2509,8,"Riverside",27,girl,-0.35,0,0.6,17.29,0,NA,0,0,26.4
2510,1,"Northgate",3,boy,0.54,0,0.54,15.46,0,NA,0,0,17.8
2511,6,"Old Town",19,girl,0.98,0,0.13,43.07,0,NA,1,1,47.35
2512,11,"Lakeside",37,girl,-0.36,0,0.77,18.23,0,NA,0,0,20.57
2513,1,"Northgate",2,girl,-0.13,0,0.55,12.99,0,NA,0,0,23.16
2514,7,"Station",22,boy,0.56,0,0.19,40.22,0,NA,0,0,40.56
2515,9,"Greenmeadow",32,girl,1.66,0,0.79,18.69,0,NA,0,0,21.65
2516,5,"Westbank",14,boy,1.52,1,0.6,23.43,0,NA,1,0,21.92
2517,5,"Westbank",16,boy,0.01,1,0.45,24.91,0,NA,0,0,30.82
2518,4,"Eastfield",12,girl,-0.11,1,0.33,27.29,0,NA,0,0,21.93
2519,5,"Westbank",16,girl,-1.3,0,0.5,35.01,0,NA,0,0,34.93
2520,7,"Station",23,boy,0.64,0,0.07,42.93,0,NA,0,0,37.52
2521,7,"Station",23,boy,-0.17,1,0.2,38.77,0,NA,1,1,37.01
2522,1,"Northgate",1,boy,0.21,0,0.6,15.46,0,NA,0,0,19.64
2523,6,"Old Town",20,boy,-0.06,0,0,40.6,0,NA,1,1,43.9
2524,3,"Millbrook",9,girl,-1.06,0,0.17,34.18,0,NA,0,1,35.3
2525,6,"Old Town",19,boy,0.6,0,0.1,44.25,0,NA,0,0,42.57
2526,9,"Greenmeadow",31,boy,0.27,0,0.82,17.93,0,NA,0,0,14.03
2527,3,"Millbrook",8,boy,1.27,0,0.5,21.55,0,NA,0,0,25.88
2528,6,"Old Town",20,girl,0.9,0,0.17,30.41,0,NA,1,0,35.34
2529,8,"Riverside",29,boy,-1.69,0,0.59,23.95,0,NA,0,0,20.59
2530,10,"Southport",35,boy,0.35,0,0.38,37.73,0,NA,1,0,32.26
2531,7,"Station",24,boy,-0.95,0,0,38.66,0,NA,0,0,36.41
2532,4,"Eastfield",11,girl,3.29,0,0.4,16.77,0,NA,0,0,25.1
2533,3,"Millbrook",10,boy,-0.64,0,0.31,16.28,0,NA,0,1,25.64
2534,10,"Southport",33,girl,-0.56,0,0.36,33.86,0,NA,0,0,36.1
2535,6,"Old Town",21,girl,-0.75,0,0,36.14,0,NA,0,0,45.4
2536,12,"Harbour",39,boy,-0.88,1,0.14,45.21,0,NA,0,0,35.53
2537,4,"Eastfield",11,girl,0.35,0,0.16,34.94,0,NA,0,0,29.04
2538,1,"Northgate",3,girl,-0.87,1,0.51,35.14,0,NA,1,1,25.42
2539,9,"Greenmeadow",32,girl,0.1,0,0.98,7.86,0,NA,0,0,12.95
2540,4,"Eastfield",11,girl,-0.3,0,0.16,21.4,0,NA,1,0,20.09
2541,10,"Southport",34,boy,1.14,0,0.07,31.52,0,NA,0,0,31.29
2542,6,"Old Town",21,girl,1.55,0,0.22,37.96,0,NA,0,0,39.53
2543,6,"Old Town",17,boy,0.42,0,0.04,43.4,0,NA,0,0,44.48
2544,12,"Harbour",39,girl,-0.37,0,0.33,31.37,0,NA,0,0,36.73
2545,7,"Station",24,boy,-0.5,0,0.07,38.49,0,NA,0,0,39.06
2546,4,"Eastfield",12,girl,1.85,0,0.26,31.08,0,NA,1,1,23.38
2547,7,"Station",26,girl,0.25,0,0.28,41.33,1,38.57,1,1,36.16
2548,8,"Riverside",27,girl,-1.01,0,0.79,13.22,0,NA,0,0,16.93
2549,6,"Old Town",17,boy,-0.94,0,0.17,42.19,0,NA,0,0,43.53
2550,10,"Southport",35,girl,-2.2,0,0.34,39.46,0,NA,0,0,35.31
2551,1,"Northgate",2,girl,-0.66,0,0.6,14.83,0,NA,0,0,22.83
2552,2,"Hillcrest",6,boy,-1.87,0,0.69,9.32,0,NA,0,0,20.67
2553,2,"Hillcrest",5,girl,-0.24,1,0.64,19.91,0,NA,1,1,19.92
2554,6,"Old Town",20,boy,-1.12,1,0.51,44.28,0,NA,0,0,36.15
2555,7,"Station",24,boy,-1.52,0,0.18,29.89,0,NA,0,0,33.89
2556,5,"Westbank",14,girl,-0.17,0,0.62,22.57,0,NA,0,0,18.35
2557,3,"Millbrook",7,girl,-1.19,0,0.51,28.02,0,NA,0,0,25.37
2558,3,"Millbrook",10,girl,0.07,1,0.44,25.14,0,NA,0,0,22.52
2559,1,"Northgate",3,girl,-1.35,1,0.71,33.25,0,NA,1,1,25.14
2560,10,"Southport",33,girl,-1.86,0,0.26,42.76,0,NA,0,0,38.72
2561,6,"Old Town",18,boy,-0.63,0,0.01,39.32,0,NA,1,0,45.18
2562,9,"Greenmeadow",30,boy,0,0,0.81,12.89,0,NA,0,0,18.35
2563,6,"Old Town",18,girl,-0.96,1,0.21,34.09,0,NA,0,0,41.63
2564,12,"Harbour",40,girl,-1.59,0,0.28,50.73,0,NA,1,0,43
2565,7,"Station",25,boy,0.45,0,0.38,29.86,0,NA,0,0,34.11
2566,3,"Millbrook",7,boy,-0.08,0,0.61,13.91,0,NA,0,0,20.23
2567,2,"Hillcrest",5,girl,-0.54,0,0.54,19.45,0,NA,0,1,14.38
2568,9,"Greenmeadow",31,boy,0.66,0,1,9.35,0,NA,0,0,9.35
2569,10,"Southport",33,boy,-0.96,0,0.48,37.21,0,NA,0,0,39.29
2570,3,"Millbrook",7,boy,0.79,0,0.57,40.48,0,NA,1,0,29.28
2571,1,"Northgate",3,boy,0.47,0,0.6,19.69,0,NA,0,0,20.19
2572,8,"Riverside",27,girl,0.1,0,0.67,6.14,0,NA,0,0,22.39
2573,10,"Southport",33,boy,0.7,0,0.02,29.99,0,NA,0,0,28.02
2574,11,"Lakeside",38,boy,1.7,1,0.66,17.34,0,NA,0,0,16.9
2575,7,"Station",26,boy,-0.67,0,0.04,54.51,0,NA,1,1,48.08
2576,11,"Lakeside",38,girl,0.63,1,0.57,31.31,0,NA,0,0,22.39
2577,10,"Southport",33,boy,-0.2,0,0.13,47.61,0,NA,0,0,39.94
2578,10,"Southport",34,girl,-0.63,0,0.43,40.72,0,NA,0,0,39.07
2579,8,"Riverside",28,boy,0.53,0,0.52,10.2,0,NA,0,0,13.46
2580,6,"Old Town",17,boy,-0.55,0,0.01,44.78,0,NA,0,0,47.19
2581,1,"Northgate",3,boy,-0.44,0,0.54,18.19,0,NA,0,0,17.53
2582,5,"Westbank",13,girl,-0.5,0,0.69,15.17,1,20.06,0,0,20.93
2583,7,"Station",24,boy,-1.44,0,0.15,32.34,0,NA,0,0,33.46
2584,2,"Hillcrest",6,boy,-0.38,0,0.51,27.45,0,NA,0,0,21.61
2585,5,"Westbank",15,boy,0.3,0,0.61,34.94,0,NA,0,0,32.41
2586,1,"Northgate",2,girl,-0.23,1,0.56,36.23,0,NA,0,0,34.73
2587,11,"Lakeside",37,boy,0.36,0,0.81,20.02,0,NA,0,0,14.07
2588,1,"Northgate",1,boy,0.85,1,0.57,20.65,0,NA,0,0,24.45
2589,10,"Southport",33,girl,0.13,0,0.41,39.85,0,NA,0,0,36.65
2590,6,"Old Town",21,girl,-0.03,0,0.02,42.3,0,NA,0,0,40.34
2591,12,"Harbour",40,girl,-0.71,0,0.22,45.47,0,NA,0,0,38.94
2592,2,"Hillcrest",5,girl,0.5,0,0.82,11.08,0,NA,0,0,8.51
2593,6,"Old Town",17,girl,0.08,0,0.12,42.41,0,NA,1,1,38.63
2594,1,"Northgate",3,boy,0.95,0,0.52,12.08,0,NA,0,0,23.5
2595,9,"Greenmeadow",30,girl,0.88,0,0.96,9.76,0,NA,0,0,10.17
2596,1,"Northgate",1,boy,-0.43,0,0.4,18.11,0,NA,0,0,16.49
2597,3,"Millbrook",9,girl,0.38,0,0.55,27.4,0,NA,0,0,29.88
2598,8,"Riverside",28,boy,0.78,0,0.55,25.09,0,NA,0,0,24.19
2599,5,"Westbank",15,girl,1.86,0,0.45,32.76,0,NA,0,0,27.45
2600,6,"Old Town",19,boy,-0.1,0,0.31,36.79,0,NA,0,0,42.05
2601,9,"Greenmeadow",30,boy,0.5,1,1,19.83,0,NA,0,0,15.79
2602,4,"Eastfield",11,boy,0.49,0,0.3,30.89,0,NA,0,0,19.53
2603,9,"Greenmeadow",31,boy,1.89,0,0.88,15.65,0,NA,1,1,13.27
2604,2,"Hillcrest",4,girl,1.63,0,0.71,15.29,0,NA,1,0,13.58
2605,4,"Eastfield",12,boy,-0.61,0,0.46,28.64,0,NA,1,1,25.34
2606,2,"Hillcrest",6,boy,1.31,0,0.88,4.47,0,NA,0,0,10.17
2607,8,"Riverside",29,girl,0.47,0,0.62,14.54,0,NA,0,0,16.12
2608,10,"Southport",36,girl,-1.04,0,0.4,29.26,0,NA,0,0,30.94
2609,4,"Eastfield",11,boy,0.74,1,0.42,25.36,0,NA,0,0,24.26
2610,11,"Lakeside",37,boy,-0.3,0,0.67,23.18,0,NA,1,0,21.2
2611,5,"Westbank",13,boy,0.96,0,0.43,16.04,0,NA,0,0,23.67
2612,3,"Millbrook",7,girl,-0.71,0,0.33,27.7,0,NA,0,0,27.6
2613,3,"Millbrook",10,boy,-1.78,1,0.27,26.11,1,27.52,0,0,28.03
2614,3,"Millbrook",9,girl,1.16,0,0.31,24.43,0,NA,0,0,29.1
2615,7,"Station",24,boy,-0.43,1,0.26,56.08,0,NA,0,0,47.02
2616,7,"Station",22,boy,0.24,0,0,37.43,0,NA,0,0,38.35
2617,6,"Old Town",20,girl,-1.32,1,0.03,36.58,0,NA,0,0,41.26
2618,7,"Station",22,boy,-1.3,0,0.15,46.47,0,NA,0,0,44.15
2619,6,"Old Town",17,boy,-0.1,1,0.24,31.85,0,NA,0,0,39.2
2620,7,"Station",23,boy,-1.02,0,0.32,46.95,0,NA,0,0,34.64
2621,9,"Greenmeadow",31,boy,0.48,0,0.87,10.03,0,NA,0,0,6.16
2622,7,"Station",26,boy,-2.5,1,0.19,46.24,0,NA,0,0,46.94
2623,6,"Old Town",21,boy,-0.32,0,0.27,31.29,0,NA,1,0,35.46
2624,3,"Millbrook",8,boy,-0.35,0,0.54,35.7,0,NA,1,1,27.53
2625,5,"Westbank",16,girl,-0.06,0,0.54,19.76,0,NA,0,0,27.06
2626,10,"Southport",36,girl,-0.02,1,0.37,45.52,0,NA,1,0,36.16
2627,9,"Greenmeadow",31,boy,0.22,0,0.77,19.49,0,NA,0,0,13.86
2628,10,"Southport",33,girl,0.47,0,0.45,28.26,0,NA,0,0,28.89
2629,12,"Harbour",40,boy,-2.72,0,0.27,40.54,0,NA,0,0,40.75
2630,7,"Station",24,boy,-0.57,0,0.31,30.05,0,NA,1,1,33.93
2631,11,"Lakeside",37,girl,0.51,0,0.82,16.78,0,NA,0,0,11.95
2632,3,"Millbrook",10,boy,0.64,0,0.46,15.34,0,NA,1,0,21.11
2633,10,"Southport",36,girl,0.25,0,0.17,23.3,0,NA,0,0,29.86
2634,6,"Old Town",19,boy,1.29,0,0,43.79,0,NA,0,0,39.32
2635,11,"Lakeside",37,boy,-2.34,0,0.79,14.7,0,NA,0,0,17.02
2636,1,"Northgate",1,boy,1.79,0,0.62,16.72,0,NA,0,0,19.45
2637,6,"Old Town",18,girl,-1.94,1,0.19,38.44,1,33.12,1,1,31.81
2638,2,"Hillcrest",4,boy,-0.28,1,0.68,28.78,0,NA,0,0,18.05
2639,10,"Southport",33,boy,0.45,0,0.35,29.16,0,NA,1,0,28.02
2640,9,"Greenmeadow",32,boy,0.76,1,1,25.7,1,15.2,1,1,17.99
2641,3,"Millbrook",10,girl,-0.56,0,0.44,33.21,0,NA,0,0,30.89
2642,10,"Southport",34,girl,-0.51,1,0.33,36.29,0,NA,0,0,32.82
2643,2,"Hillcrest",5,boy,1.11,0,0.64,9.68,0,NA,1,0,16.56
2644,5,"Westbank",14,girl,0.24,0,0.35,31.21,0,NA,0,0,29.74
2645,5,"Westbank",15,girl,1.08,0,0.26,36.4,0,NA,0,0,29.73
2646,12,"Harbour",40,girl,-1.34,0,0.19,32.74,0,NA,1,0,35.73
2647,6,"Old Town",21,boy,0.02,0,0.12,44.39,0,NA,0,0,40.41
2648,1,"Northgate",1,girl,-0.7,0,0.55,29.12,0,NA,1,0,27.66
2649,7,"Station",23,boy,0.36,0,0.19,31.01,0,NA,0,0,33
2650,3,"Millbrook",8,girl,0.17,0,0.36,30.66,0,NA,0,0,28.05
2651,11,"Lakeside",37,boy,1.34,0,0.63,20.92,0,NA,0,0,9.98
2652,12,"Harbour",39,boy,0.57,0,0.34,29.38,0,NA,0,0,29.51
2653,2,"Hillcrest",5,boy,-0.47,0,0.78,17.24,0,NA,0,0,17.46
2654,12,"Harbour",40,boy,0.1,0,0.21,34.06,0,NA,0,0,36.79
2655,7,"Station",23,boy,-1.01,0,0.1,46.23,1,46.33,0,0,46.23
2656,10,"Southport",34,boy,0.11,0,0.3,30.19,0,NA,0,0,36.14
2657,4,"Eastfield",11,boy,0.77,0,0.43,16.96,0,NA,0,0,26.07
2658,3,"Millbrook",7,boy,0.97,0,0.32,33.25,0,NA,0,0,28.7
2659,2,"Hillcrest",6,boy,0.48,0,0.69,13.03,0,NA,0,0,14.8
2660,4,"Eastfield",11,girl,0.48,0,0.28,23.71,0,NA,1,0,27.08
2661,2,"Hillcrest",4,girl,0.25,0,0.65,12.96,0,NA,0,0,18.76
2662,12,"Harbour",39,boy,-0.94,0,0.01,34.48,0,NA,1,0,38.95
2663,7,"Station",23,boy,-1.45,0,0.04,47.7,0,NA,0,0,47.18
2664,4,"Eastfield",11,girl,-1.32,1,0.48,32.47,0,NA,0,0,29.22
2665,2,"Hillcrest",4,boy,-0.55,0,0.76,17.24,0,NA,0,1,19.03
2666,1,"Northgate",2,girl,1.18,0,0.62,26.09,0,NA,0,0,18.05
2667,7,"Station",26,boy,-0.94,0,0,45.6,0,NA,0,0,46.52
2668,6,"Old Town",18,girl,0.32,0,0.08,38.43,0,NA,0,0,41.14
2669,8,"Riverside",28,girl,-1.09,0,0.58,18.53,0,NA,0,0,19.79
2670,11,"Lakeside",37,boy,0.17,0,0.77,19.03,0,NA,0,0,19.64
2671,6,"Old Town",19,boy,1.48,0,0.08,33.63,0,NA,1,0,42.48
2672,9,"Greenmeadow",31,girl,0.64,0,0.74,8.04,0,NA,0,0,15.32
2673,9,"Greenmeadow",32,girl,-0.29,0,0.82,26.33,0,NA,0,0,19.92
2674,12,"Harbour",40,boy,-0.53,0,0.35,32.27,0,NA,1,0,30.43
2675,7,"Station",25,boy,0.17,1,0.26,28.62,0,NA,0,0,32.75
2676,12,"Harbour",39,boy,-0.02,0,0.25,35.02,0,NA,0,0,31.81
2677,4,"Eastfield",11,girl,-0.48,1,0.45,20.09,0,NA,0,0,21.6
2678,2,"Hillcrest",5,boy,0.33,0,0.71,20.1,0,NA,0,0,19.34
2679,1,"Northgate",2,girl,-0.5,0,0.65,18.6,0,NA,0,0,22.08
2680,12,"Harbour",40,boy,-1.09,0,0.24,41.04,0,NA,0,0,43.02
2681,12,"Harbour",40,girl,-0.75,0,0.26,36.35,0,NA,0,0,43.68
2682,10,"Southport",34,girl,-0.33,1,0.47,21.36,0,NA,0,0,28.96
2683,6,"Old Town",18,girl,-0.11,0,0,47.7,0,NA,0,1,49.5
2684,1,"Northgate",1,boy,0.1,0,0.78,20.33,0,NA,0,0,19.09
2685,8,"Riverside",28,girl,-0.67,0,0.59,26.84,0,NA,0,0,19.84
2686,1,"Northgate",3,boy,-0.56,0,0.29,29.26,0,NA,0,0,20.5
2687,5,"Westbank",16,boy,0.16,0,0.56,34.26,0,NA,1,1,27.58
2688,6,"Old Town",18,boy,-0.39,1,0.22,47.13,0,NA,0,0,43.38
2689,4,"Eastfield",11,girl,0.09,0,0.23,34.2,0,NA,0,0,31.58
2690,6,"Old Town",19,girl,0.02,0,0.17,54.22,0,NA,0,0,44.78
2691,10,"Southport",33,boy,-1.81,0,0.15,35.9,0,NA,0,0,39.36
2692,5,"Westbank",13,girl,-0.09,0,0.39,36.12,1,31.93,1,0,32.34
2693,9,"Greenmeadow",32,girl,0.92,0,0.77,20.76,0,NA,0,0,18.78
2694,3,"Millbrook",10,boy,0.75,0,0.43,23.54,0,NA,1,1,23.42
2695,8,"Riverside",28,girl,0.05,0,0.59,26.45,0,NA,1,1,17.34
2696,8,"Riverside",27,boy,-2.56,1,0.58,28.38,0,NA,0,1,23.34
2697,5,"Westbank",16,girl,0.07,0,0.46,27.73,0,NA,0,0,26.66
2698,1,"Northgate",3,boy,0.29,0,0.59,22.38,0,NA,0,0,23.95
2699,6,"Old Town",21,girl,-0.62,0,0.23,29.63,0,NA,0,0,37.78
2700,6,"Old Town",17,girl,-1.63,0,0.06,39.41,0,NA,0,0,46.29
2701,2,"Hillcrest",6,boy,0.91,0,0.79,23.44,0,NA,0,0,22.83
2702,1,"Northgate",3,girl,-0.4,0,0.41,21.36,0,NA,0,0,23.59
2703,7,"Station",26,girl,-0.77,0,0.2,42.38,0,NA,1,1,38.74
2704,2,"Hillcrest",5,girl,-0.45,0,0.71,18.89,1,19.28,0,0,14.46
2705,5,"Westbank",15,boy,-0.52,0,0.58,35.05,0,NA,0,0,29.29
2706,4,"Eastfield",11,boy,-0.66,0,0.37,34.36,0,NA,0,0,32.96
2707,8,"Riverside",29,boy,0.57,0,0.45,25.16,0,NA,0,0,23.88
2708,7,"Station",26,boy,1.27,0,0.35,23.94,1,32.43,0,0,32.32
2709,5,"Westbank",16,boy,0.41,0,0.38,37.5,0,NA,0,0,28.14
2710,5,"Westbank",14,boy,0.3,0,0.37,37.5,0,NA,0,0,34.27
2711,10,"Southport",35,boy,0.67,0,0.1,25.36,0,NA,0,0,36.72
2712,3,"Millbrook",7,boy,0.61,0,0.27,20.85,0,NA,0,0,25.03
2713,6,"Old Town",21,girl,1.62,0,0.16,28.28,0,NA,0,0,39.17
2714,7,"Station",23,girl,-0.09,1,0.34,40.3,0,NA,0,0,36.65
2715,7,"Station",24,girl,-1.38,0,0.11,43.96,0,NA,0,0,45.48
2716,4,"Eastfield",11,boy,-0.89,0,0.4,40.9,0,NA,1,0,35.51
2717,1,"Northgate",1,boy,-0.56,1,0.43,17.68,0,NA,1,0,22.41
2718,10,"Southport",33,girl,-0.47,1,0.49,23.94,0,NA,1,0,23.63
2719,7,"Station",23,boy,-0.26,0,0.22,47.89,0,NA,1,0,42.43
2720,5,"Westbank",16,boy,-0.78,1,0.47,24.8,1,23,0,0,23.93
2721,7,"Station",24,boy,0.03,0,0.44,44.83,0,NA,0,0,37.71
2722,11,"Lakeside",38,girl,-0.24,0,0.69,16.23,0,NA,0,0,19.6
2723,6,"Old Town",18,boy,-0.27,0,0.27,34.87,0,NA,0,0,38.74
2724,2,"Hillcrest",5,boy,0.93,0,0.93,12.55,0,NA,0,0,14.54
2725,3,"Millbrook",10,boy,-0.98,0,0.42,36.73,0,NA,0,0,36.44
2726,7,"Station",26,girl,-0.84,0,0.19,46.97,0,NA,0,0,44.22
2727,9,"Greenmeadow",30,girl,2.66,0,0.82,9.55,0,NA,0,0,8.09
2728,4,"Eastfield",12,girl,0.18,0,0.44,26.13,0,NA,0,0,26.35
2729,3,"Millbrook",10,girl,1.75,0,0.56,28.47,1,27.69,0,0,22.69
2730,6,"Old Town",18,boy,2.8,0,0.04,30.76,0,NA,0,0,31.16
2731,5,"Westbank",14,girl,0.03,1,0.58,31.62,1,29.14,0,0,32.59
2732,5,"Westbank",14,boy,1.13,0,0.36,19.26,0,NA,0,0,23.56
2733,6,"Old Town",17,boy,0.07,0,0.13,36.45,1,39.96,0,0,39.43
2734,6,"Old Town",17,boy,0.23,1,0,37.99,0,NA,0,0,46.82
2735,6,"Old Town",21,boy,1.68,0,0.33,34.84,0,NA,0,0,37.11
2736,6,"Old Town",21,boy,0.19,1,0.47,35.19,0,NA,0,0,37.94
2737,3,"Millbrook",8,girl,-0.03,0,0.5,21.97,0,NA,0,0,19.76
2738,11,"Lakeside",37,boy,0.25,1,0.81,14.32,0,NA,0,0,17.81
2739,7,"Station",25,girl,-1,1,0.14,46.43,0,NA,1,1,48.06
2740,5,"Westbank",16,boy,1.8,1,0.66,25.01,0,NA,1,0,26.61
2741,5,"Westbank",15,girl,-0.14,1,0.47,26.72,0,NA,0,0,28.58
2742,3,"Millbrook",10,boy,-0.93,0,0.2,26.31,0,NA,0,0,30.45
2743,3,"Millbrook",9,boy,-0.77,0,0.3,18.29,1,23.75,1,1,23.35
2744,3,"Millbrook",7,girl,2.11,0,0.36,21.27,0,NA,0,0,25.27
2745,10,"Southport",36,girl,0.05,0,0.14,35.7,0,NA,1,1,40.88
2746,5,"Westbank",15,girl,0.31,0,0.52,24.51,0,NA,0,0,27.13
2747,8,"Riverside",28,girl,-0.83,0,0.64,26.54,0,NA,0,0,21.5
2748,6,"Old Town",18,girl,-0.3,0,0.16,36.13,0,NA,0,0,38.64
2749,7,"Station",26,boy,1.08,0,0.05,31.38,1,32.33,0,0,32.09
2750,2,"Hillcrest",5,girl,0.75,0,0.76,19.63,0,NA,0,0,14.32
2751,8,"Riverside",28,boy,-1.34,1,0.45,22.92,0,NA,0,0,18.9
2752,6,"Old Town",19,boy,-0.02,1,0,49.79,0,NA,1,1,45.34
2753,2,"Hillcrest",4,girl,1.37,0,0.55,25.81,0,NA,0,0,21.39
2754,3,"Millbrook",9,boy,0.22,0,0.37,36.05,0,NA,0,1,32.37
2755,5,"Westbank",16,boy,-0.28,1,0.5,28.61,0,NA,0,0,26.27
2756,4,"Eastfield",11,boy,1,1,0.38,20.77,0,NA,0,0,23.9
2757,8,"Riverside",28,boy,-0.33,0,0.67,19.71,0,NA,0,0,21.82
2758,7,"Station",26,boy,0.54,0,0.22,35.81,0,NA,0,0,36.77
2759,12,"Harbour",40,girl,-0.16,0,0.34,30.16,0,NA,0,0,25.33
2760,2,"Hillcrest",6,boy,-0.15,0,0.8,19.7,0,NA,0,0,13.82
2761,7,"Station",24,boy,-1.34,1,0.21,47.87,0,NA,1,0,44.13
2762,8,"Riverside",28,girl,-0.57,0,0.59,17.06,0,NA,0,0,18.01
2763,5,"Westbank",13,girl,2.02,0,0.46,21.7,0,NA,0,0,20.37
2764,10,"Southport",35,girl,-0.71,0,0.25,20.13,0,NA,0,0,21.97
2765,1,"Northgate",2,girl,0.09,0,0.38,20.15,0,NA,0,0,23.24
2766,6,"Old Town",21,boy,0.06,0,0.25,31.64,0,NA,1,1,35.88
2767,2,"Hillcrest",5,boy,-0.96,1,0.82,13.87,0,NA,1,0,15.62
2768,1,"Northgate",1,boy,-1.23,1,0.52,18.08,0,NA,0,0,26.75
2769,7,"Station",26,girl,-0.31,0,0.25,49.54,0,NA,0,0,45.25
2770,10,"Southport",34,boy,0.55,0,0.35,36.04,0,NA,0,0,36.93
2771,12,"Harbour",40,girl,-1.05,0,0.29,28.26,0,NA,0,0,34.97
2772,4,"Eastfield",12,girl,-1.51,1,0.32,32.44,0,NA,0,0,28.5
2773,10,"Southport",36,girl,-0.21,0,0.49,26.66,0,NA,0,0,29.88
2774,6,"Old Town",21,girl,0.95,0,0.2,39.37,0,NA,0,0,40.23
2775,7,"Station",24,girl,-0.23,0,0.2,50.56,0,NA,0,0,45.24
2776,11,"Lakeside",38,boy,0.25,0,0.83,10.19,0,NA,0,0,12.82
2777,10,"Southport",33,boy,1.35,0,0.01,38.65,0,NA,0,0,34.08
2778,1,"Northgate",2,boy,0.68,0,0.59,34.27,0,NA,0,0,32.13
2779,7,"Station",26,girl,-0.63,0,0,37.4,0,NA,0,0,38.16
2780,11,"Lakeside",37,boy,0.17,1,0.72,12.36,0,NA,1,0,12.07
2781,10,"Southport",36,girl,-0.43,1,0.25,34.08,0,NA,0,1,43.81
2782,7,"Station",25,boy,-0.04,1,0.22,27.84,0,NA,0,0,38.05
2783,4,"Eastfield",12,boy,0.34,0,0.46,33.21,0,NA,0,0,21.43
2784,12,"Harbour",40,boy,-1.73,1,0.18,27.87,0,NA,0,0,34.17
2785,1,"Northgate",2,boy,0.78,0,0.63,21.07,0,NA,0,0,18.21
2786,6,"Old Town",19,girl,-0.95,0,0.22,49.97,1,43.18,0,0,45.08
2787,12,"Harbour",39,boy,-1.51,1,0.29,31.33,0,NA,0,0,33.99
2788,6,"Old Town",17,girl,-1.12,1,0.17,46.85,0,NA,1,1,42.93
2789,4,"Eastfield",11,boy,-2.53,1,0.36,18.25,0,NA,0,0,26.33
2790,3,"Millbrook",7,boy,0.63,0,0.26,17.03,0,NA,0,0,23.82
2791,5,"Westbank",16,girl,0.03,0,0.37,32.26,0,NA,0,0,28.79
2792,5,"Westbank",13,boy,0.85,0,0.63,33.94,1,34.4,0,0,33.45
2793,10,"Southport",36,girl,-1.29,0,0.35,26.71,1,26.17,0,0,27.59
2794,5,"Westbank",15,boy,0.47,0,0.37,39.99,0,NA,1,1,29.27
2795,2,"Hillcrest",5,boy,1.05,1,0.54,19.14,0,NA,0,0,21.47
2796,9,"Greenmeadow",32,girl,0.45,0,0.94,20.71,1,12.01,0,0,11.15
2797,9,"Greenmeadow",31,boy,0.9,0,1,5.74,0,NA,0,0,7.89
2798,7,"Station",24,girl,0.78,0,0.21,26.54,0,NA,0,0,36.98
2799,1,"Northgate",3,girl,-0.33,0,0.46,18.44,0,NA,0,0,22.77
2800,7,"Station",22,boy,0.23,0,0.42,35.48,0,NA,0,0,35.75
2801,1,"Northgate",2,boy,-0.48,0,0.7,17.04,0,NA,1,1,22.11
2802,3,"Millbrook",7,girl,1.73,0,0.49,17.8,0,NA,0,0,23.03
2803,9,"Greenmeadow",30,boy,-0.31,0,0.58,11.46,0,NA,0,0,23.68
2804,8,"Riverside",29,boy,0.47,0,0.53,22.96,0,NA,0,0,21.67
2805,2,"Hillcrest",5,girl,-0.13,0,0.71,20.78,0,NA,0,0,14.06
2806,3,"Millbrook",7,girl,-0.6,1,0.35,31.56,0,NA,0,0,28.92
2807,7,"Station",23,girl,-0.42,0,0.17,38.26,0,NA,0,0,31.19
2808,8,"Riverside",28,girl,1.51,0,0.51,17.49,0,NA,0,0,21.4
2809,8,"Riverside",27,boy,-0.26,0,0.45,26.01,0,NA,0,0,20.9
2810,10,"Southport",36,boy,1.54,0,0.36,28.9,0,NA,0,0,28.66
2811,3,"Millbrook",9,girl,1.7,0,0.35,30.65,0,NA,0,0,27.11
2812,3,"Millbrook",10,boy,-0.41,1,0.2,18.38,0,NA,0,0,26.57
2813,12,"Harbour",39,girl,0.92,0,0.37,42.16,1,38.32,0,0,39.31
2814,5,"Westbank",14,girl,0.61,0,0.67,27.31,0,NA,0,0,24.3
2815,1,"Northgate",2,boy,-0.14,0,0.52,19.57,0,NA,1,1,17.72
2816,10,"Southport",34,boy,-0.14,0,0.13,36.16,0,NA,0,0,32.13
2817,4,"Eastfield",11,boy,-0.97,1,0.61,22.91,0,NA,0,0,23.62
2818,8,"Riverside",27,girl,-1.71,1,0.65,20.76,0,NA,0,0,20.17
2819,3,"Millbrook",9,boy,-1.37,0,0.6,23.43,0,NA,0,0,31.04
2820,7,"Station",24,boy,-1.3,1,0.33,37.09,0,NA,0,0,35.63
2821,10,"Southport",34,boy,-0.51,0,0.32,32.54,0,NA,1,1,34
2822,3,"Millbrook",10,boy,-0.18,0,0.38,34.61,0,NA,0,0,25.84
2823,6,"Old Town",18,girl,0.46,0,0.17,33.87,0,NA,0,0,35.93
2824,2,"Hillcrest",6,girl,-0.32,0,0.57,29.44,0,NA,0,0,24.3
2825,10,"Southport",34,boy,-0.97,1,0.21,28.87,0,NA,1,1,30.16
2826,2,"Hillcrest",6,girl,-0.56,1,0.78,17.29,0,NA,0,0,15.63
2827,7,"Station",24,girl,0.08,0,0.2,33.33,0,NA,1,0,41.26
2828,6,"Old Town",17,boy,0.33,0,0.16,43.53,1,36.63,0,0,37.24
2829,1,"Northgate",2,girl,-0.42,0,0.62,23.64,0,NA,0,0,21.63
2830,3,"Millbrook",8,girl,-0.19,0,0.53,18.48,0,NA,0,0,22.7
2831,9,"Greenmeadow",31,girl,0.86,0,0.81,16.57,0,NA,0,0,14.33
2832,2,"Hillcrest",6,girl,-0.35,0,0.8,15.8,0,NA,0,0,17.15
2833,6,"Old Town",19,boy,1.35,0,0.07,39.73,0,NA,0,0,39.74
2834,6,"Old Town",19,boy,-1.84,0,0,52.25,0,NA,0,0,55.67
2835,6,"Old Town",17,boy,0.64,0,0.13,39.09,0,NA,0,0,40.25
2836,1,"Northgate",2,girl,-1.17,1,0.38,18.6,0,NA,0,0,23.84
2837,8,"Riverside",27,boy,0.11,0,0.65,15.23,0,NA,0,0,16.85
2838,4,"Eastfield",11,girl,-1.4,0,0.22,30.19,0,NA,1,0,28.27
2839,6,"Old Town",19,boy,-0.53,1,0.02,50.99,0,NA,0,1,43.72
2840,11,"Lakeside",37,boy,0.02,1,0.77,12.12,0,NA,0,0,14.62
2841,4,"Eastfield",11,girl,-0.78,0,0.24,37.59,0,NA,0,0,33.86
2842,6,"Old Town",21,boy,0.69,0,0.2,35.4,0,NA,0,0,37.72
2843,4,"Eastfield",12,girl,-0.23,0,0.37,12.84,0,NA,1,0,18.23
2844,10,"Southport",35,boy,1.79,0,0.29,37.24,0,NA,0,0,32.7
2845,6,"Old Town",17,boy,-0.78,1,0.35,41.24,0,NA,0,0,43.8
2846,5,"Westbank",16,girl,-0.38,0,0.68,29.64,0,NA,0,0,32.23
2847,1,"Northgate",1,boy,-0.76,0,0.52,20.45,0,NA,0,0,25.72
2848,7,"Station",25,boy,1.51,0,0.17,33.15,0,NA,0,0,36.58
2849,7,"Station",26,boy,0.87,0,0.28,39.63,0,NA,0,0,31.88
2850,3,"Millbrook",10,boy,0.86,0,0.33,17.69,0,NA,0,0,25.79
2851,7,"Station",23,boy,-0.94,0,0.34,52.54,0,NA,0,0,37.71
2852,6,"Old Town",19,girl,0.52,0,0.04,35.99,0,NA,0,1,38.99
2853,1,"Northgate",1,boy,-0.12,0,0.61,24.16,0,NA,1,0,16.61
2854,5,"Westbank",16,girl,0.49,0,0.41,24.51,0,NA,1,0,25.43
2855,7,"Station",22,boy,-2.81,0,0.1,49.86,0,NA,0,0,45.77
2856,9,"Greenmeadow",32,girl,0.54,0,0.99,17.26,0,NA,0,0,17.34
2857,12,"Harbour",40,boy,-0.61,0,0.06,33.97,0,NA,0,0,36.78
2858,7,"Station",23,girl,2.16,0,0.28,30.62,0,NA,0,0,39.26
2859,1,"Northgate",1,boy,-0.24,0,0.47,21.04,0,NA,0,0,20.52
2860,2,"Hillcrest",4,girl,1.56,1,0.71,20.71,0,NA,0,0,14.39
2861,6,"Old Town",17,girl,0.39,0,0.11,41.46,0,NA,0,0,48.37
2862,5,"Westbank",14,girl,-1.14,0,0.45,25.82,0,NA,0,0,28.46
2863,9,"Greenmeadow",30,boy,-0.38,0,0.89,6.23,0,NA,0,0,9.22
2864,9,"Greenmeadow",32,girl,0.91,0,0.82,5.64,0,NA,0,0,7.01
2865,7,"Station",25,boy,-0.62,0,0.08,41.28,0,NA,0,0,40.41
2866,12,"Harbour",39,girl,-1.19,1,0.14,42.14,0,NA,0,0,38.49
2867,3,"Millbrook",10,boy,-1.26,0,0.29,24.91,0,NA,0,0,35.58
2868,5,"Westbank",14,girl,-0.96,0,0.36,22.96,0,NA,0,0,25.15
2869,9,"Greenmeadow",31,girl,0.08,0,0.69,20.49,0,NA,0,0,22.7
2870,11,"Lakeside",37,boy,1.71,0,0.85,23.14,0,NA,1,0,17.61
2871,7,"Station",26,boy,-2.07,0,0.24,39.65,0,NA,0,0,38.5
2872,2,"Hillcrest",4,girl,0.28,0,0.76,11.7,0,NA,1,1,13.42
2873,9,"Greenmeadow",30,girl,1.44,0,0.7,13.38,0,NA,0,0,19.67
2874,2,"Hillcrest",4,boy,0.31,0,0.84,8.2,0,NA,0,0,14.3
2875,4,"Eastfield",12,boy,-1.42,0,0.32,25.02,0,NA,0,0,19.75
2876,1,"Northgate",1,boy,0.26,0,0.53,19.29,0,NA,0,0,17.03
2877,5,"Westbank",13,boy,0.22,0,0.39,40.03,0,NA,0,0,30.48
2878,6,"Old Town",21,boy,-0.81,0,0.26,44.15,0,NA,0,0,41.53
2879,11,"Lakeside",37,boy,1.65,0,0.88,4,0,NA,0,0,6.41
2880,4,"Eastfield",12,boy,0.79,0,0.35,23.09,0,NA,0,0,24.25
2881,1,"Northgate",1,boy,1.01,0,0.79,14.43,0,NA,0,0,19.33
2882,7,"Station",26,girl,-0.9,0,0.41,41.8,0,NA,0,0,42.6
2883,7,"Station",23,boy,0.32,0,0.12,44.99,0,NA,0,0,40.68
2884,7,"Station",23,boy,-0.91,1,0.16,52.32,0,NA,0,0,44.79
2885,3,"Millbrook",7,boy,0.07,0,0.49,19.12,0,NA,0,0,21.61
2886,2,"Hillcrest",4,girl,1.07,0,0.9,13.85,0,NA,0,0,15.16
2887,3,"Millbrook",8,boy,0.3,0,0.41,33.29,0,NA,0,0,25.61
2888,10,"Southport",33,boy,1.33,1,0.36,22.95,0,NA,1,1,27.42
2889,4,"Eastfield",11,boy,0.34,0,0.31,17.4,0,NA,1,0,25.37
2890,9,"Greenmeadow",30,boy,0.46,0,0.7,15.72,0,NA,0,0,11.47
2891,10,"Southport",35,boy,1.26,0,0.31,27.57,0,NA,1,0,36.67
2892,1,"Northgate",1,girl,-0.17,0,0.74,20.16,0,NA,0,0,20.17
2893,3,"Millbrook",9,boy,-1.26,1,0.4,22.72,0,NA,1,1,25.04
2894,6,"Old Town",17,girl,1.64,0,0.45,40.32,0,NA,0,0,32.76
2895,4,"Eastfield",11,boy,-0.63,1,0.47,22.65,1,25.5,0,0,23.64
2896,12,"Harbour",40,girl,-1.88,0,0.24,57.65,0,NA,0,0,48.05
2897,2,"Hillcrest",6,girl,0.15,1,0.76,24.23,0,NA,0,0,18.85
2898,4,"Eastfield",12,boy,-0.45,1,0.44,22.52,1,20.58,0,0,22.85
2899,9,"Greenmeadow",32,girl,1,0,0.63,19.37,0,NA,0,0,14.59
2900,8,"Riverside",29,girl,0.72,0,0.74,6.7,0,NA,0,0,15.61
2901,7,"Station",25,boy,-0.26,0,0.21,35.78,0,NA,0,0,32.33
2902,10,"Southport",35,girl,0.95,0,0.31,24.16,0,NA,0,0,29.54
2903,6,"Old Town",21,girl,-0.65,0,0.12,44.09,0,NA,1,0,39.85
2904,9,"Greenmeadow",32,boy,0.7,0,0.72,6.06,0,NA,1,0,12.8
2905,10,"Southport",33,girl,-1.01,1,0.27,28.22,0,NA,0,0,28.42
2906,7,"Station",22,boy,0.39,0,0.31,38.68,0,NA,0,0,34.42
2907,4,"Eastfield",12,boy,-0.35,0,0.33,21.94,1,26.85,0,0,27.36
2908,7,"Station",25,girl,0.28,1,0.15,35.88,0,NA,0,0,38.35
2909,4,"Eastfield",11,girl,-1.66,0,0.33,18.97,0,NA,0,0,24.44
2910,10,"Southport",33,girl,1.61,0,0.63,32.17,0,NA,0,0,23.26
2911,1,"Northgate",3,girl,0.62,1,0.52,27.07,0,NA,0,0,24.44
2912,8,"Riverside",27,girl,0.01,1,0.41,20.48,0,NA,0,0,19.31
2913,7,"Station",22,girl,0.15,1,0.29,43.4,0,NA,0,0,40.21
2914,2,"Hillcrest",5,boy,-0.25,0,0.92,22.78,0,NA,0,0,13.57
2915,6,"Old Town",18,boy,-2.19,0,0.08,29.9,0,NA,0,0,34.92
2916,2,"Hillcrest",4,boy,0.08,0,0.55,19.51,0,NA,0,0,18.51
2917,7,"Station",24,girl,-1.18,0,0.17,40.85,0,NA,0,0,44.72
2918,5,"Westbank",15,boy,0.27,0,0.43,24.94,0,NA,0,0,23.18
2919,1,"Northgate",1,boy,0.17,1,0.72,33.44,0,NA,0,0,23.97
2920,6,"Old Town",19,boy,-0.33,1,0.3,43.55,0,NA,0,0,40.04
2921,7,"Station",25,boy,-0.33,0,0.31,36.22,0,NA,1,0,38.94
2922,8,"Riverside",28,boy,1.29,0,0.49,28.3,0,NA,0,0,22.14
2923,3,"Millbrook",7,girl,-1.21,1,0.41,34.19,0,NA,0,0,32.86
2924,7,"Station",23,girl,-0.42,1,0.36,32.02,0,NA,0,0,38.98
2925,3,"Millbrook",9,boy,-0.27,1,0.49,21.95,0,NA,0,0,17.87
2926,5,"Westbank",14,boy,0.86,0,0.37,20.06,0,NA,0,0,21.04
2927,5,"Westbank",15,girl,-0.69,0,0.53,32.27,0,NA,1,0,30.49
2928,9,"Greenmeadow",31,girl,1.14,0,0.7,17.15,0,NA,0,0,20.2
2929,9,"Greenmeadow",30,boy,1.38,0,0.82,14.51,0,NA,0,0,6.76
2930,10,"Southport",35,girl,-0.57,1,0,37.08,0,NA,1,1,31.99
2931,12,"Harbour",39,girl,-0.99,1,0.15,44.44,0,NA,0,0,39.92
2932,6,"Old Town",19,girl,0.55,0,0.4,46.39,0,NA,0,0,44.77
2933,9,"Greenmeadow",32,girl,0.75,0,0.72,19.38,0,NA,0,0,13.83
2934,10,"Southport",34,girl,-0.92,0,0.36,27.15,0,NA,0,0,34.43
2935,7,"Station",23,girl,-0.76,0,0.11,41.81,0,NA,0,0,45.96
2936,7,"Station",26,boy,1.27,0,0.29,34.26,0,NA,0,0,31.51
2937,11,"Lakeside",38,boy,1.59,0,0.7,17.11,0,NA,1,0,24.06
2938,5,"Westbank",15,boy,0.09,0,0.64,25.03,0,NA,0,0,22.25
2939,8,"Riverside",28,boy,-1.02,0,0.52,22.25,0,NA,0,0,24.7
2940,5,"Westbank",15,boy,-0.15,1,0.58,29.15,0,NA,0,0,29.29
2941,9,"Greenmeadow",31,girl,0.69,0,0.88,8.12,0,NA,0,0,6
2942,11,"Lakeside",37,boy,-0.33,0,0.66,24.92,0,NA,1,0,18.33
2943,7,"Station",22,girl,0.24,0,0.25,42.16,0,NA,0,0,40.33
2944,3,"Millbrook",7,boy,0.59,0,0.42,28.76,0,NA,1,1,26.47
2945,1,"Northgate",3,girl,-0.79,0,0.49,16.54,0,NA,0,0,23.98
2946,7,"Station",25,boy,2.23,0,0.25,40.89,0,NA,0,0,38.38
2947,6,"Old Town",17,boy,-1.91,1,0.45,21.1,0,NA,0,0,35.5
2948,12,"Harbour",40,girl,-1.31,0,0.36,23.42,0,NA,1,0,27.84
2949,12,"Harbour",40,boy,1.45,1,0.24,36.58,0,NA,0,0,38.64
2950,10,"Southport",34,boy,-0.36,0,0.12,28.23,0,NA,0,0,32.65
2951,10,"Southport",36,boy,-0.79,0,0.29,38.09,0,NA,0,0,42.99
2952,9,"Greenmeadow",32,boy,2.49,0,0.88,8.97,0,NA,0,0,6
2953,5,"Westbank",15,boy,0.04,1,0.33,24.26,0,NA,1,1,31.53
2954,10,"Southport",34,boy,0.36,0,0.18,31.2,0,NA,1,1,24.37
2955,12,"Harbour",40,girl,0.55,0,0.28,29.61,0,NA,0,0,27.95
2956,3,"Millbrook",8,girl,-0.33,0,0.4,38.37,0,NA,1,1,34.24
2957,2,"Hillcrest",6,boy,1.99,0,0.81,15.75,0,NA,1,0,17.78
2958,5,"Westbank",13,boy,-0.56,1,0.32,25.06,0,NA,1,1,21.51
2959,10,"Southport",34,boy,0.28,0,0.04,22.5,0,NA,0,0,30.92
2960,7,"Station",26,boy,-0.35,0,0.01,32.19,0,NA,0,0,34.04
2961,5,"Westbank",15,girl,-0.26,0,0.47,22.59,0,NA,0,0,28.52
2962,3,"Millbrook",8,boy,-0.53,0,0.46,34.07,0,NA,1,0,29.22
2963,7,"Station",24,girl,1.02,0,0.24,35.51,0,NA,0,1,35.98
2964,6,"Old Town",20,girl,-0.29,1,0.04,38.91,0,NA,0,0,46.2
2965,1,"Northgate",1,girl,-0.8,0,0.63,25.57,0,NA,1,1,27.15
2966,5,"Westbank",16,girl,-0.29,0,0.69,11.2,0,NA,0,0,17.99
2967,12,"Harbour",39,boy,-0.29,0,0.22,37.71,0,NA,0,0,33.78
2968,7,"Station",22,girl,-0.33,0,0.3,33.61,0,NA,0,0,29.32
2969,10,"Southport",34,girl,-0.64,0,0.28,41.96,0,NA,0,0,43.86
2970,8,"Riverside",27,girl,-0.24,0,0.27,27.73,0,NA,0,0,25.24
2971,5,"Westbank",15,boy,0.04,0,0.36,16.81,0,NA,0,0,20.44
2972,1,"Northgate",2,boy,-0.75,0,0.34,15.97,0,NA,0,0,20.01
2973,6,"Old Town",17,girl,0.18,0,0.28,36.76,0,NA,0,1,34.25
2974,10,"Southport",35,boy,0.54,0,0.27,31.93,1,27.82,0,1,28.53
2975,11,"Lakeside",37,boy,0.25,0,0.85,10.49,0,NA,0,0,9.58
2976,5,"Westbank",14,boy,-0.24,1,0.64,31.92,0,NA,0,0,29.63
2977,9,"Greenmeadow",31,boy,-0.68,0,0.9,15.45,0,NA,0,0,11.28
2978,1,"Northgate",3,boy,-0.13,0,0.45,23.89,0,NA,0,0,21.84
2979,11,"Lakeside",38,girl,-2.35,1,0.81,18.17,0,NA,1,1,15.03
2980,3,"Millbrook",7,boy,-0.04,0,0.31,31.85,0,NA,0,0,25.66
2981,3,"Millbrook",10,boy,-0.25,0,0.41,19.74,0,NA,0,0,21.98
2982,8,"Riverside",29,boy,-0.05,0,0.66,11.41,0,NA,0,0,22.37
2983,9,"Greenmeadow",30,girl,-0.24,0,0.72,14.83,0,NA,0,0,16.93
2984,3,"Millbrook",9,girl,1.95,0,0.39,24.31,0,NA,0,0,27.39
2985,1,"Northgate",2,boy,-1.96,1,0.54,28.24,1,26.62,0,0,25
2986,12,"Harbour",40,boy,-0.29,0,0.32,32.02,0,NA,0,0,32.17
2987,6,"Old Town",20,boy,0.38,0,0.2,35.5,0,NA,0,0,36.72
2988,7,"Station",23,girl,0.23,0,0.31,41.85,0,NA,0,0,34.94
2989,2,"Hillcrest",4,girl,1.24,0,0.56,14.8,0,NA,0,1,16.15
2990,8,"Riverside",28,girl,-1.82,0,0.34,22.04,0,NA,0,0,26.72
2991,10,"Southport",35,boy,-0.93,1,0.53,27.55,0,NA,1,0,27.95
2992,1,"Northgate",3,boy,-1.09,0,0.63,32.99,1,22.8,0,0,23.95
2993,3,"Millbrook",8,girl,0.13,1,0.46,28.08,0,NA,0,0,30.22
2994,3,"Millbrook",7,boy,1.32,0,0.31,31.25,0,NA,0,0,34.06
2995,6,"Old Town",17,girl,-1.25,1,0.05,42.78,0,NA,0,0,44.75
2996,3,"Millbrook",9,boy,-0.24,0,0.39,33.53,0,NA,1,1,29.09
2997,1,"Northgate",3,boy,1.28,0,0.35,28.11,0,NA,0,0,24.43
2998,10,"Southport",34,boy,0.54,0,0.31,37.58,0,NA,0,0,32.97
2999,5,"Westbank",15,boy,0.84,0,0.46,28.58,0,NA,0,0,27.41
3000,12,"Harbour",39,girl,0.74,0,0.37,29.92,0,NA,0,0,27.64
3001,9,"Greenmeadow",31,boy,1.24,0,0.9,6.06,0,NA,1,1,12.88
3002,5,"Westbank",15,girl,0.38,0,0.43,10.89,0,NA,0,0,16.65
3003,6,"Old Town",19,boy,-1.44,0,0.29,43.76,0,NA,0,0,41.47
3004,7,"Station",23,boy,-0.27,1,0.42,34.55,0,NA,1,0,37.55
3005,2,"Hillcrest",6,girl,0.68,0,0.61,16.94,0,NA,1,0,14.54
3006,6,"Old Town",21,boy,-1.22,1,0.29,41.9,0,NA,1,1,44.15
3007,6,"Old Town",21,girl,-2.34,1,0.24,45.45,0,NA,0,0,45.66
3008,9,"Greenmeadow",32,girl,1.3,0,0.83,4,0,NA,0,0,6.08
3009,7,"Station",25,boy,0.35,0,0.22,25.51,0,NA,0,0,33.43
3010,12,"Harbour",40,boy,-2.26,1,0.25,48.94,0,NA,0,0,40.4
3011,11,"Lakeside",38,girl,-0.31,0,0.78,17.14,0,NA,0,0,9.76
3012,9,"Greenmeadow",30,girl,0.01,0,0.96,17.98,0,NA,0,0,18.8
3013,9,"Greenmeadow",31,girl,0.53,0,1,15.82,0,NA,0,0,13.53
3014,4,"Eastfield",11,girl,1,0,0.34,18.41,0,NA,0,0,27.46
3015,10,"Southport",34,girl,0.72,0,0.05,34.12,0,NA,1,1,33.42
3016,5,"Westbank",14,boy,-0.67,1,0.42,33.2,0,NA,0,0,34.21
3017,5,"Westbank",15,boy,-0.26,1,0.67,16.41,0,NA,0,0,25.07
3018,10,"Southport",35,boy,0.11,1,0.17,37.96,0,NA,1,0,34.77
3019,7,"Station",25,girl,0.5,0,0.03,38.4,0,NA,0,0,35.21
3020,4,"Eastfield",12,girl,-1.1,0,0.32,29.27,0,NA,0,0,26.67
3021,7,"Station",24,girl,-0.19,0,0.3,34.82,0,NA,0,0,33.8
3022,5,"Westbank",14,boy,-0.44,0,0.43,40.19,1,34.38,0,0,31.23
3023,10,"Southport",33,boy,-1.54,1,0.24,30.98,0,NA,0,0,34.72
3024,5,"Westbank",15,boy,2.05,0,0.67,41.67,0,NA,0,0,30.92
3025,3,"Millbrook",10,girl,0.41,0,0.49,31.22,0,NA,1,0,25.95
3026,3,"Millbrook",10,boy,0.45,0,0.41,25.48,0,NA,0,0,19.51
3027,6,"Old Town",18,girl,1.1,0,0.21,47.7,0,NA,1,0,46.72
3028,12,"Harbour",39,boy,-0.59,0,0.34,38.84,0,NA,0,0,34.71
3029,6,"Old Town",20,girl,0.72,0,0,30.06,0,NA,0,0,37.83
3030,8,"Riverside",27,boy,0.72,0,0.66,20.59,0,NA,0,0,20.53
3031,10,"Southport",35,girl,-0.27,1,0.25,34.99,0,NA,0,1,29.73
3032,6,"Old Town",19,boy,-0.68,1,0,43.69,0,NA,0,0,43.26
3033,1,"Northgate",2,girl,-0.72,1,0.49,18.13,0,NA,0,0,19.91
3034,1,"Northgate",1,girl,0.71,0,0.76,15.83,0,NA,0,0,15.99
3035,6,"Old Town",19,boy,-1.09,0,0.01,46.36,0,NA,0,1,45.92
3036,6,"Old Town",21,boy,0.25,0,0.24,38.97,0,NA,0,0,42.41
3037,12,"Harbour",40,boy,-0.73,0,0.33,34.47,0,NA,0,0,38.08
3038,8,"Riverside",27,girl,-0.33,0,0.7,16.33,0,NA,0,0,17.63
3039,11,"Lakeside",38,boy,1.03,0,0.69,7.82,0,NA,0,0,10.57
3040,9,"Greenmeadow",32,boy,0.6,0,0.86,11.99,0,NA,0,0,10.88
3041,10,"Southport",35,boy,2.14,0,0.39,22.56,0,NA,0,0,23.48
3042,6,"Old Town",20,boy,1.24,0,0.17,42.66,0,NA,0,0,32.97
3043,9,"Greenmeadow",32,girl,0.8,0,0.7,14.26,0,NA,0,0,15.06
3044,8,"Riverside",27,boy,0.37,0,0.79,17.14,0,NA,0,0,17.8
3045,6,"Old Town",20,boy,-0.58,0,0.09,39.77,1,46.73,0,0,45.24
3046,7,"Station",22,boy,-0.74,0,0.48,24.43,0,NA,0,0,34.42
3047,4,"Eastfield",12,boy,-0.86,0,0.61,25.65,0,NA,1,0,25.07
3048,5,"Westbank",14,boy,0.17,1,0.36,19.22,0,NA,0,0,26.52
3049,5,"Westbank",14,boy,-0.1,0,0.38,26.75,0,NA,0,0,29.35
3050,5,"Westbank",14,girl,0.54,0,0.47,24.93,0,NA,0,0,23.52
3051,10,"Southport",34,boy,0.02,1,0.49,37.59,1,37.23,0,0,35.05
3052,1,"Northgate",3,boy,-2.25,1,0.64,25.29,0,NA,0,0,28.82
3053,10,"Southport",34,boy,0.33,0,0.36,24.15,0,NA,0,0,26.51
3054,2,"Hillcrest",4,boy,0.47,1,0.66,11.88,0,NA,1,1,6.83
3055,8,"Riverside",28,girl,-1.43,1,0.49,27.8,0,NA,0,0,29.15
3056,10,"Southport",36,boy,-0.64,1,0.25,38.2,0,NA,1,1,35.65
3057,4,"Eastfield",12,boy,-1.17,0,0.38,25.72,0,NA,0,0,27.38
3058,10,"Southport",35,boy,0.96,1,0.17,38.49,0,NA,1,1,31.08
3059,2,"Hillcrest",6,girl,-0.41,0,0.67,4,0,NA,0,0,10.81
3060,7,"Station",23,girl,1.41,0,0.21,23.33,0,NA,0,0,30.62
3061,9,"Greenmeadow",31,girl,1.47,0,0.92,15,0,NA,0,0,14.1
3062,10,"Southport",36,boy,-0.24,0,0.37,26.62,0,NA,0,0,26.19
3063,6,"Old Town",20,boy,0.87,0,0.27,41.39,0,NA,1,0,36.72
3064,12,"Harbour",39,boy,-0.32,0,0.55,36.56,0,NA,0,0,30.92
3065,12,"Harbour",40,boy,-0.82,1,0.27,25.52,0,NA,0,0,32.21
3066,12,"Harbour",39,boy,-0.04,0,0.23,28.51,0,NA,1,1,31.15
3067,8,"Riverside",27,boy,-0.33,1,0.54,17.64,0,NA,0,0,14.3
3068,9,"Greenmeadow",32,girl,0.69,0,0.84,4,0,NA,0,0,12.07
3069,2,"Hillcrest",5,boy,0.22,0,0.68,21.8,0,NA,0,0,17.33
3070,11,"Lakeside",37,girl,-0.92,0,0.87,12.68,0,NA,1,1,16.51
3071,8,"Riverside",28,boy,1.1,0,0.55,10.69,0,NA,0,0,19.36
3072,2,"Hillcrest",5,girl,1.25,0,0.46,20.72,0,NA,0,0,21.16
3073,5,"Westbank",15,girl,-0.15,0,0.43,27.69,0,NA,0,0,23.57
3074,3,"Millbrook",8,boy,0.62,0,0.43,20.66,0,NA,0,0,18.95
3075,1,"Northgate",2,boy,-1.31,0,0.61,21.13,0,NA,1,1,23.49
3076,6,"Old Town",18,boy,1.55,0,0.23,39.17,0,NA,0,0,40.41
3077,2,"Hillcrest",5,girl,-0.46,0,0.91,23.67,0,NA,1,0,15.21
3078,12,"Harbour",39,girl,0.44,1,0.18,36.27,0,NA,0,0,32.7
3079,9,"Greenmeadow",31,boy,-0.81,0,0.71,15.05,0,NA,1,1,15.2
3080,2,"Hillcrest",5,boy,0.19,0,0.79,27.89,0,NA,0,0,21.11
3081,6,"Old Town",21,boy,-0.79,0,0.21,44.02,0,NA,1,0,44.82
3082,10,"Southport",35,boy,-0.37,0,0.5,44.96,0,NA,0,0,33.3
3083,10,"Southport",34,girl,-1.81,0,0.37,49.54,0,NA,0,0,41.71
3084,9,"Greenmeadow",31,boy,0.47,1,0.74,17.31,1,14.83,0,0,15.12
3085,8,"Riverside",28,girl,-1.49,1,0.62,12.24,0,NA,0,1,14.76
3086,7,"Station",25,girl,-0.81,0,0.24,36.65,0,NA,1,0,35
3087,5,"Westbank",13,girl,1.88,0,0.59,28.64,0,NA,1,0,28.89
3088,2,"Hillcrest",4,boy,-0.73,0,0.87,5.72,0,NA,0,0,10.3
3089,5,"Westbank",15,boy,1.58,0,0.52,20.28,0,NA,0,0,25.97
3090,5,"Westbank",14,girl,-1.6,1,0.43,33.25,0,NA,1,1,33.06
3091,5,"Westbank",16,boy,0.18,1,0.36,29.91,0,NA,0,0,29.4
3092,6,"Old Town",17,girl,1.13,0,0.25,45.86,0,NA,0,0,38.03
3093,7,"Station",23,boy,0.24,0,0.43,32.1,0,NA,0,0,34.04
3094,8,"Riverside",27,boy,0.24,0,0.5,20.99,0,NA,1,1,23.89
3095,6,"Old Town",21,girl,0.24,0,0.24,43.81,0,NA,0,0,38.78
3096,7,"Station",22,boy,-0.2,0,0.22,40.74,0,NA,0,0,36.97
3097,9,"Greenmeadow",32,boy,2.31,0,0.92,12.56,0,NA,0,0,12.35
3098,6,"Old Town",21,boy,1.2,0,0.04,50.67,0,NA,0,0,44.31
3099,7,"Station",23,girl,-0.19,1,0.26,38,0,NA,1,1,40.26
3100,12,"Harbour",40,boy,-1.34,1,0.1,37.54,0,NA,1,0,36.21
3101,9,"Greenmeadow",32,girl,-0.08,0,0.79,16.14,0,NA,0,0,15.86
3102,12,"Harbour",39,boy,-1.53,0,0.26,28.3,0,NA,0,0,30.05
3103,8,"Riverside",29,boy,1.1,1,0.67,22.45,0,NA,0,1,20.93
3104,1,"Northgate",2,girl,-0.18,0,0.4,18.93,0,NA,0,0,24.86
3105,12,"Harbour",39,boy,-0.39,0,0.11,31.79,0,NA,0,1,29.55
3106,12,"Harbour",39,boy,1.11,0,0.29,37.15,0,NA,0,0,35.71
3107,7,"Station",25,girl,-0.48,1,0,32.11,0,NA,0,0,42.41
3108,3,"Millbrook",9,girl,0.45,0,0.33,23.61,0,NA,0,0,26.15
3109,10,"Southport",33,girl,-0.33,0,0.18,35.47,0,NA,0,0,37.08
3110,7,"Station",26,boy,-0.41,1,0.15,34.69,0,NA,1,1,35.63
3111,12,"Harbour",40,girl,-0.42,1,0.4,33.19,0,NA,0,0,39.84
3112,10,"Southport",33,boy,0.33,0,0.49,35.71,0,NA,0,0,33.47
3113,5,"Westbank",16,girl,1.6,1,0.34,28.8,0,NA,1,1,26.3
3114,3,"Millbrook",8,girl,0.36,0,0.42,25.45,0,NA,0,0,26.75
3115,3,"Millbrook",9,boy,0.01,0,0.34,35.59,0,NA,0,0,24.12
3116,1,"Northgate",1,girl,0.56,1,0.44,18.5,0,NA,0,0,21.38
3117,1,"Northgate",2,girl,-0.08,0,0.5,21.54,0,NA,1,1,26.86
3118,1,"Northgate",1,boy,-0.06,1,0.6,23.62,0,NA,0,0,22.24
3119,9,"Greenmeadow",30,boy,0.88,0,0.47,27.45,0,NA,0,0,21.92
3120,12,"Harbour",40,girl,0.1,0,0.47,33.98,0,NA,1,0,35.81
3121,1,"Northgate",3,boy,0.48,0,0.58,27.43,0,NA,0,0,20.22
3122,2,"Hillcrest",4,boy,1.14,1,0.78,10.01,0,NA,1,0,9.62
3123,12,"Harbour",39,girl,-1.19,1,0.51,39.64,0,NA,0,0,33.31
3124,2,"Hillcrest",6,boy,1.36,1,0.86,22.12,0,NA,0,0,19.06
3125,9,"Greenmeadow",30,girl,-0.1,0,0.57,6.36,0,NA,0,0,6
3126,2,"Hillcrest",4,girl,1.32,1,0.72,12.83,1,16.14,0,0,16.58
3127,6,"Old Town",19,boy,-0.94,1,0.24,42.79,0,NA,0,0,37.86
3128,1,"Northgate",3,boy,1.34,1,0.44,16.16,0,NA,1,1,19.41
3129,5,"Westbank",15,girl,1.46,0,0.44,6.68,0,NA,0,0,18.45
3130,12,"Harbour",40,boy,-0.84,0,0.37,24.35,0,NA,0,1,33.06
3131,6,"Old Town",19,girl,-0.61,0,0.07,46.92,0,NA,0,0,43.88
3132,6,"Old Town",18,girl,0.73,0,0.1,32.82,0,NA,0,0,34.88
3133,10,"Southport",33,girl,0,0,0.55,37.64,0,NA,1,1,29.38
3134,1,"Northgate",1,boy,-0.37,0,0.79,17.38,0,NA,0,0,24.46
3135,7,"Station",26,boy,-0.69,0,0.24,32.9,0,NA,0,0,38.06
3136,8,"Riverside",28,girl,1.27,0,0.54,25.91,0,NA,0,0,23.61
3137,6,"Old Town",20,girl,-1.05,1,0.25,42.5,0,NA,1,1,43.22
3138,2,"Hillcrest",4,boy,-1.07,0,0.68,29.08,0,NA,0,0,22.26
3139,7,"Station",26,boy,-0.47,0,0.12,35.4,0,NA,0,0,46.16
3140,1,"Northgate",2,boy,1.53,0,0.41,23.9,0,NA,0,0,22.95
3141,10,"Southport",34,boy,-0.01,0,0.27,32.96,0,NA,0,0,29.55
3142,2,"Hillcrest",5,boy,-1.13,0,0.79,12.89,1,10.3,0,0,12.74
3143,3,"Millbrook",9,boy,1.35,0,0.42,18.92,0,NA,0,0,25.06
3144,12,"Harbour",40,girl,-0.75,0,0.38,29.71,0,NA,0,0,34.75
3145,7,"Station",23,girl,-1.27,0,0.24,35.3,0,NA,1,1,38.87
3146,5,"Westbank",16,girl,-0.73,0,0.53,36.62,0,NA,0,0,31.83
3147,9,"Greenmeadow",30,boy,0.48,0,0.77,6.37,0,NA,0,0,6
3148,2,"Hillcrest",6,boy,-0.48,0,0.47,17.67,0,NA,0,0,18.88
3149,10,"Southport",35,boy,0,0,0.34,30.85,0,NA,0,0,34.42
3150,5,"Westbank",15,girl,1.63,0,0.56,20.74,0,NA,0,0,20.8
3151,6,"Old Town",19,girl,-1.69,0,0.21,32.72,0,NA,0,0,33.49
3152,3,"Millbrook",9,girl,-0.76,0,0.45,30.05,0,NA,1,1,27.81
3153,2,"Hillcrest",6,boy,-0.72,0,0.55,20.86,0,NA,0,0,20.19
3154,10,"Southport",33,girl,-0.9,1,0.3,26.9,0,NA,1,0,31.44
3155,8,"Riverside",29,girl,0.18,1,0.52,22.64,0,NA,0,0,17.41
3156,1,"Northgate",2,boy,-0.68,1,0.38,27.6,0,NA,0,0,25.24
3157,6,"Old Town",17,girl,-0.01,1,0.06,37.79,0,NA,0,0,35.26
3158,1,"Northgate",2,boy,0.59,0,0.38,25.75,0,NA,1,0,20.97
3159,2,"Hillcrest",4,girl,-0.27,0,0.77,23.44,1,19.58,0,0,22.14
3160,10,"Southport",33,boy,0.45,0,0.28,36.89,0,NA,0,0,32.27
3161,2,"Hillcrest",4,boy,-0.41,0,0.64,14.25,0,NA,0,0,18.65
3162,3,"Millbrook",8,girl,-0.94,1,0.55,30.46,0,NA,0,0,31.74
3163,5,"Westbank",13,boy,1.39,0,0.54,27.2,0,NA,0,0,27.82
3164,3,"Millbrook",8,boy,-2.72,1,0.49,28.23,0,NA,1,1,32.99
3165,9,"Greenmeadow",32,boy,0.35,0,0.78,4,0,NA,0,0,7.15
3166,3,"Millbrook",10,boy,0.06,1,0.25,20.91,0,NA,1,1,23.49
3167,3,"Millbrook",9,boy,2.43,0,0.15,23.96,0,NA,0,0,28.28
3168,8,"Riverside",28,boy,-0.85,1,0.61,12.3,0,NA,1,1,14.55
3169,4,"Eastfield",12,girl,-0.63,0,0.24,10.7,0,NA,0,0,17.61
3170,5,"Westbank",15,girl,2.54,0,0.59,21.97,1,19.2,0,0,19.8
3171,12,"Harbour",39,girl,-0.79,1,0.19,40.23,0,NA,1,1,35.56
3172,6,"Old Town",19,girl,-2.14,1,0.15,40.92,0,NA,0,0,35.62
3173,3,"Millbrook",9,girl,-0.36,1,0.32,35.37,0,NA,0,0,26.28
3174,4,"Eastfield",11,girl,0.51,0,0.31,35.04,0,NA,0,0,25.46
3175,3,"Millbrook",7,girl,0.39,0,0.35,24.53,0,NA,1,0,29.12
3176,7,"Station",23,boy,1.35,0,0.22,50.6,0,NA,0,0,39.93
3177,5,"Westbank",16,boy,-0.64,1,0.37,27.25,0,NA,1,1,34.13
3178,7,"Station",26,boy,0.47,1,0.25,42.2,0,NA,1,1,35.44
3179,6,"Old Town",19,girl,0.54,0,0.22,44.13,0,NA,0,0,36.28
3180,5,"Westbank",15,girl,0.27,0,0.6,23.79,0,NA,1,1,24.35
3181,5,"Westbank",16,girl,0.82,0,0.71,16.34,0,NA,1,0,14.22
3182,11,"Lakeside",37,girl,-0.02,0,0.72,7.8,0,NA,0,0,8.77
3183,10,"Southport",34,boy,-1.42,1,0.42,31.84,1,26.38,0,0,27.64
3184,1,"Northgate",2,boy,1.4,0,0.61,14.83,0,NA,0,0,18.04
3185,1,"Northgate",3,girl,0.27,0,0.65,14.82,0,NA,0,0,24.12
3186,2,"Hillcrest",6,girl,1.38,0,0.78,22.87,0,NA,0,0,15.82
3187,5,"Westbank",14,boy,1.26,1,0.62,21.32,1,21.52,1,0,21.14
3188,7,"Station",22,boy,-0.28,0,0.27,47.45,0,NA,1,1,43.55
3189,7,"Station",25,boy,-0.2,0,0.19,27.26,1,32.73,0,0,35.84
3190,3,"Millbrook",9,girl,0.46,0,0.18,27.46,0,NA,0,0,30.5
3191,3,"Millbrook",9,boy,-0.46,0,0.5,26.66,0,NA,1,0,27.08
3192,10,"Southport",34,boy,-0.88,1,0.37,34.23,0,NA,1,1,36.72
3193,10,"Southport",35,boy,0.85,0,0.24,45.92,0,NA,0,0,38.57
3194,7,"Station",22,girl,-1.21,0,0.14,37.99,0,NA,0,0,41.62
3195,9,"Greenmeadow",32,girl,-0.35,0,0.92,4,0,NA,0,0,6.93
3196,5,"Westbank",15,boy,1.01,0,0.54,20.89,0,NA,0,0,23.66
3197,6,"Old Town",17,girl,0.14,0,0.23,28.06,0,NA,0,0,37.84
3198,6,"Old Town",20,boy,-0.63,0,0.13,30.02,0,NA,0,0,39.18
3199,3,"Millbrook",9,girl,-1.06,0,0.44,21.53,1,31.32,0,0,31.31
3200,7,"Station",26,boy,-0.18,0,0.17,30.71,0,NA,1,0,37.72
3201,10,"Southport",33,boy,-0.34,0,0.32,28.34,0,NA,0,0,31.45
3202,5,"Westbank",15,boy,1.28,0,0.82,27.54,0,NA,0,0,25.22
3203,9,"Greenmeadow",31,girl,1.08,0,0.73,8.73,0,NA,0,0,12.89
3204,10,"Southport",36,boy,0.52,0,0.34,40.25,0,NA,0,0,36.24
3205,10,"Southport",36,boy,0.21,0,0.33,30.69,0,NA,1,1,34.62
3206,11,"Lakeside",38,boy,0.09,0,0.68,13.37,1,7.58,0,0,10
3207,11,"Lakeside",37,girl,-0.29,0,0.77,4,0,NA,0,0,11.1
3208,2,"Hillcrest",5,boy,0.47,0,0.81,15.64,0,NA,0,0,17.35
3209,12,"Harbour",40,girl,-0.49,0,0.29,35.28,0,NA,1,1,33.06
3210,9,"Greenmeadow",30,boy,0.21,1,0.8,9.13,0,NA,0,0,9.61
3211,6,"Old Town",18,boy,0.67,0,0,45.66,0,NA,0,0,51.62
3212,3,"Millbrook",10,boy,-0.24,0,0.42,22.3,0,NA,1,1,25.72
3213,3,"Millbrook",8,girl,-0.59,0,0.27,41.45,0,NA,0,0,32.9
3214,4,"Eastfield",12,boy,-0.47,0,0.45,20.17,0,NA,0,0,30.4
3215,7,"Station",26,boy,-0.3,0,0.2,36.77,0,NA,1,1,30.99
3216,7,"Station",22,girl,-1.77,1,0.19,47.95,0,NA,1,1,50.68
3217,6,"Old Town",20,girl,1.05,0,0.18,38.72,0,NA,1,1,42.23
3218,6,"Old Town",17,boy,-0.8,0,0.25,40.11,0,NA,1,1,43.92
3219,6,"Old Town",17,boy,0.35,0,0.12,48.88,0,NA,1,1,45.47
3220,6,"Old Town",18,boy,-1.36,0,0.32,35.56,0,NA,0,0,39.68
3221,6,"Old Town",17,boy,-0.12,0,0.09,31.6,0,NA,0,0,37.88
3222,7,"Station",24,girl,0.3,0,0.19,46.63,0,NA,0,0,41.64
3223,1,"Northgate",2,boy,-0.44,0,0.79,18.29,0,NA,0,0,21.01
3224,12,"Harbour",39,boy,0.11,0,0.36,42,0,NA,0,0,36.3
3225,2,"Hillcrest",4,girl,2.02,0,0.67,13.02,0,NA,0,0,16.18
3226,2,"Hillcrest",5,boy,0.5,0,0.59,5.54,0,NA,0,0,9.51
3227,3,"Millbrook",7,boy,-1.57,0,0.45,15.86,0,NA,0,0,24.31
3228,4,"Eastfield",11,girl,-0.85,0,0.19,30.41,1,29.49,0,0,32.63
3229,6,"Old Town",21,girl,0.11,0,0.3,38.51,0,NA,0,0,39.66
3230,11,"Lakeside",38,boy,1.02,0,0.89,10.22,0,NA,0,0,11.8
3231,5,"Westbank",15,girl,-0.38,1,0.43,27.73,0,NA,0,0,26.68
3232,2,"Hillcrest",5,girl,-1.06,1,0.41,21.31,0,NA,0,0,17.28
3233,6,"Old Town",17,girl,0.04,0,0.24,34.38,0,NA,0,0,35.88
3234,6,"Old Town",18,girl,0.82,0,0.06,35.4,0,NA,0,0,37.29
3235,1,"Northgate",1,boy,-1.61,1,0.4,32.56,0,NA,0,0,31.4
3236,3,"Millbrook",9,boy,-0.01,1,0.18,30.08,0,NA,0,0,30.26
3237,7,"Station",23,boy,1.69,0,0.42,30.25,0,NA,0,0,32.75
3238,5,"Westbank",14,girl,0.51,0,0.51,28.29,0,NA,0,0,30.06
3239,7,"Station",22,boy,-0.63,1,0.27,41.31,0,NA,1,1,43.88
3240,6,"Old Town",19,boy,0.82,1,0.01,36.33,0,NA,0,0,42.13
3241,2,"Hillcrest",6,boy,0.25,0,0.77,19.02,0,NA,0,0,21.87
3242,9,"Greenmeadow",32,girl,-0.05,1,1,14.44,0,NA,0,0,12.86
3243,8,"Riverside",27,girl,0.28,0,0.56,31.33,0,NA,0,0,16.46
3244,11,"Lakeside",37,girl,-0.01,0,0.93,15.38,0,NA,0,0,21.1
3245,4,"Eastfield",12,girl,0.14,0,0.44,9.65,0,NA,0,0,17.69
3246,12,"Harbour",39,boy,-0.19,1,0.49,35.26,0,NA,1,1,37.09
3247,6,"Old Town",21,boy,-0.27,1,0.24,38.7,0,NA,0,0,34.29
3248,11,"Lakeside",38,boy,0.53,0,0.91,9.37,0,NA,0,0,12.97
3249,6,"Old Town",18,boy,-0.63,1,0,45.89,0,NA,1,1,42.62
3250,11,"Lakeside",37,boy,0.81,0,0.88,18.41,0,NA,0,0,10.95
3251,7,"Station",26,girl,-0.42,1,0.02,30.82,0,NA,1,1,42.23
3252,11,"Lakeside",37,girl,0.85,0,0.58,9.42,0,NA,0,0,6.5
3253,6,"Old Town",20,boy,-0.98,0,0,40.24,0,NA,0,0,42.35
3254,11,"Lakeside",37,girl,-0.16,0,0.68,26.15,1,20.85,0,0,22.83
3255,9,"Greenmeadow",30,girl,0,0,0.98,19.5,0,NA,1,0,13.76
3256,3,"Millbrook",9,girl,-0.48,1,0.3,30.28,0,NA,0,0,25.36
3257,11,"Lakeside",38,girl,1.42,0,0.67,12.64,0,NA,0,0,13.73
3258,8,"Riverside",29,boy,1.2,0,0.5,33.58,0,NA,0,0,26.66
3259,6,"Old Town",21,girl,1.12,1,0.17,26.09,0,NA,0,0,38.53
3260,3,"Millbrook",8,girl,-0.72,0,0.39,32.6,0,NA,0,0,26.14
3261,10,"Southport",35,boy,-0.75,0,0.53,41.54,0,NA,0,0,32.68
3262,6,"Old Town",18,boy,1.26,0,0.19,32.67,0,NA,0,0,35.87
3263,2,"Hillcrest",4,boy,-0.46,0,0.55,25.26,0,NA,0,0,22.78
3264,5,"Westbank",16,boy,-1.24,0,0.55,37.06,0,NA,0,0,29.2
3265,3,"Millbrook",10,boy,-0.31,1,0.5,23.81,0,NA,0,0,24.13
3266,3,"Millbrook",9,boy,-1.05,0,0.31,36.14,0,NA,1,0,26.92
3267,10,"Southport",36,boy,-0.97,0,0.34,41.1,0,NA,0,0,37.76
3268,5,"Westbank",14,girl,-0.05,0,0.57,24.9,0,NA,0,0,22.78
3269,12,"Harbour",39,girl,0.85,0,0.2,28.06,0,NA,1,1,26.98
3270,6,"Old Town",20,girl,1.29,0,0.05,42.25,1,43.71,0,0,41.58
3271,3,"Millbrook",10,girl,0.97,0,0.1,31.01,0,NA,0,0,32.22
3272,10,"Southport",33,boy,-0.24,0,0.42,42.98,0,NA,0,0,36.63
3273,8,"Riverside",28,girl,-0.73,0,0.31,16.3,0,NA,0,0,19.07
3274,4,"Eastfield",12,girl,-1.78,0,0.38,20.48,0,NA,0,0,28.37
3275,6,"Old Town",19,girl,-0.17,0,0.14,40.33,0,NA,0,0,44.84
3276,5,"Westbank",13,boy,-0.25,0,0.32,31.15,0,NA,0,0,25.21
3277,2,"Hillcrest",5,girl,1.43,0,0.7,9.79,0,NA,0,0,10.99
3278,5,"Westbank",13,girl,-0.38,0,0.55,25.2,0,NA,0,0,21.42
3279,10,"Southport",36,boy,1.89,0,0.48,27.26,0,NA,0,0,31.25
3280,12,"Harbour",39,boy,-0.57,1,0.2,23.52,1,31.46,0,0,32.59
3281,11,"Lakeside",37,girl,-0.57,0,0.83,17.52,0,NA,0,0,21.26
3282,1,"Northgate",1,boy,-0.05,0,0.59,30.07,0,NA,0,0,20.83
3283,7,"Station",25,boy,0.34,1,0.35,37.26,0,NA,1,0,31.93
3284,5,"Westbank",16,girl,-1.4,0,0.41,16.15,0,NA,0,0,22.71
3285,8,"Riverside",28,girl,-1.44,0,0.62,26.83,0,NA,1,0,21.24
3286,9,"Greenmeadow",30,boy,1.4,1,0.9,20.13,0,NA,0,0,17.14
3287,7,"Station",23,girl,-1.1,0,0.22,35.63,0,NA,0,1,39.54
3288,4,"Eastfield",11,boy,-0.43,0,0.52,28.55,0,NA,0,0,20.44
3289,6,"Old Town",17,girl,-0.91,0,0.43,31.95,0,NA,0,0,42.24
3290,7,"Station",26,boy,-0.99,1,0.2,36.62,0,NA,0,1,34.43
3291,6,"Old Town",19,girl,-1.05,1,0.45,43.55,0,NA,0,0,41.94
3292,9,"Greenmeadow",30,boy,0.96,1,1,5.64,0,NA,0,0,11.4
3293,3,"Millbrook",8,boy,0.29,0,0.51,17.01,0,NA,0,0,25.87
3294,5,"Westbank",13,boy,0.21,1,0.44,18.4,0,NA,0,0,25.06
3295,5,"Westbank",15,boy,1.48,0,0.49,25.22,0,NA,1,1,27.75
3296,6,"Old Town",20,girl,0.13,0,0.08,47.59,0,NA,1,1,44.46
3297,8,"Riverside",28,boy,-0.24,0,0.42,20.1,0,NA,0,0,19.4
3298,3,"Millbrook",9,boy,1.22,0,0.73,16.84,0,NA,0,0,16.75
3299,5,"Westbank",14,boy,-0.51,1,0.54,33.55,0,NA,0,0,35.13
3300,5,"Westbank",16,boy,-0.7,0,0.47,16.58,0,NA,1,1,29.09
3301,5,"Westbank",16,girl,0.05,0,0.46,37.05,1,32.09,0,0,33.69
3302,12,"Harbour",40,boy,-1.41,1,0.2,38.28,1,34.83,1,1,36.83
3303,2,"Hillcrest",6,boy,-0.87,1,0.66,13.22,0,NA,0,0,18.03
3304,1,"Northgate",3,girl,-0.56,0,0.76,21.66,0,NA,0,0,21.42
3305,4,"Eastfield",11,girl,-0.32,0,0.4,16.56,0,NA,1,0,18.22
3306,8,"Riverside",29,boy,-1.78,1,0.54,21.08,1,22.29,0,0,21.51
3307,4,"Eastfield",11,girl,-0.38,1,0.1,13.69,0,NA,0,0,25.99
3308,1,"Northgate",3,boy,0.93,0,0.64,29.56,0,NA,0,0,21.39
3309,3,"Millbrook",7,boy,1.03,0,0.6,28.36,0,NA,0,0,27.5
3310,1,"Northgate",3,girl,1.43,0,0.62,21.53,0,NA,1,1,19.48
3311,6,"Old Town",17,boy,-0.48,0,0,49.03,0,NA,0,0,43.96
3312,6,"Old Town",17,boy,-0.62,0,0.27,42.59,0,NA,0,0,42.91
3313,6,"Old Town",20,girl,-0.92,1,0,41.78,0,NA,0,0,43.1
3314,6,"Old Town",19,boy,-1.2,1,0.16,32.73,0,NA,0,0,36.92
3315,10,"Southport",35,boy,-0.81,0,0.2,47.15,1,45.03,1,0,45.03
3316,11,"Lakeside",37,boy,-0.26,1,0.64,14.16,0,NA,0,0,17.07
3317,2,"Hillcrest",4,boy,1.94,0,0.78,9.85,0,NA,0,0,15.66
3318,7,"Station",25,boy,-0.34,0,0.09,41.87,0,NA,0,0,39.79
3319,8,"Riverside",28,girl,-0.94,0,0.54,24.76,0,NA,1,1,23.38
3320,3,"Millbrook",7,boy,-1.8,1,0.6,18.43,0,NA,1,1,21.98
3321,12,"Harbour",39,boy,-0.02,0,0.03,40.59,0,NA,0,0,30.71
3322,4,"Eastfield",11,girl,-0.09,0,0.24,32.83,0,NA,0,0,24.66
3323,5,"Westbank",14,girl,0.76,0,0.53,21.34,0,NA,0,0,26.24
3324,11,"Lakeside",38,girl,3.13,0,0.71,18.66,0,NA,0,0,14.99
3325,12,"Harbour",40,girl,-0.24,1,0.24,27.65,0,NA,0,0,38.52
3326,9,"Greenmeadow",32,boy,0.52,1,0.72,21.75,0,NA,0,0,16.58
3327,4,"Eastfield",12,girl,-0.46,1,0.44,14,0,NA,0,0,19.48
3328,1,"Northgate",2,girl,1.3,1,0.37,18.83,0,NA,0,0,20.02
3329,7,"Station",26,girl,-2.34,1,0.12,48.92,0,NA,1,1,41.8
3330,6,"Old Town",17,girl,-0.45,0,0.16,42.9,0,NA,0,0,45.94
3331,6,"Old Town",20,girl,0.68,0,0.24,29.37,0,NA,0,0,35.03
3332,4,"Eastfield",12,girl,-0.31,0,0.43,28.11,0,NA,0,0,29.57
3333,2,"Hillcrest",6,girl,-0.42,0,0.64,14.21,0,NA,0,0,14.78
3334,2,"Hillcrest",6,girl,-0.76,0,0.62,27.02,0,NA,0,0,26.32
3335,4,"Eastfield",12,girl,-0.37,0,0.27,25.59,0,NA,1,0,30.47
3336,10,"Southport",33,boy,0.26,0,0.53,23.13,0,NA,0,0,26.67
3337,3,"Millbrook",10,girl,-0.22,0,0.42,28.9,0,NA,0,0,26.76
3338,6,"Old Town",20,boy,0.97,1,0.15,50.62,0,NA,0,0,38.91
3339,7,"Station",25,girl,-0.54,1,0.12,33.2,0,NA,0,0,35.38
3340,6,"Old Town",21,girl,0.02,0,0.03,45.44,0,NA,0,0,41.97
3341,10,"Southport",33,girl,-1.63,0,0.19,36.33,0,NA,1,1,41.62
3342,7,"Station",25,boy,0.24,0,0.18,43.64,0,NA,0,0,41.13
3343,2,"Hillcrest",6,girl,-0.04,0,0.52,17.25,0,NA,0,0,17.47
3344,8,"Riverside",27,boy,-0.91,0,0.55,5.96,0,NA,0,1,21.24
3345,6,"Old Town",17,girl,-0.27,0,0.09,40.05,0,NA,0,0,42.53
3346,4,"Eastfield",12,boy,-0.35,1,0.29,23.97,0,NA,1,1,24.18
3347,8,"Riverside",28,boy,-0.15,0,0.58,17.22,0,NA,0,0,18.48
3348,5,"Westbank",13,girl,0.05,0,0.55,22.38,0,NA,0,0,19.13
3349,12,"Harbour",39,girl,-0.96,0,0.26,37.18,0,NA,0,1,35.75
3350,7,"Station",24,boy,-0.21,0,0.3,32.94,0,NA,0,0,39.66
3351,10,"Southport",36,girl,-1.42,0,0.21,33.21,0,NA,0,0,43.48
3352,7,"Station",23,girl,-0.52,1,0.28,35.59,0,NA,0,0,33.79
3353,3,"Millbrook",10,boy,-0.44,0,0.52,26.57,0,NA,1,1,26.87
3354,5,"Westbank",16,boy,-0.72,0,0.53,19.37,0,NA,1,0,25.48
3355,10,"Southport",34,girl,-1.47,0,0.11,48.02,0,NA,0,0,39.39
3356,4,"Eastfield",12,boy,-0.17,0,0.29,27.4,0,NA,0,0,27.48
3357,8,"Riverside",29,boy,-0.09,0,0.56,15.51,0,NA,0,0,17.44
3358,6,"Old Town",18,girl,-0.08,0,0.13,35.77,0,NA,0,0,36.5
3359,11,"Lakeside",37,boy,2.1,0,0.8,9.5,0,NA,0,0,13.37
3360,7,"Station",24,boy,-0.14,0,0.11,39.16,0,NA,0,1,41.2
3361,2,"Hillcrest",5,girl,-0.7,0,0.78,6.98,0,NA,0,0,13.67
3362,1,"Northgate",2,girl,0.64,1,0.58,20.81,0,NA,0,0,22.46
3363,6,"Old Town",20,boy,-0.4,0,0.2,33.13,0,NA,0,0,42.05
3364,12,"Harbour",39,boy,-0.13,1,0.31,44.84,0,NA,0,0,38.22
3365,11,"Lakeside",38,boy,1.17,0,0.78,13.96,0,NA,0,0,13.76
3366,5,"Westbank",15,girl,0.19,1,0.32,38.6,0,NA,0,0,32.11
3367,1,"Northgate",1,girl,0.35,0,0.67,13.37,0,NA,1,0,20.48
3368,6,"Old Town",20,girl,-1.42,0,0.09,39.75,0,NA,0,0,42.27
3369,9,"Greenmeadow",30,boy,1.13,0,0.73,9.76,0,NA,1,1,8.64
3370,11,"Lakeside",38,boy,0.14,0,0.53,19.72,0,NA,1,0,18.14
3371,1,"Northgate",1,girl,0.31,0,0.44,19.94,0,NA,0,0,26.39
3372,5,"Westbank",13,boy,0.16,1,0.52,30.3,0,NA,0,0,25.16
3373,3,"Millbrook",7,boy,0.61,0,0.17,28.8,0,NA,0,0,30.74
3374,10,"Southport",33,girl,0.2,0,0.26,32.02,0,NA,0,0,28.51
3375,7,"Station",25,girl,-1.82,0,0.15,33.93,0,NA,0,0,43.61
3376,12,"Harbour",39,boy,-0.15,0,0.22,35.84,0,NA,0,0,34.73
3377,7,"Station",24,boy,-0.14,0,0.08,35.91,0,NA,1,1,39.94
3378,10,"Southport",36,boy,-0.49,0,0.21,27.79,0,NA,0,0,31.96
3379,9,"Greenmeadow",30,boy,0.47,1,0.72,15.87,0,NA,0,0,15.61
3380,10,"Southport",34,boy,0.13,0,0.2,36.91,0,NA,0,0,35.11
3381,3,"Millbrook",10,boy,0.61,0,0.47,34.32,0,NA,1,1,33.28
3382,4,"Eastfield",11,boy,-2.24,1,0.41,22.31,0,NA,1,1,31.31
3383,8,"Riverside",27,boy,-0.84,0,0.55,12.94,0,NA,0,0,23.03
3384,8,"Riverside",29,girl,-0.16,0,0.47,8.64,0,NA,0,0,15.89
3385,12,"Harbour",39,boy,-0.43,0,0.21,34.63,0,NA,0,0,36.24
3386,1,"Northgate",1,girl,-1.11,1,0.43,27.96,0,NA,0,0,26.67
3387,6,"Old Town",17,boy,-2.39,1,0.16,40.89,0,NA,1,1,40.08
3388,2,"Hillcrest",4,boy,-0.27,0,0.74,20.23,1,20.25,0,0,18.78
3389,7,"Station",22,girl,0.34,1,0.11,32.14,0,NA,0,0,35.67
3390,2,"Hillcrest",6,boy,-0.97,1,0.79,10.53,0,NA,0,0,23.27
3391,9,"Greenmeadow",30,girl,-0.84,1,0.95,16.56,0,NA,0,0,12.38
3392,8,"Riverside",27,boy,-0.59,1,0.73,24.19,1,21.13,1,0,20.55
3393,7,"Station",22,girl,-0.25,0,0.32,38.69,1,33.95,0,0,38.73
3394,1,"Northgate",1,girl,-0.98,0,0.49,27.78,0,NA,1,1,22.91
3395,8,"Riverside",28,girl,2.42,0,0.5,22.48,0,NA,0,0,18.48
3396,6,"Old Town",21,girl,-1.43,0,0,44.61,1,43.93,0,0,43.52
3397,5,"Westbank",15,boy,-0.54,0,0.59,34.13,0,NA,0,0,32.35
3398,7,"Station",23,girl,0.59,0,0.23,25.84,0,NA,0,0,35.28
3399,7,"Station",22,boy,-0.98,0,0.29,41.14,1,43.16,0,0,41.05
3400,12,"Harbour",40,girl,-0.06,0,0,44.8,0,NA,0,0,45.04
3401,5,"Westbank",13,boy,1.14,0,0.34,27.01,0,NA,0,0,26.82
3402,6,"Old Town",19,girl,-0.38,1,0.07,46.36,0,NA,0,0,42.7
3403,6,"Old Town",20,boy,-0.09,1,0.23,39.11,0,NA,0,0,35.25
3404,8,"Riverside",29,girl,0.86,0,0.52,18.99,0,NA,0,0,23.6
3405,4,"Eastfield",12,girl,-0.38,0,0.34,36.23,0,NA,1,1,26.28
3406,2,"Hillcrest",4,girl,1.13,0,0.6,4,0,NA,0,0,17.6
3407,11,"Lakeside",37,boy,-0.19,1,1,14.67,0,NA,0,0,11.78
3408,6,"Old Town",20,girl,-0.98,1,0.11,49.47,0,NA,1,1,48.11
3409,10,"Southport",35,girl,1.89,0,0.43,18.86,0,NA,0,0,30.99
3410,10,"Southport",35,girl,-0.87,1,0.06,45.75,0,NA,0,0,39.75
3411,11,"Lakeside",38,boy,0.73,1,0.61,25.05,0,NA,0,0,17.79
3412,2,"Hillcrest",6,girl,0.3,0,0.56,19.33,1,14.16,1,0,13.2
3413,5,"Westbank",16,girl,-1.17,0,0.61,37.08,0,NA,0,0,28.49
3414,7,"Station",22,boy,-0.36,0,0.26,39.63,0,NA,1,0,43.11
3415,4,"Eastfield",12,girl,-0.84,0,0.49,27.95,0,NA,0,0,25.02
3416,3,"Millbrook",7,girl,-0.42,0,0.47,19.81,0,NA,1,1,17.66
3417,6,"Old Town",20,girl,1.72,0,0.22,36.5,0,NA,0,0,36.55
3418,4,"Eastfield",11,girl,1.46,0,0.26,22.12,0,NA,0,0,26.31
3419,5,"Westbank",13,girl,0.94,0,0.33,26.26,0,NA,0,0,29.15
3420,7,"Station",24,girl,-1.51,0,0.23,43.74,0,NA,0,0,37.42
3421,6,"Old Town",18,boy,0.69,0,0.22,40.17,1,39.82,0,0,39.08
3422,8,"Riverside",28,girl,-0.37,0,0.57,20.85,1,23.74,0,0,23.55
3423,9,"Greenmeadow",32,girl,1.63,0,0.92,18.88,0,NA,0,0,18.87
3424,10,"Southport",35,girl,-0.44,1,0.39,27.1,0,NA,0,0,25.42
3425,10,"Southport",36,boy,-0.55,0,0.05,33.32,0,NA,0,0,35.36
3426,5,"Westbank",13,boy,-0.38,0,0.36,22.78,0,NA,0,0,26.78
3427,4,"Eastfield",11,girl,-1.71,1,0.24,26.87,0,NA,1,1,25.53
3428,1,"Northgate",3,boy,0.91,0,0.69,23.62,0,NA,0,0,23.19
3429,11,"Lakeside",38,girl,1.62,1,0.74,9.38,0,NA,0,0,14.68
3430,7,"Station",22,boy,-0.43,0,0.08,43.32,0,NA,0,0,39.78
3431,2,"Hillcrest",5,boy,0.12,0,0.63,10.28,0,NA,1,0,17.25
3432,7,"Station",24,girl,-0.99,0,0.2,40.24,0,NA,0,0,39.03
3433,6,"Old Town",18,boy,-0.64,0,0.15,43.42,0,NA,0,0,41.31
3434,7,"Station",24,boy,-2.02,1,0.12,41.41,0,NA,0,0,39.32
3435,3,"Millbrook",7,boy,-0.33,1,0.52,19.41,0,NA,0,0,24.5
3436,8,"Riverside",29,girl,0.05,0,0.42,15.66,0,NA,0,0,15.5
3437,1,"Northgate",3,boy,1.19,0,0.52,38.02,0,NA,0,0,26.69
3438,8,"Riverside",27,girl,-0.6,0,0.64,17.41,0,NA,0,0,23.46
3439,4,"Eastfield",11,girl,-1.79,0,0.38,40.81,0,NA,0,0,36.12
3440,12,"Harbour",39,girl,-0.85,0,0.27,34.93,0,NA,0,1,33.57
3441,7,"Station",26,boy,-0.31,0,0.27,37.04,0,NA,0,0,42.81
3442,9,"Greenmeadow",31,girl,0.92,1,0.86,22.78,0,NA,0,0,20.66
3443,8,"Riverside",28,boy,-0.26,1,0.7,17.46,0,NA,0,0,17.08
3444,1,"Northgate",1,boy,1.1,0,0.55,18.77,0,NA,0,0,21.97
3445,3,"Millbrook",8,boy,0.42,0,0.51,34.21,0,NA,0,0,25.76
3446,8,"Riverside",27,boy,1.12,1,0.65,11.83,0,NA,0,0,17.36
3447,10,"Southport",34,girl,0.11,0,0.27,39,0,NA,0,0,42.23
3448,4,"Eastfield",12,girl,-0.15,1,0.13,23.08,0,NA,0,0,25.2
3449,5,"Westbank",15,girl,-0.64,0,0.46,21.81,0,NA,1,0,31.2
3450,2,"Hillcrest",5,boy,-0.57,0,0.62,18.19,0,NA,0,0,19.37
3451,2,"Hillcrest",6,girl,0.08,0,0.51,20.88,0,NA,0,0,19.05
3452,11,"Lakeside",37,boy,-0.75,0,0.56,26.87,0,NA,1,0,20.39
3453,7,"Station",26,girl,-0.05,0,0.16,42.29,0,NA,0,1,39.58
3454,12,"Harbour",39,boy,-0.01,0,0.25,51.19,0,NA,1,1,35.54
3455,7,"Station",26,girl,-0.2,0,0.2,32.88,0,NA,1,1,40.96
3456,7,"Station",24,boy,-0.09,1,0.13,43.55,0,NA,0,0,40.26
3457,5,"Westbank",14,boy,0.65,0,0.65,30.59,0,NA,0,0,25.81
3458,7,"Station",26,girl,0.59,0,0.01,42.93,0,NA,0,0,43.32
3459,2,"Hillcrest",5,boy,0.56,0,0.57,19.71,0,NA,0,0,21.16
3460,10,"Southport",35,boy,-0.26,0,0.25,20.96,0,NA,0,0,26.42
3461,5,"Westbank",15,boy,-0.35,0,0.4,25.98,0,NA,0,0,26.32
3462,4,"Eastfield",11,girl,-0.14,1,0.36,24.72,0,NA,0,0,23.9
3463,1,"Northgate",1,boy,-0.75,0,0.48,29.89,0,NA,1,1,24.02
3464,1,"Northgate",3,boy,1.4,0,0.85,17.37,0,NA,0,0,19.34
3465,12,"Harbour",39,girl,-0.86,1,0.27,41.52,0,NA,0,0,35.57
3466,1,"Northgate",2,girl,0.77,0,0.55,28.96,0,NA,0,0,26.92
3467,6,"Old Town",20,girl,-0.25,0,0.12,45.18,0,NA,0,0,41.85
3468,12,"Harbour",40,girl,-0.46,1,0.1,31.09,0,NA,0,0,33.12
3469,3,"Millbrook",10,boy,0.19,0,0.47,19.31,0,NA,0,0,17.66
3470,2,"Hillcrest",6,boy,-0.82,0,0.59,29.98,0,NA,0,0,21.46
3471,8,"Riverside",27,boy,-1.69,1,0.54,19.24,0,NA,0,0,20.19
3472,3,"Millbrook",9,boy,-0.01,0,0.42,34.5,0,NA,1,0,30.15
3473,2,"Hillcrest",6,girl,0.96,0,0.72,14.75,0,NA,1,1,13.3
3474,3,"Millbrook",8,girl,-1.42,0,0.41,20.1,0,NA,0,0,30.86
3475,1,"Northgate",3,girl,-1.27,1,0.5,17.68,0,NA,0,0,24.38
3476,7,"Station",22,boy,-0.74,0,0.1,50.49,0,NA,0,1,36.85
3477,3,"Millbrook",8,girl,0.87,0,0.35,16.9,0,NA,1,1,22.44
3478,7,"Station",24,boy,-0.88,0,0.19,51.71,0,NA,0,0,47.45
3479,9,"Greenmeadow",31,girl,0.29,1,0.72,13.81,1,16.8,0,0,18.38
3480,6,"Old Town",20,boy,0.52,0,0.13,37.65,0,NA,1,1,45.39
3481,4,"Eastfield",11,girl,1.7,0,0.42,38.33,0,NA,0,0,30.04
3482,2,"Hillcrest",4,boy,-0.33,1,0.61,21.53,0,NA,0,0,20.65
3483,7,"Station",23,girl,-0.08,0,0.06,37.68,0,NA,0,0,38.73
3484,6,"Old Town",18,boy,0.34,0,0.04,39.59,0,NA,0,0,38.38
3485,9,"Greenmeadow",30,boy,-0.32,0,0.94,6.5,0,NA,0,0,8.31
3486,12,"Harbour",39,boy,-0.27,0,0.14,35.7,0,NA,0,0,36.96
3487,8,"Riverside",27,girl,0.97,0,0.68,9.93,0,NA,0,0,13.66
3488,5,"Westbank",15,girl,0.07,1,0.5,21.75,0,NA,0,0,26.39
3489,5,"Westbank",16,boy,-0.2,0,0.45,28.08,0,NA,0,0,26.7
3490,10,"Southport",34,girl,-0.56,0,0.52,29.58,0,NA,0,0,28.18
3491,6,"Old Town",19,girl,0.46,0,0,43.76,0,NA,0,0,36.65
3492,5,"Westbank",13,boy,0.75,0,0.62,26.93,0,NA,0,0,21.65
3493,3,"Millbrook",9,girl,0.08,0,0.36,26.03,0,NA,0,0,27.48
3494,3,"Millbrook",10,boy,-0.14,0,0.38,24.38,0,NA,0,0,24.82
3495,1,"Northgate",1,girl,1.5,0,0.63,20.79,0,NA,0,0,14.57
3496,1,"Northgate",3,boy,-1.98,1,0.58,22.85,0,NA,0,0,14.7
3497,1,"Northgate",2,girl,0.51,0,0.48,20.39,0,NA,0,0,23.16
3498,8,"Riverside",27,boy,-0.28,0,0.63,16.86,1,22.5,0,0,19.94
3499,7,"Station",25,boy,-0.68,0,0.11,40.3,0,NA,0,0,40.12
3500,10,"Southport",34,boy,1.98,0,0.28,37.58,0,NA,0,0,35.44
3501,6,"Old Town",21,boy,-0.47,0,0.32,45.02,1,43.95,0,0,44.74
3502,6,"Old Town",18,girl,0.74,0,0.34,34.41,0,NA,0,0,33.71
3503,2,"Hillcrest",4,girl,0.18,1,0.69,23.58,0,NA,1,1,18.47
3504,5,"Westbank",16,boy,0.32,0,0.55,18.81,0,NA,0,0,24.13
3505,4,"Eastfield",11,girl,-0.15,0,0.43,30.88,0,NA,0,0,26.46
3506,7,"Station",22,boy,1.33,1,0.24,40.35,1,36.79,0,0,35.1
3507,1,"Northgate",1,boy,0.58,0,0.6,27.61,0,NA,0,0,22.47
3508,6,"Old Town",19,boy,0.28,0,0,42.41,0,NA,1,1,44.23
3509,7,"Station",26,girl,0.53,0,0.08,33.43,0,NA,1,1,38.43
3510,9,"Greenmeadow",31,girl,-0.61,0,0.98,14.63,0,NA,0,0,15.58
3511,10,"Southport",36,girl,1.31,0,0.02,41.83,0,NA,0,0,33.9
3512,4,"Eastfield",12,boy,-0.03,0,0.26,6.75,0,NA,1,1,19.9
3513,8,"Riverside",27,girl,0.79,0,0.54,16.97,0,NA,0,0,17.35
3514,6,"Old Town",21,boy,1,0,0,53.12,0,NA,1,0,42.65
3515,6,"Old Town",18,girl,-0.45,0,0.16,37.58,0,NA,1,0,39.79
3516,9,"Greenmeadow",32,boy,1.35,0,0.94,12.73,0,NA,0,0,8.02
3517,5,"Westbank",16,girl,0.82,0,0.47,20.55,0,NA,0,0,25.1
3518,10,"Southport",33,girl,0.97,0,0.16,24.84,0,NA,0,0,30.19
3519,7,"Station",26,girl,-0.47,1,0.24,37.52,0,NA,1,1,37.84
3520,12,"Harbour",40,girl,-1.15,1,0.41,21.71,0,NA,1,1,27.74
3521,2,"Hillcrest",4,boy,0.92,0,0.73,25.65,0,NA,0,0,23.55
3522,3,"Millbrook",9,girl,0.02,1,0.27,38.69,0,NA,0,0,31.1
3523,7,"Station",24,girl,-0.2,0,0.12,43.69,0,NA,0,0,36.24
3524,6,"Old Town",21,boy,-0.11,0,0,41.06,0,NA,0,0,37.9
3525,10,"Southport",33,boy,0.41,0,0.39,31.91,0,NA,0,0,33.78
3526,3,"Millbrook",7,girl,-0.8,0,0.39,30.49,0,NA,0,0,37.07
3527,7,"Station",26,boy,0.17,0,0.2,35.91,0,NA,0,1,34.01
3528,6,"Old Town",18,girl,-0.48,1,0.33,32.69,0,NA,0,0,39.35
3529,5,"Westbank",16,boy,-0.5,0,0.47,41.54,0,NA,0,0,36.47
3530,8,"Riverside",27,girl,0.92,0,0.47,24.14,0,NA,0,0,22.03
3531,1,"Northgate",1,boy,0.79,0,0.49,25.23,0,NA,0,0,25.44
3532,8,"Riverside",27,girl,1.81,1,0.61,18.73,0,NA,0,0,22.66
3533,12,"Harbour",39,girl,-0.73,0,0.25,30.78,0,NA,0,0,32.04
3534,1,"Northgate",1,girl,2.63,0,0.67,17.53,0,NA,0,0,19.15
3535,7,"Station",26,boy,-0.64,1,0.08,43.46,0,NA,1,0,40.29
3536,3,"Millbrook",7,boy,0.27,1,0.45,22.48,0,NA,1,0,23.41
3537,6,"Old Town",17,boy,0.37,0,0.22,34.79,0,NA,0,0,37.9
3538,8,"Riverside",28,boy,-0.06,0,0.54,25.75,0,NA,0,0,21.46
3539,9,"Greenmeadow",32,girl,1.42,0,1,7.17,0,NA,0,0,7.13
3540,2,"Hillcrest",5,boy,-0.59,1,0.7,21.86,0,NA,0,0,19.32
3541,6,"Old Town",19,girl,1.43,0,0.14,34.18,0,NA,0,0,41.48
3542,9,"Greenmeadow",30,girl,-0.08,1,1,13.09,0,NA,1,1,12.11
3543,6,"Old Town",19,girl,0.33,0,0.04,51.18,0,NA,0,0,46.83
3544,5,"Westbank",13,boy,0.41,0,0.5,31.97,0,NA,0,0,26.02
3545,7,"Station",26,boy,-0.35,0,0.43,37.22,0,NA,0,0,37.68
3546,2,"Hillcrest",5,boy,0.49,0,0.63,14.39,0,NA,0,0,16.02
3547,3,"Millbrook",9,girl,0.77,0,0.61,25.64,0,NA,0,0,25.62
3548,5,"Westbank",13,girl,0.56,1,0.45,30.65,1,29.93,0,0,28.66
3549,6,"Old Town",20,boy,1.96,1,0.21,32.04,0,NA,1,1,40.52
3550,4,"Eastfield",11,boy,0.07,0,0.57,19.57,0,NA,0,0,25.08
3551,10,"Southport",35,boy,2.67,0,0.24,27.94,0,NA,0,0,30.64
3552,6,"Old Town",21,girl,-0.6,1,0.16,50.8,0,NA,0,0,48.92
3553,6,"Old Town",20,boy,-0.55,0,0,44.73,0,NA,0,0,41.89
3554,7,"Station",24,boy,-0.38,0,0.22,57.03,0,NA,0,0,45.21
3555,10,"Southport",36,boy,-0.9,0,0.42,25.56,0,NA,0,0,33.7
3556,4,"Eastfield",12,girl,-0.63,1,0.4,27.42,0,NA,0,0,32.65
3557,3,"Millbrook",7,boy,-0.4,0,0.41,31.94,0,NA,0,0,27
3558,9,"Greenmeadow",31,boy,-1.32,0,0.77,10.11,0,NA,0,0,18.47
3559,6,"Old Town",18,girl,0.18,0,0.16,36.37,1,36.35,0,0,37.44
3560,8,"Riverside",27,girl,0.39,0,0.66,12.26,0,NA,0,0,14.63
3561,2,"Hillcrest",5,boy,0.26,0,0.6,13.09,0,NA,0,0,11.16
3562,3,"Millbrook",10,boy,1.22,0,0.32,30.98,0,NA,0,0,28.83
3563,11,"Lakeside",37,boy,0.48,0,0.67,9.76,0,NA,0,0,16.29
3564,2,"Hillcrest",6,girl,1.27,0,0.96,17.59,0,NA,1,1,12.37
3565,1,"Northgate",1,girl,0.66,0,0.57,17.3,0,NA,0,0,21.46
3566,8,"Riverside",27,boy,-0.87,1,0.75,20.88,0,NA,0,0,19.92
3567,6,"Old Town",19,girl,0.63,0,0.36,37.71,0,NA,0,0,30.69
3568,3,"Millbrook",8,boy,-0.64,0,0.33,29.63,0,NA,0,0,26.88
3569,4,"Eastfield",12,girl,-1.27,1,0.27,28.42,0,NA,0,0,31.06
3570,12,"Harbour",39,girl,-0.95,0,0.39,38.58,0,NA,0,0,37.55
3571,1,"Northgate",1,girl,-1.34,0,0.73,15.5,0,NA,0,0,20.58
3572,1,"Northgate",2,boy,-0.61,0,0.33,18.73,0,NA,1,0,18.1
3573,6,"Old Town",18,girl,-0.36,0,0,40.4,0,NA,0,0,40.32
3574,6,"Old Town",18,girl,0.25,0,0.29,34.04,0,NA,0,0,38.2
3575,6,"Old Town",17,girl,0.76,0,0.25,48.46,0,NA,0,0,47.84
3576,10,"Southport",36,boy,-0.29,0,0.11,34.7,0,NA,0,0,36.52
3577,3,"Millbrook",9,girl,-0.92,1,0.36,29.88,0,NA,1,1,31.13
3578,8,"Riverside",29,girl,-1.87,0,0.51,19.91,0,NA,0,0,24.44
3579,6,"Old Town",19,boy,1.93,0,0.17,32.66,0,NA,1,0,34.77
3580,1,"Northgate",1,girl,2.65,0,0.85,14.17,0,NA,0,0,18.5
3581,5,"Westbank",14,boy,1.75,0,0.68,24.55,0,NA,0,0,25.55
3582,9,"Greenmeadow",31,girl,0.25,0,0.84,4,0,NA,0,0,11.34
3583,7,"Station",22,girl,1.52,1,0.28,43.56,0,NA,1,1,42.64
3584,4,"Eastfield",12,boy,1.6,0,0.23,18.83,0,NA,0,0,21.9
3585,5,"Westbank",13,boy,0.13,0,0.46,35.1,0,NA,0,0,31.65
3586,5,"Westbank",14,girl,2.05,0,0.46,23.86,0,NA,0,0,23.92
3587,6,"Old Town",19,girl,-1.33,1,0,50.26,0,NA,0,0,47.24
3588,6,"Old Town",21,boy,0.47,0,0.3,24.09,0,NA,0,0,30.22
3589,3,"Millbrook",10,boy,-0.06,0,0.46,22.28,0,NA,0,0,24.15
3590,1,"Northgate",3,boy,0.14,0,0.48,33.59,0,NA,1,0,27.44
3591,1,"Northgate",1,girl,0.75,0,0.55,14.16,0,NA,0,0,17.05
3592,7,"Station",23,girl,0.28,0,0.07,35.12,0,NA,1,0,36.33
3593,4,"Eastfield",12,girl,1.81,0,0.29,19.15,0,NA,0,0,20.67
3594,11,"Lakeside",38,girl,0.7,0,0.74,10.91,0,NA,0,0,10.33
3595,5,"Westbank",15,girl,0.7,0,0.58,21.99,0,NA,0,0,23.56
3596,7,"Station",23,girl,-1.97,1,0.17,34.5,0,NA,1,1,40.56
3597,10,"Southport",34,girl,0.59,0,0.33,21.51,0,NA,0,0,30.34
3598,2,"Hillcrest",6,boy,0.92,0,0.6,4,0,NA,0,0,11.29
3599,11,"Lakeside",38,girl,2.23,0,0.74,14.28,0,NA,0,0,10.27
3600,10,"Southport",36,girl,-1.21,0,0.21,46.12,0,NA,0,0,37.31
3601,6,"Old Town",19,girl,-0.86,1,0.17,50.43,0,NA,0,0,46.41
3602,3,"Millbrook",9,girl,-1.6,0,0.4,33.75,0,NA,0,0,34.7
3603,9,"Greenmeadow",32,girl,0.07,0,1,14.7,0,NA,0,0,15.83
3604,7,"Station",22,girl,0.36,0,0.27,36.12,0,NA,0,0,40.14
3605,8,"Riverside",27,boy,0.46,0,0.58,22.82,0,NA,0,0,19.45
3606,3,"Millbrook",7,girl,-0.95,0,0.36,43.05,0,NA,1,0,34.07
3607,7,"Station",22,girl,0.43,0,0.31,46.31,0,NA,0,0,39.35
3608,6,"Old Town",17,girl,0.37,0,0.17,33.7,0,NA,1,0,34.53
3609,5,"Westbank",16,boy,-1,1,0.51,23.16,0,NA,0,0,24.5
3610,6,"Old Town",17,girl,-0.37,0,0.24,43.23,0,NA,0,0,41.99
3611,9,"Greenmeadow",32,boy,0.33,0,0.75,13.83,0,NA,0,0,17.36
3612,7,"Station",26,boy,0.5,0,0.55,39.32,0,NA,0,1,36.13
3613,1,"Northgate",2,boy,1.33,0,0.49,19.12,0,NA,0,0,20.69
3614,8,"Riverside",29,boy,1.52,0,0.71,19.02,0,NA,0,0,20.42
3615,8,"Riverside",29,girl,0.28,0,0.56,29.64,0,NA,0,0,23.02
3616,7,"Station",22,boy,-0.71,0,0.08,37.6,0,NA,0,0,39.88
3617,12,"Harbour",39,girl,-1.23,1,0.28,43.99,0,NA,0,0,33.92
3618,12,"Harbour",39,girl,-1.08,0,0.35,33.58,0,NA,0,0,36.36
3619,5,"Westbank",13,boy,-0.32,0,0.72,24.99,0,NA,0,0,25.92
3620,1,"Northgate",3,boy,-0.25,0,0.73,22.15,0,NA,0,0,16.71
3621,3,"Millbrook",8,girl,-2.47,1,0.25,31.73,0,NA,0,0,34.21
3622,9,"Greenmeadow",30,boy,0.67,0,0.88,17.02,0,NA,1,1,13.04
3623,5,"Westbank",16,boy,-0.2,0,0.28,31.5,0,NA,0,1,31.63
3624,3,"Millbrook",9,boy,0.28,1,0.22,24.94,0,NA,0,0,27.68
3625,2,"Hillcrest",6,boy,-0.59,1,0.38,20.78,0,NA,0,0,19.62
3626,10,"Southport",36,boy,-0.69,1,0.38,41.56,0,NA,0,0,39.51
3627,7,"Station",23,girl,1.27,0,0.17,36.55,0,NA,0,0,37.43
3628,4,"Eastfield",12,girl,-1.44,0,0.34,12.75,0,NA,0,0,19.86
3629,12,"Harbour",40,girl,-0.82,1,0.41,34.59,0,NA,1,0,33.16
3630,8,"Riverside",27,boy,0.31,1,0.69,17.12,0,NA,1,1,19.06
3631,7,"Station",23,boy,-1.12,0,0.29,17.77,0,NA,0,0,34.65
3632,4,"Eastfield",12,girl,-0.07,0,0.52,17.64,0,NA,0,0,19.43
3633,3,"Millbrook",10,girl,1.13,0,0.19,37.33,1,34.75,0,0,36.83
3634,11,"Lakeside",37,boy,-0.73,1,0.89,23.54,0,NA,1,1,21.05
3635,4,"Eastfield",11,girl,-0.62,1,0.3,33.95,0,NA,0,0,33.99
3636,10,"Southport",36,girl,-1.36,1,0.34,34.15,0,NA,0,0,31.94
3637,10,"Southport",35,girl,0.09,0,0.48,32.74,1,25.79,0,1,27.28
3638,7,"Station",24,girl,0.16,1,0.34,39.34,0,NA,0,0,37.21
3639,7,"Station",23,boy,0.38,0,0.2,40.11,0,NA,0,0,31.79
3640,2,"Hillcrest",4,girl,-1.02,0,0.67,16.52,0,NA,0,0,18.64
3641,9,"Greenmeadow",31,girl,-0.36,0,0.83,30.6,0,NA,1,1,23.85
3642,7,"Station",24,boy,1.47,0,0.03,34.56,0,NA,0,0,35.75
3643,7,"Station",23,boy,-1.16,0,0,42.21,0,NA,1,1,36.77
3644,1,"Northgate",3,girl,0.14,0,0.48,23.81,0,NA,0,0,19.94
3645,11,"Lakeside",37,boy,0.71,0,0.49,19.79,0,NA,0,0,24.31
3646,10,"Southport",35,boy,-1.56,1,0.29,32.56,0,NA,0,0,28.21
3647,5,"Westbank",16,girl,0.09,0,0.64,26.49,0,NA,0,0,28.82
3648,1,"Northgate",2,boy,1.7,0,0.4,21.34,0,NA,0,0,26.35
3649,10,"Southport",36,boy,0.74,0,0.44,36.77,0,NA,0,0,36.78
3650,6,"Old Town",21,girl,0.23,0,0.14,45.54,0,NA,0,0,48.43
3651,5,"Westbank",15,girl,0.53,1,0.56,39.87,0,NA,0,0,28.17
3652,7,"Station",23,girl,0.83,0,0.22,41.88,0,NA,0,0,39.44
3653,11,"Lakeside",37,boy,0.04,0,0.84,16.25,1,18.08,1,0,13.98
3654,6,"Old Town",19,girl,1.63,0,0.06,33.99,0,NA,0,0,33.26
3655,8,"Riverside",27,boy,-0.26,0,0.66,22.44,0,NA,0,0,20.65
3656,9,"Greenmeadow",32,boy,0.91,1,0.55,18.07,0,NA,0,0,16.43
3657,5,"Westbank",13,boy,-0.96,0,0.65,35.22,0,NA,1,1,31.99
3658,7,"Station",22,girl,-0.29,0,0.1,43.7,0,NA,1,1,44.32
3659,6,"Old Town",21,girl,0.52,0,0.26,41.71,0,NA,0,0,40.82
3660,6,"Old Town",17,boy,-0.79,1,0.34,45.41,0,NA,0,0,43.69
3661,3,"Millbrook",7,boy,0.08,0,0.36,21.95,0,NA,0,0,28.71
3662,7,"Station",23,boy,-1.07,0,0.35,28.01,0,NA,0,0,40.13
3663,7,"Station",24,girl,-1.47,1,0.14,57.53,0,NA,0,0,50.34
3664,6,"Old Town",17,girl,0.57,0,0.2,40.77,0,NA,0,0,34.1
3665,8,"Riverside",27,boy,-0.44,1,0.54,22.85,0,NA,1,1,17.24
3666,2,"Hillcrest",6,boy,1.27,0,0.75,21.25,0,NA,0,0,16.76
3667,3,"Millbrook",10,girl,-0.24,0,0.48,26.92,0,NA,0,0,30.5
3668,4,"Eastfield",11,girl,0.54,0,0.45,23.74,1,21.4,0,0,22.18
3669,4,"Eastfield",12,girl,-0.22,0,0.46,12.11,0,NA,0,0,18.64
3670,4,"Eastfield",11,girl,-0.39,1,0.25,22.14,0,NA,0,0,24.42
3671,4,"Eastfield",11,boy,-1.36,1,0.34,27.22,0,NA,0,0,31.61
3672,9,"Greenmeadow",30,boy,1.23,0,0.96,17.92,0,NA,0,0,12.23
3673,6,"Old Town",19,boy,0.41,0,0.11,33.23,0,NA,0,0,44.22
3674,4,"Eastfield",12,boy,-0.3,1,0.39,29.5,0,NA,1,0,29.77
3675,6,"Old Town",20,girl,-0.54,0,0.31,46.15,0,NA,0,0,47.22
3676,3,"Millbrook",7,girl,-0.75,1,0.41,27.69,0,NA,0,0,26.63
3677,8,"Riverside",28,girl,0.13,1,0.43,18.59,0,NA,0,0,21.8
3678,2,"Hillcrest",6,boy,0.88,0,0.74,6.19,0,NA,0,0,14.19
3679,1,"Northgate",2,boy,-0.94,1,0.28,19.78,0,NA,1,1,22.21
3680,3,"Millbrook",8,girl,-0.02,0,0.44,26.98,0,NA,0,0,25.09
3681,6,"Old Town",21,boy,0.61,0,0.27,46.02,0,NA,0,0,37.86
3682,1,"Northgate",2,boy,-0.21,0,0.79,18.13,0,NA,1,0,21.04
3683,8,"Riverside",28,boy,-1.12,0,0.5,27.47,1,27.9,1,1,27.95
3684,6,"Old Town",18,girl,-0.7,0,0.1,45.85,0,NA,0,0,48.09
3685,8,"Riverside",28,boy,-1.18,1,0.55,26.46,0,NA,0,0,29.84
3686,5,"Westbank",13,boy,1.28,1,0.21,23.41,0,NA,1,1,26.48
3687,6,"Old Town",18,girl,-0.69,0,0.05,37.34,0,NA,0,0,37.79
3688,7,"Station",25,girl,0.75,0,0.18,42.18,0,NA,1,1,42.95
3689,5,"Westbank",16,boy,-0.85,1,0.39,15.78,0,NA,1,1,20.51
3690,10,"Southport",35,girl,-0.63,0,0.21,34.22,0,NA,0,0,34.89
3691,10,"Southport",36,girl,0.76,0,0.41,28.7,0,NA,1,1,25.27
3692,10,"Southport",33,boy,-0.11,0,0.65,34.17,0,NA,1,0,33.08
3693,3,"Millbrook",10,boy,0.74,0,0.43,27.05,0,NA,0,0,20.74
3694,8,"Riverside",27,girl,0.19,0,0.72,23.96,0,NA,0,0,19.02
3695,8,"Riverside",29,girl,-0.52,0,0.58,28.51,0,NA,0,1,18.57
3696,12,"Harbour",39,girl,-0.61,0,0.2,36.1,0,NA,0,0,32.87
3697,12,"Harbour",39,girl,0.16,0,0.07,45.96,0,NA,1,0,40.24
3698,8,"Riverside",29,girl,0.69,0,0.58,9.92,0,NA,0,0,16.83
3699,2,"Hillcrest",4,girl,0.32,1,0.79,7.53,0,NA,1,0,11.7
3700,10,"Southport",35,girl,-0.55,0,0.27,29.75,0,NA,0,0,33.63
3701,1,"Northgate",1,girl,0.2,0,0.7,29.29,0,NA,0,0,21.63
3702,6,"Old Town",20,girl,-1.56,1,0.29,45.69,0,NA,1,1,38.55
3703,7,"Station",23,boy,-1.09,0,0.23,36.58,0,NA,0,0,35.73
3704,1,"Northgate",3,girl,-1.4,0,0.55,24.72,0,NA,1,0,23.51
3705,6,"Old Town",21,boy,1.94,0,0,37.18,0,NA,0,0,41.88
3706,10,"Southport",34,boy,-0.23,0,0.29,35.63,0,NA,0,0,36.01
3707,10,"Southport",34,girl,0.47,0,0.09,36.56,0,NA,1,0,38.29
3708,5,"Westbank",14,boy,-0.78,0,0.6,29.97,0,NA,0,0,24.8
3709,6,"Old Town",18,girl,-0.98,0,0.05,45.24,0,NA,0,0,47.07
3710,9,"Greenmeadow",32,girl,-0.05,0,0.87,7.81,0,NA,0,0,16.2
3711,3,"Millbrook",10,girl,1.08,0,0.1,33.01,0,NA,0,0,32.53
3712,8,"Riverside",28,girl,-0.29,0,0.56,18.13,1,17.67,1,1,20.73
3713,6,"Old Town",20,boy,0.48,0,0.38,44.09,0,NA,0,0,42.63
3714,12,"Harbour",39,girl,-0.48,0,0.19,26.25,0,NA,1,1,35.37
3715,9,"Greenmeadow",31,boy,-0.14,0,0.79,21.35,0,NA,0,0,17.3
3716,7,"Station",24,girl,0.03,0,0.25,35.68,0,NA,1,1,35.82
3717,1,"Northgate",1,girl,-0.32,0,0.39,13.72,0,NA,1,0,25.58
3718,6,"Old Town",18,girl,0.15,1,0.11,49.99,0,NA,0,0,46.14
3719,11,"Lakeside",38,girl,1.1,0,0.95,13.26,0,NA,0,0,6
3720,5,"Westbank",14,boy,1.61,0,0.56,29.35,0,NA,0,0,24.04
3721,2,"Hillcrest",6,girl,1.17,0,0.68,25.59,0,NA,0,0,18.45
3722,5,"Westbank",16,boy,0.09,0,0.31,28.41,0,NA,0,0,34.06
3723,2,"Hillcrest",4,girl,1.21,0,0.83,14.81,0,NA,0,0,18.01
3724,8,"Riverside",27,boy,2.13,0,0.58,25.42,0,NA,0,0,22.06
3725,5,"Westbank",16,boy,0.29,0,0.64,27.38,0,NA,0,0,30.53
3726,6,"Old Town",21,boy,1.04,0,0.19,49.22,0,NA,0,0,45.29
3727,7,"Station",26,boy,1.03,1,0.21,33.01,0,NA,1,1,42.63
3728,3,"Millbrook",8,girl,-0.3,1,0.48,42.05,0,NA,0,0,36.34
3729,9,"Greenmeadow",32,girl,0.18,0,0.73,9.64,0,NA,0,0,12.17
3730,7,"Station",26,girl,0.49,0,0.26,37.85,0,NA,1,1,34.04
3731,6,"Old Town",21,boy,-0.52,1,0.18,52.29,0,NA,0,0,44.07
3732,12,"Harbour",39,boy,-0.59,1,0.28,36.27,0,NA,0,0,38.15
3733,12,"Harbour",40,boy,0.33,0,0.37,31.75,0,NA,0,0,34.72
3734,9,"Greenmeadow",32,boy,0.11,0,0.94,6.01,0,NA,0,0,10.82
3735,6,"Old Town",21,girl,-0.42,0,0.31,41.47,0,NA,0,0,42.09
3736,5,"Westbank",13,boy,-1.14,1,0.37,30.54,1,30.98,1,1,30.52
3737,6,"Old Town",19,girl,0.12,0,0.21,40.12,0,NA,0,0,44.1
3738,4,"Eastfield",12,girl,-1.43,1,0.58,21.86,0,NA,0,0,27.28
3739,7,"Station",24,girl,-0.93,1,0.01,49.52,0,NA,0,0,45.93
3740,2,"Hillcrest",4,boy,-0.5,0,0.62,25.2,1,20.74,0,0,17.85
3741,9,"Greenmeadow",31,girl,0.29,0,0.76,9.31,0,NA,0,0,16.66
3742,10,"Southport",33,boy,-0.66,1,0.25,37.44,1,36.23,0,0,37.14
3743,11,"Lakeside",38,boy,1.59,0,0.93,8.01,0,NA,0,0,9.84
3744,6,"Old Town",20,girl,-0.9,0,0,48.72,0,NA,0,0,45.13
3745,6,"Old Town",21,boy,1.09,0,0.22,35.74,0,NA,0,0,37.29
3746,6,"Old Town",21,girl,-0.62,0,0.38,39.64,0,NA,0,0,38.18
3747,7,"Station",23,girl,-0.06,1,0.2,34.4,0,NA,0,0,32.47
3748,6,"Old Town",20,boy,0.15,1,0.06,38.52,0,NA,1,0,38.33
3749,2,"Hillcrest",6,boy,-1.71,1,0.74,12.35,0,NA,0,0,17.43
3750,9,"Greenmeadow",31,girl,-0.59,0,0.9,12.46,0,NA,0,0,14.21
3751,7,"Station",23,boy,-1.51,1,0,45.92,0,NA,0,0,46.87
3752,9,"Greenmeadow",32,boy,1.29,0,0.78,21.02,0,NA,0,0,16.54
3753,6,"Old Town",17,girl,0.67,0,0.12,47.06,0,NA,0,0,47.48
3754,6,"Old Town",17,boy,-0.12,0,0.27,30.14,0,NA,1,1,35.8
3755,10,"Southport",34,girl,-0.8,0,0.36,31.42,0,NA,0,0,33.64
3756,8,"Riverside",29,boy,-0.55,0,0.47,41.4,0,NA,1,1,37.1
3757,10,"Southport",35,girl,-0.26,0,0.29,25.64,0,NA,1,1,28.8
3758,6,"Old Town",20,girl,-0.08,0,0.29,33.56,0,NA,0,0,36.87
3759,2,"Hillcrest",4,boy,-1.19,1,0.79,20.96,0,NA,1,1,13.88
3760,7,"Station",23,boy,0.61,0,0,37.31,0,NA,0,0,39.99
3761,6,"Old Town",21,girl,2.45,0,0.15,41.13,0,NA,0,0,32.77
3762,8,"Riverside",29,boy,0.67,0,0.74,18.71,0,NA,0,0,18.8
3763,8,"Riverside",27,boy,0.94,0,0.78,10.71,0,NA,0,0,17.27
3764,12,"Harbour",39,girl,-1.22,0,0.29,33.26,0,NA,0,0,28.38
3765,8,"Riverside",28,girl,1.32,0,0.54,10.86,0,NA,0,0,16.19
3766,4,"Eastfield",12,girl,-0.18,0,0.43,19.54,0,NA,1,1,20.14
3767,6,"Old Town",17,girl,0.05,0,0.1,37.56,0,NA,0,0,34.19
3768,6,"Old Town",17,boy,1.88,0,0.2,34.42,0,NA,0,0,38.17
3769,8,"Riverside",28,girl,-0.07,0,0.65,20.53,0,NA,0,0,20.27
3770,10,"Southport",34,girl,-0.57,0,0.35,37.35,0,NA,0,0,30.76
3771,2,"Hillcrest",4,boy,0.28,0,0.72,5.49,0,NA,0,0,10.23
3772,10,"Southport",35,girl,-0.06,0,0.29,29.07,0,NA,0,0,27.67
3773,10,"Southport",35,boy,1.13,0,0.21,32.81,0,NA,0,0,32.21
3774,12,"Harbour",40,girl,-2.13,0,0.15,35.81,0,NA,0,0,39.29
3775,8,"Riverside",29,boy,0.4,0,0.5,14.51,0,NA,0,0,16.23
3776,1,"Northgate",2,girl,-0.22,1,0.38,16.54,0,NA,1,1,17.98
3777,11,"Lakeside",38,girl,0.08,0,0.65,23.86,0,NA,0,0,20.26
3778,3,"Millbrook",10,girl,0.9,0,0.34,15.63,0,NA,0,0,21.4
3779,3,"Millbrook",9,girl,-1.43,0,0.44,27.06,0,NA,0,0,27.05
3780,10,"Southport",33,girl,-0.43,0,0.43,37.3,0,NA,1,0,30.38
3781,10,"Southport",36,girl,0.93,0,0.47,33.85,0,NA,0,0,28.5
3782,1,"Northgate",3,girl,1.41,0,0.53,26.48,1,21.66,0,0,19.7
3783,2,"Hillcrest",4,boy,1.98,0,0.65,12.75,0,NA,0,0,15.54
3784,12,"Harbour",39,boy,0.28,1,0.32,34.47,0,NA,0,0,41.25
3785,3,"Millbrook",8,girl,-0.88,1,0.46,23.9,0,NA,0,0,25.79
3786,3,"Millbrook",9,girl,-0.51,1,0.29,33.63,0,NA,0,1,33.89
3787,2,"Hillcrest",5,girl,-1.6,0,0.73,20.84,0,NA,0,0,19.75
3788,3,"Millbrook",7,girl,0.52,0,0.5,25.94,1,27.93,0,0,27.07
3789,1,"Northgate",3,girl,-0.69,0,0.7,21.71,0,NA,0,0,28.61
3790,5,"Westbank",16,girl,0.46,0,0.25,30.96,0,NA,0,0,32.33
3791,2,"Hillcrest",4,boy,-0.01,1,0.79,19.46,0,NA,1,0,17.25
3792,5,"Westbank",16,boy,-0.06,0,0.41,30.14,0,NA,0,0,29.98
3793,6,"Old Town",18,boy,-0.66,1,0.23,37.96,0,NA,1,0,42.4
3794,7,"Station",23,boy,-0.83,0,0.08,35.52,0,NA,1,1,36.3
3795,10,"Southport",33,boy,0.67,0,0.08,25.88,0,NA,0,0,31.28
3796,5,"Westbank",13,girl,-0.35,1,0.8,22.79,0,NA,0,0,22.86
3797,7,"Station",25,boy,-0.69,0,0.2,40.69,0,NA,1,1,39.67
3798,3,"Millbrook",8,boy,2.2,0,0.29,23.97,0,NA,0,0,26.11
3799,1,"Northgate",1,boy,1.21,1,0.65,11.84,0,NA,0,0,16.23
3800,9,"Greenmeadow",32,boy,1.52,0,0.8,13.6,0,NA,0,0,12.36
3801,3,"Millbrook",7,boy,-0.91,0,0.58,27.42,0,NA,0,0,30.11
3802,5,"Westbank",14,girl,-0.62,1,0.36,24.13,0,NA,0,1,29.7
3803,2,"Hillcrest",4,boy,0.92,0,0.69,16.38,0,NA,0,0,15.15
3804,11,"Lakeside",38,boy,-0.08,0,0.86,25.35,1,16.67,0,0,17.85
3805,11,"Lakeside",38,boy,-0.82,0,0.8,4,0,NA,0,0,8.03
3806,3,"Millbrook",9,boy,-0.96,1,0.39,29.27,0,NA,0,0,29.98
3807,1,"Northgate",1,boy,-0.51,0,0.37,17.87,0,NA,0,0,22.57
3808,6,"Old Town",17,girl,-1.03,1,0.22,34.64,0,NA,1,1,41.21
3809,3,"Millbrook",10,boy,0.8,0,0.27,29.04,0,NA,0,0,26.65
3810,1,"Northgate",2,girl,0.88,1,0.65,15.15,0,NA,0,0,17.79
3811,4,"Eastfield",11,boy,1.97,0,0.54,11.37,0,NA,0,0,12.72
3812,6,"Old Town",17,girl,0.04,0,0.1,39.59,0,NA,0,0,40.11
3813,5,"Westbank",15,girl,1.47,0,0.52,24.98,0,NA,1,0,31.92
3814,6,"Old Town",19,boy,-0.06,0,0.16,47.71,0,NA,0,0,43.26
3815,7,"Station",25,boy,-1.21,0,0.27,36.26,0,NA,0,0,38.59
3816,6,"Old Town",21,girl,-0.88,0,0.26,41.9,0,NA,0,0,37.99
3817,5,"Westbank",14,girl,-1.72,1,0.47,35.89,0,NA,1,1,35.53
3818,7,"Station",23,girl,-0.74,0,0.22,37.24,0,NA,0,0,44.44
3819,9,"Greenmeadow",30,girl,0.63,0,1,12.51,0,NA,1,1,15.84
3820,3,"Millbrook",7,boy,0.71,0,0.41,23.97,0,NA,0,0,16.74
3821,10,"Southport",35,boy,0.44,0,0.23,30.63,0,NA,0,0,26.26
3822,10,"Southport",33,girl,0.47,0,0.18,46.07,0,NA,0,0,33.04
3823,12,"Harbour",40,boy,0.06,0,0.39,25.1,1,19.96,0,0,22.58
3824,6,"Old Town",20,girl,-0.04,1,0.25,35.87,0,NA,0,0,40.32
3825,9,"Greenmeadow",32,girl,0.95,0,0.93,11.38,0,NA,0,0,6
3826,5,"Westbank",14,boy,0.13,0,0.69,23.93,0,NA,1,0,24.03
3827,5,"Westbank",14,girl,-0.75,1,0.58,37.08,0,NA,0,0,27.72
3828,7,"Station",26,girl,-0.28,0,0.14,38.98,0,NA,0,0,42.99
3829,8,"Riverside",29,boy,-0.31,0,0.51,15.05,0,NA,0,0,18.75
3830,7,"Station",26,girl,-1.3,0,0.18,52.86,0,NA,0,0,42.18
3831,12,"Harbour",40,girl,1.45,1,0.25,37.26,0,NA,1,1,33.57
3832,6,"Old Town",18,girl,1.31,0,0.05,41.98,0,NA,0,0,42.33
3833,2,"Hillcrest",4,girl,0.66,1,0.6,14.59,0,NA,1,0,19.01
3834,6,"Old Town",17,boy,0.45,0,0.24,41.11,0,NA,0,0,36.74
3835,3,"Millbrook",7,boy,-0.76,0,0.52,35.7,0,NA,0,0,35.71
3836,3,"Millbrook",8,boy,-0.61,0,0.34,26.96,0,NA,0,0,25.8
3837,5,"Westbank",14,girl,1.32,0,0.44,19.52,0,NA,0,0,19.75
3838,7,"Station",26,girl,-0.53,1,0.06,28.75,0,NA,0,0,37.2
3839,6,"Old Town",19,girl,-0.27,0,0.29,41.5,0,NA,0,0,43.91
3840,12,"Harbour",39,boy,-0.18,0,0.42,32.06,0,NA,0,0,32.21
3841,10,"Southport",34,boy,0.36,0,0.48,33.24,0,NA,0,0,33.27
3842,6,"Old Town",17,girl,0.1,0,0.3,43.52,0,NA,1,0,35.15
3843,8,"Riverside",29,girl,1.51,0,0.57,10.88,0,NA,0,0,14.12
3844,2,"Hillcrest",5,girl,1.05,0,0.77,10.38,0,NA,1,1,12.19
3845,10,"Southport",33,boy,-0.53,0,0.2,26.79,0,NA,0,0,31.65
3846,8,"Riverside",28,girl,-1.07,0,0.62,26.49,1,22.3,0,0,22.08
3847,2,"Hillcrest",4,girl,-0.35,1,0.83,10.17,0,NA,0,0,15.6
3848,6,"Old Town",21,boy,-0.75,0,0.33,32.38,0,NA,0,0,37.47
3849,10,"Southport",36,girl,1.43,0,0.29,35.68,0,NA,0,0,30.58
3850,7,"Station",22,boy,-2.1,1,0,51.88,0,NA,0,0,46.67
3851,8,"Riverside",27,boy,0.44,0,0.75,30.48,0,NA,0,0,26.67
3852,6,"Old Town",21,girl,-0.4,1,0.23,30.27,0,NA,0,0,33.94
3853,8,"Riverside",29,girl,1.57,0,0.79,20.59,0,NA,0,0,17.79
3854,10,"Southport",34,girl,-0.43,1,0.37,37.77,0,NA,0,0,35.32
3855,3,"Millbrook",8,girl,1.21,1,0.48,17.3,0,NA,0,0,24.81
3856,5,"Westbank",15,girl,0.63,0,0.43,22.91,0,NA,0,0,30
3857,8,"Riverside",27,girl,-1.36,0,0.67,24.4,0,NA,1,1,27.71
3858,10,"Southport",35,boy,0.43,0,0.09,32.67,0,NA,0,0,36.19
3859,4,"Eastfield",12,boy,-0.49,1,0.39,39.82,0,NA,0,0,28.01
3860,6,"Old Town",18,girl,-1.24,0,0.02,52.63,0,NA,1,1,48.3
3861,1,"Northgate",1,boy,-0.1,0,0.49,16.49,0,NA,0,0,21.09
3862,1,"Northgate",1,boy,-0.77,1,0.46,26.67,0,NA,1,1,16.84
3863,7,"Station",26,girl,1.57,0,0.32,39.09,0,NA,0,0,43.4
3864,5,"Westbank",16,boy,1.14,0,0.58,26.18,1,28.42,0,0,27.4
3865,1,"Northgate",2,girl,1.39,0,0.61,15.28,0,NA,0,0,24.55
3866,11,"Lakeside",38,boy,-0.52,0,0.61,27.88,0,NA,1,0,16.79
3867,4,"Eastfield",12,girl,-1.52,0,0.35,22.51,0,NA,1,1,24.5
3868,9,"Greenmeadow",30,girl,-0.45,0,0.72,29.6,0,NA,0,0,23.47
3869,9,"Greenmeadow",30,boy,-2.74,1,0.64,14.89,0,NA,0,0,21.48
3870,3,"Millbrook",8,girl,-0.64,0,0.62,19.06,0,NA,0,0,22.25
3871,5,"Westbank",13,girl,1.07,0,0.62,32.07,0,NA,0,0,27.34
3872,8,"Riverside",28,boy,0.05,0,0.48,23.81,0,NA,0,0,23.67
3873,3,"Millbrook",9,boy,-0.1,0,0.39,33.55,0,NA,0,0,32.53
3874,7,"Station",25,boy,-0.69,1,0.16,25.21,0,NA,0,0,38.82
3875,3,"Millbrook",8,boy,-0.31,0,0.34,34.55,0,NA,0,0,24.34
3876,11,"Lakeside",38,girl,-0.73,0,0.63,13.98,0,NA,0,0,14.79
3877,4,"Eastfield",12,girl,-0.19,0,0.49,10.65,0,NA,0,0,25.44
3878,2,"Hillcrest",6,boy,-1.42,0,0.75,12.68,0,NA,0,0,17.57
3879,3,"Millbrook",8,boy,0.83,0,0.29,19.39,0,NA,1,0,21.67
3880,10,"Southport",36,girl,-0.08,1,0.2,35.96,0,NA,0,0,36.38
3881,3,"Millbrook",8,girl,-0.41,0,0.43,23.3,0,NA,0,0,28.75
3882,12,"Harbour",39,boy,-1.29,1,0.4,27.77,0,NA,0,0,32.52
3883,10,"Southport",35,girl,-0.56,0,0.33,23.24,0,NA,0,0,27.72
3884,9,"Greenmeadow",30,girl,1.21,0,0.92,20.42,0,NA,0,0,10.78
3885,9,"Greenmeadow",31,girl,1.56,0,0.9,5.48,0,NA,0,0,8.25
3886,7,"Station",24,boy,-1.72,0,0.18,41.05,0,NA,0,0,42.1
3887,11,"Lakeside",37,girl,-2.44,1,0.69,19.33,0,NA,0,0,21.33
3888,10,"Southport",34,boy,-0.33,0,0.25,32.38,0,NA,0,0,34.8
3889,8,"Riverside",29,girl,-1.29,0,0.7,15.38,0,NA,0,0,21.88
3890,3,"Millbrook",9,boy,1.4,0,0.25,28.06,0,NA,1,1,33.46
3891,8,"Riverside",28,boy,0.19,0,0.61,20.41,0,NA,1,1,19.52
3892,1,"Northgate",1,girl,-0.08,0,0.46,12.34,0,NA,0,0,14.49
3893,7,"Station",23,girl,-0.14,0,0,39.25,0,NA,0,0,39.92
3894,8,"Riverside",27,girl,-0.33,0,0.61,24.76,0,NA,0,0,21.33
3895,1,"Northgate",2,boy,-0.07,0,0.54,26.44,0,NA,0,0,21.46
3896,2,"Hillcrest",6,boy,-2.05,0,0.61,25.47,0,NA,1,0,28.88
3897,10,"Southport",35,girl,-0.46,0,0.36,27.17,0,NA,0,0,29.94
3898,2,"Hillcrest",5,girl,-0.48,0,0.77,13.34,0,NA,0,0,10.69
3899,6,"Old Town",21,girl,-0.37,0,0,58.52,0,NA,0,0,44.44
3900,8,"Riverside",29,girl,0.65,0,0.63,18.97,0,NA,0,0,21.15
3901,9,"Greenmeadow",30,girl,1.89,0,0.83,4,0,NA,0,0,8.62
3902,3,"Millbrook",9,boy,0.07,0,0.36,26.25,0,NA,0,0,22.7
3903,7,"Station",26,boy,-0.4,0,0.15,42.7,0,NA,1,0,39.28
3904,7,"Station",23,boy,-0.56,0,0.26,42.03,0,NA,0,0,46.18
3905,7,"Station",23,girl,-1.89,0,0.44,37.28,0,NA,0,0,35.89
3906,7,"Station",25,boy,-1.93,1,0.3,42.24,0,NA,1,1,39.42
3907,8,"Riverside",29,girl,0.31,0,0.49,22.41,0,NA,0,0,23.92
3908,8,"Riverside",27,boy,-0.29,0,0.7,14.25,1,9.79,0,0,9.27
3909,5,"Westbank",14,girl,-0.44,1,0.65,43.42,1,37.56,0,1,33.64
3910,7,"Station",25,girl,0.11,1,0.15,49.97,1,37.33,0,0,41.79
3911,4,"Eastfield",11,boy,-1.38,0,0.26,18.38,1,24.38,0,0,21.41
3912,12,"Harbour",40,boy,-1.09,1,0.4,25.01,0,NA,0,0,32.29
3913,5,"Westbank",16,boy,-0.19,1,0.4,27.66,0,NA,0,0,28.02
3914,6,"Old Town",20,girl,1,1,0.16,35.36,1,33.38,0,0,34.53
3915,7,"Station",25,girl,-1.43,0,0.29,41.44,0,NA,0,0,40.69
3916,10,"Southport",35,boy,1.53,0,0.45,27.66,0,NA,0,0,34.92
3917,3,"Millbrook",9,girl,-0.56,0,0.64,21.83,0,NA,0,0,23.35
3918,6,"Old Town",19,boy,-1.3,1,0.09,45.25,0,NA,0,1,46.74
3919,2,"Hillcrest",4,boy,0.08,0,0.75,27.38,0,NA,1,1,25.19
3920,1,"Northgate",1,girl,-0.58,0,0.53,24.8,0,NA,0,0,23.79
3921,4,"Eastfield",11,boy,0.16,0,0.39,26.51,0,NA,0,0,26.87
3922,3,"Millbrook",7,boy,-0.49,1,0.41,31.48,0,NA,0,0,24.88
3923,4,"Eastfield",11,girl,-0.81,0,0.54,27.15,0,NA,0,0,23.42
3924,2,"Hillcrest",6,boy,0.7,0,0.76,18.92,0,NA,1,0,18.93
3925,7,"Station",24,girl,0.46,1,0.18,30.65,0,NA,0,0,35.17
3926,1,"Northgate",2,boy,1.56,0,0.49,24.71,0,NA,1,0,26.67
3927,5,"Westbank",14,girl,0.24,1,0.51,23.88,0,NA,0,1,28.43
3928,9,"Greenmeadow",32,boy,-1.28,0,0.97,17.37,0,NA,0,0,9.22
3929,4,"Eastfield",11,girl,-1.66,0,0.32,27.53,0,NA,0,0,31.31
3930,1,"Northgate",3,girl,0.48,0,0.73,17.06,0,NA,0,0,19.82
3931,10,"Southport",34,boy,0.36,1,0.22,28.43,0,NA,0,0,25.67
3932,2,"Hillcrest",4,girl,0.23,0,0.79,14.12,0,NA,0,0,13.07
3933,9,"Greenmeadow",32,girl,-0.1,0,0.82,14.05,0,NA,1,0,11.48
3934,8,"Riverside",27,boy,0.24,0,0.45,15.1,0,NA,0,0,20.83
3935,3,"Millbrook",7,girl,0.13,1,0.5,22.37,0,NA,1,1,21.84
3936,12,"Harbour",39,girl,-0.76,0,0.2,32.35,0,NA,0,0,37.19
3937,9,"Greenmeadow",30,boy,0.95,0,0.75,4.08,0,NA,0,0,6
3938,6,"Old Town",18,boy,-0.62,0,0.26,38.31,0,NA,1,1,37.82
3939,4,"Eastfield",11,girl,-0.77,1,0.53,25.71,0,NA,0,0,30.82
3940,9,"Greenmeadow",30,girl,1.85,0,0.82,23.65,0,NA,0,0,9.02
3941,6,"Old Town",18,boy,-1.1,1,0.04,34.77,0,NA,1,0,45.53
3942,10,"Southport",36,boy,-0.84,1,0.41,25.86,0,NA,0,0,28.35
3943,9,"Greenmeadow",32,boy,1.51,0,0.71,11.78,0,NA,0,0,14.05
3944,10,"Southport",33,girl,-0.52,0,0.35,37.09,0,NA,0,0,33.59
3945,2,"Hillcrest",6,boy,-1.58,1,0.69,13.72,0,NA,0,0,20.52
3946,10,"Southport",35,boy,-0.02,0,0.31,35.82,0,NA,0,0,34.21
3947,11,"Lakeside",38,boy,0.51,0,0.51,8.69,0,NA,0,0,14.78
3948,10,"Southport",33,boy,0.57,0,0.29,27.34,0,NA,1,0,29.28
3949,7,"Station",24,girl,-0.22,1,0.07,41.64,0,NA,0,0,44.15
3950,6,"Old Town",18,boy,-0.23,0,0.31,39.82,0,NA,0,0,39.87
3951,6,"Old Town",19,girl,-0.31,0,0.07,51.76,0,NA,0,0,43.5
3952,9,"Greenmeadow",30,girl,-0.64,0,0.79,16.52,0,NA,1,0,18.36
3953,10,"Southport",35,boy,-0.36,0,0.32,32.06,0,NA,0,0,28.04
3954,1,"Northgate",1,boy,-0.88,1,0.63,22.92,0,NA,1,1,24.93
3955,3,"Millbrook",9,girl,-0.32,0,0.25,25.4,0,NA,0,0,31.58
3956,6,"Old Town",20,boy,-0.57,0,0.02,49.34,0,NA,0,0,41.34
3957,12,"Harbour",39,boy,-2.86,0,0.28,32.94,0,NA,1,1,33.93
3958,8,"Riverside",27,boy,-0.52,0,0.73,10.98,0,NA,0,0,15.98
3959,10,"Southport",35,girl,0.94,0,0.3,24.34,0,NA,0,0,27.46
3960,9,"Greenmeadow",31,girl,1.58,0,0.88,18.43,0,NA,0,0,12.22
3961,8,"Riverside",27,boy,-1.13,0,0.61,29.35,0,NA,1,0,33.05
3962,3,"Millbrook",9,boy,0.13,0,0.34,36.89,1,28.1,0,0,27.91
3963,5,"Westbank",13,girl,0.04,0,0.3,25.36,0,NA,0,0,27.39
3964,7,"Station",24,girl,0.32,0,0.2,40.01,0,NA,0,0,41.81
3965,6,"Old Town",21,boy,0.27,1,0.17,38.43,0,NA,0,0,39.41
3966,5,"Westbank",13,boy,-0.28,1,0.51,28.74,0,NA,0,0,23.41
3967,3,"Millbrook",7,boy,-0.75,0,0.39,23.25,0,NA,0,0,26.22
3968,2,"Hillcrest",6,boy,-0.55,0,0.64,21.39,0,NA,0,0,24.85
3969,6,"Old Town",17,girl,0.91,0,0,45.58,0,NA,0,0,47.08
3970,10,"Southport",33,girl,-0.31,0,0.39,29.4,0,NA,0,0,24.98
3971,7,"Station",22,boy,-2.13,1,0.18,44.43,0,NA,0,0,41.64
3972,10,"Southport",33,girl,0.22,0,0.25,43.7,0,NA,0,0,42.07
3973,9,"Greenmeadow",30,boy,0.22,0,0.7,13.37,0,NA,0,1,13.3
3974,10,"Southport",35,girl,1.98,0,0.23,26.84,0,NA,1,1,31.52
3975,4,"Eastfield",12,girl,-0.27,0,0.14,28.74,1,30.82,1,1,30.44
3976,3,"Millbrook",9,boy,0.48,0,0.24,32.18,0,NA,0,0,27.39
3977,1,"Northgate",1,boy,-1.38,1,0.48,31.07,0,NA,1,1,29.83
3978,11,"Lakeside",38,girl,2.72,0,0.75,4,0,NA,0,0,7.89
3979,6,"Old Town",18,boy,0.17,0,0,32.75,0,NA,0,0,39.24
3980,6,"Old Town",19,boy,0.36,0,0.32,31.53,0,NA,0,0,35.95
3981,3,"Millbrook",10,boy,0.13,0,0.37,17.17,0,NA,0,0,22.94
3982,7,"Station",26,boy,-1.98,1,0.11,46.9,0,NA,0,1,40.07
3983,6,"Old Town",18,boy,0.36,0,0.16,34.98,0,NA,0,0,31.77
3984,10,"Southport",36,girl,0.05,0,0.35,18.05,1,25.11,0,0,24.59
3985,7,"Station",23,girl,0.04,1,0.2,34.77,0,NA,0,0,34.36
3986,9,"Greenmeadow",30,girl,1.76,0,0.77,22.18,0,NA,0,0,17.55
3987,7,"Station",22,boy,-0.47,0,0.01,42.09,0,NA,0,0,45.12
3988,3,"Millbrook",10,boy,1.26,1,0.57,32.14,0,NA,0,0,22.18
3989,7,"Station",24,girl,-0.82,0,0.07,45.62,0,NA,0,0,41.97
3990,6,"Old Town",21,girl,-0.27,1,0.16,53.6,0,NA,1,1,47.64
3991,2,"Hillcrest",6,girl,1.04,0,0.74,21.07,0,NA,0,0,15.9
3992,1,"Northgate",3,boy,-0.26,0,0.58,24.48,0,NA,0,0,28.52
3993,8,"Riverside",28,girl,1.13,1,0.6,25.99,0,NA,1,0,23.49
3994,6,"Old Town",20,boy,-0.44,0,0.02,38.24,0,NA,0,0,44.63
3995,7,"Station",23,boy,-0.6,1,0.13,29.89,0,NA,1,1,36.13
3996,2,"Hillcrest",5,girl,0.45,0,0.87,8.04,0,NA,1,0,14.06
3997,6,"Old Town",21,girl,-0.66,0,0.11,48.74,0,NA,1,1,45.85
3998,10,"Southport",35,girl,-1.06,1,0.29,30.83,0,NA,0,0,37.87
3999,7,"Station",22,boy,1.37,0,0.1,45.73,0,NA,0,0,39.75
4000,9,"Greenmeadow",31,boy,0.91,0,0.85,10.76,0,NA,0,0,6.92
4001,6,"Old Town",20,girl,0.19,1,0.14,45.8,0,NA,0,0,44.75
4002,1,"Northgate",3,girl,0.66,0,0.49,19.77,0,NA,0,0,22.97
4003,7,"Station",23,girl,-0.24,0,0.09,32.49,0,NA,0,0,36.81
4004,6,"Old Town",17,boy,-1.21,1,0.04,47.61,0,NA,0,0,43.26
4005,1,"Northgate",1,boy,0.17,0,0.54,30.92,0,NA,0,0,31.88
4006,10,"Southport",33,boy,-0.76,0,0.43,40.86,0,NA,1,1,41.71
4007,10,"Southport",35,girl,0.35,0,0.01,28.52,0,NA,0,0,38.42
4008,8,"Riverside",28,girl,-0.11,0,0.74,18.5,0,NA,0,0,16.94
4009,1,"Northgate",1,girl,1.07,0,0.72,17.33,0,NA,0,1,14.81
4010,8,"Riverside",27,boy,0.55,0,0.28,8.79,0,NA,0,0,23.48
4011,1,"Northgate",3,boy,-0.94,1,0.61,36.33,0,NA,0,0,28.33
4012,10,"Southport",34,girl,-1.24,0,0.46,31.8,0,NA,0,0,33.25
4013,7,"Station",22,girl,1.17,1,0.36,44.92,0,NA,0,0,40.69
4014,10,"Southport",35,boy,-0.11,0,0.42,21.56,0,NA,1,1,26.76
4015,1,"Northgate",2,girl,0.7,1,0.61,12.01,0,NA,0,1,22.2
4016,6,"Old Town",17,girl,-1.57,0,0.07,50.75,0,NA,0,0,49.58
4017,7,"Station",25,girl,-0.22,0,0.26,40.19,0,NA,0,0,40.02
4018,7,"Station",23,boy,0.02,1,0.2,52.1,0,NA,0,0,44.18
4019,1,"Northgate",3,boy,-0.48,0,0.6,21.69,0,NA,0,0,24
4020,7,"Station",24,girl,0.3,1,0.29,33.62,0,NA,0,0,37.24
4021,3,"Millbrook",10,girl,-0.26,0,0.31,33.29,0,NA,0,0,30.42
4022,11,"Lakeside",37,girl,-0.51,0,0.59,14.89,0,NA,0,0,15.54
4023,9,"Greenmeadow",31,boy,-0.09,1,0.68,22.47,0,NA,0,0,21.33
4024,12,"Harbour",39,boy,0.17,0,0.27,39.42,0,NA,0,0,38.96
4025,4,"Eastfield",12,boy,-0.8,0,0.34,40.72,0,NA,0,0,28.73
4026,3,"Millbrook",7,boy,-0.24,0,0.5,31.84,0,NA,0,0,28.86
4027,7,"Station",25,girl,-0.92,0,0.32,32.53,0,NA,0,0,38.89
4028,10,"Southport",33,boy,-0.63,0,0.35,33.39,0,NA,1,1,36.25
4029,12,"Harbour",40,boy,-0.61,0,0.2,34.11,0,NA,0,0,37.04
4030,4,"Eastfield",12,girl,-0.89,0,0.45,31.47,0,NA,0,0,27.69
4031,6,"Old Town",21,girl,-0.53,0,0.26,56.24,1,49.65,0,0,48.24
4032,1,"Northgate",2,boy,0.55,0,0.82,20.97,0,NA,0,0,22.12
4033,4,"Eastfield",12,boy,1.9,0,0.34,10.33,0,NA,0,0,20.22
4034,7,"Station",23,boy,-0.07,0,0.11,38.61,0,NA,0,0,34.8
4035,4,"Eastfield",11,girl,-0.32,0,0.54,14.83,0,NA,0,0,18.03
4036,6,"Old Town",17,boy,0.64,1,0.12,42.65,0,NA,1,1,42.43
4037,8,"Riverside",28,girl,-1.17,1,0.62,28.17,0,NA,0,0,22.71
4038,11,"Lakeside",37,boy,-0.29,0,0.62,25.62,0,NA,0,0,16.39
4039,7,"Station",26,girl,0.98,0,0.34,45.32,0,NA,0,0,41.31
4040,5,"Westbank",16,girl,-0.95,0,0.54,18.77,0,NA,0,0,25.11
4041,4,"Eastfield",11,girl,-0.64,0,0.47,23.98,0,NA,0,0,25.8
4042,2,"Hillcrest",5,boy,0.2,0,0.73,13.76,0,NA,1,1,11.29
4043,5,"Westbank",15,girl,0.61,0,0.42,22.43,0,NA,0,0,29.92
4044,9,"Greenmeadow",30,girl,1.77,0,0.67,4,0,NA,0,0,6
4045,8,"Riverside",27,boy,-2.21,0,0.38,19.38,0,NA,1,0,20.69
4046,10,"Southport",34,boy,0.31,0,0.24,35.68,1,35.7,0,0,35.96
4047,9,"Greenmeadow",32,girl,-0.24,0,0.88,19.03,0,NA,0,0,15.11
4048,1,"Northgate",1,boy,0.13,0,0.51,29.24,0,NA,0,0,25.87
4049,6,"Old Town",20,girl,0.38,0,0.27,45.85,0,NA,0,0,42.35
4050,5,"Westbank",15,girl,-0.47,0,0.67,24.16,0,NA,1,0,24.56
4051,11,"Lakeside",38,girl,-0.07,0,0.6,23.09,0,NA,0,0,20.14
4052,3,"Millbrook",8,boy,-0.33,0,0.42,25.41,0,NA,0,0,23.62
4053,8,"Riverside",28,boy,-0.09,0,0.77,14.19,0,NA,0,0,19.51
4054,6,"Old Town",21,girl,-0.3,1,0,59.15,0,NA,1,1,56.27
4055,9,"Greenmeadow",32,girl,0.28,0,0.86,18.96,0,NA,0,0,19.08
4056,2,"Hillcrest",4,boy,0.99,0,0.53,6.37,0,NA,0,0,8.62
4057,12,"Harbour",39,girl,-0.72,0,0.08,22.66,0,NA,1,1,34.47
4058,1,"Northgate",1,girl,1.15,0,0.32,25.92,0,NA,0,0,20.79
4059,9,"Greenmeadow",30,girl,0.46,0,0.97,8.64,0,NA,1,0,12.26
4060,12,"Harbour",40,boy,2.47,0,0,29.14,0,NA,1,0,34.01
4061,8,"Riverside",27,boy,-0.31,0,0.63,24.93,0,NA,0,0,25.37
4062,11,"Lakeside",37,girl,0.37,0,1,18.6,0,NA,0,0,15.23
4063,6,"Old Town",18,girl,0.01,1,0,41.07,0,NA,1,1,42.36
4064,6,"Old Town",20,boy,2.2,0,0.19,28.4,0,NA,0,1,34.61
4065,6,"Old Town",19,boy,-0.22,0,0,46.62,0,NA,1,0,40
4066,3,"Millbrook",7,boy,0.67,1,0.52,30.71,0,NA,0,0,22.43
4067,1,"Northgate",2,girl,-0.6,0,0.6,16.72,0,NA,0,0,19.25
4068,4,"Eastfield",11,boy,-1.73,1,0.33,14.94,0,NA,0,0,20.32
4069,4,"Eastfield",11,girl,1.8,0,0.24,30.69,0,NA,0,0,26.87
4070,6,"Old Town",20,boy,-0.65,1,0.06,33.44,0,NA,0,0,40.45
4071,3,"Millbrook",9,boy,-0.8,0,0.63,27.21,0,NA,0,1,26.87
4072,9,"Greenmeadow",32,boy,-0.67,0,0.76,18.12,0,NA,1,0,20.99
4073,10,"Southport",35,boy,0.41,0,0.13,36.73,0,NA,0,0,34.34
4074,12,"Harbour",39,girl,-1.49,1,0.27,37.51,0,NA,0,0,37.18
4075,6,"Old Town",17,boy,-0.22,1,0.31,43.16,0,NA,0,0,39.06
4076,8,"Riverside",27,girl,-0.01,0,0.55,19.45,0,NA,0,0,22.89
4077,6,"Old Town",19,boy,0.83,0,0.07,44.18,0,NA,0,0,45.13
4078,8,"Riverside",28,girl,0.34,0,0.64,28.61,0,NA,1,0,24.36
4079,9,"Greenmeadow",31,boy,-0.93,1,1,8.14,0,NA,0,0,12.37
4080,12,"Harbour",40,boy,0.37,0,0.26,35.23,0,NA,0,0,32.39
4081,6,"Old Town",20,boy,-0.79,1,0.27,30.78,0,NA,0,0,33.31
4082,1,"Northgate",2,boy,1.01,0,0.65,22.62,0,NA,0,0,23.32
4083,10,"Southport",35,boy,-0.63,0,0.32,33.51,0,NA,0,0,41.53
4084,6,"Old Town",20,boy,0.79,0,0.22,39.04,0,NA,0,0,33.97
4085,12,"Harbour",39,girl,-0.68,1,0.33,37.69,0,NA,1,0,30.87
4086,6,"Old Town",19,girl,0.91,0,0.02,50.94,0,NA,0,0,42.39
4087,7,"Station",26,girl,-1.72,1,0.14,48.88,0,NA,0,0,46.41
4088,12,"Harbour",40,girl,1.79,0,0.3,30.93,0,NA,1,1,26.45
4089,4,"Eastfield",12,girl,0.1,0,0.24,29.18,0,NA,0,0,29.38
4090,8,"Riverside",27,boy,-0.28,0,0.53,20.76,0,NA,0,0,22.39
4091,3,"Millbrook",8,girl,-0.15,0,0.58,29.63,0,NA,0,0,27.89
4092,5,"Westbank",13,girl,0.31,0,0.41,25.01,0,NA,0,0,33.62
4093,6,"Old Town",21,boy,-2.31,0,0.17,41.7,0,NA,0,0,42.86
4094,12,"Harbour",40,boy,-0.39,0,0.04,34.75,0,NA,0,0,33.75
4095,8,"Riverside",27,girl,0.28,0,0.43,26.04,0,NA,0,0,23.18
4096,2,"Hillcrest",4,boy,-1.32,0,0.78,17.15,0,NA,1,1,18.39
4097,3,"Millbrook",7,boy,-1.44,0,0.13,29.76,0,NA,0,0,33.56
4098,10,"Southport",33,boy,-0.19,0,0.32,41.07,0,NA,0,0,40.67
4099,5,"Westbank",13,girl,-0.61,0,0.52,24.74,0,NA,0,0,25.76
4100,3,"Millbrook",8,boy,-0.75,0,0.6,21.04,0,NA,0,0,22.06
4101,5,"Westbank",14,girl,0.03,0,0.63,21.61,0,NA,0,0,29.12
4102,6,"Old Town",17,girl,0.75,0,0.2,31.19,0,NA,0,0,38.12
4103,7,"Station",25,girl,0.86,0,0.16,50.6,0,NA,0,0,42.37
4104,1,"Northgate",1,girl,0.04,0,0.61,34.56,0,NA,0,0,26.2
4105,7,"Station",22,boy,-0.41,0,0.13,39.06,0,NA,1,1,38.71
4106,1,"Northgate",1,girl,1.03,0,0.53,25.47,0,NA,0,0,26.92
4107,10,"Southport",33,boy,0.05,0,0.37,34.15,0,NA,0,0,30.48
4108,12,"Harbour",40,girl,-1.34,1,0.32,36.05,0,NA,0,0,35.08
4109,8,"Riverside",29,boy,-0.79,0,0.53,21.04,0,NA,0,0,20.14
4110,7,"Station",23,boy,-1.77,1,0.33,27.85,0,NA,1,1,40.02
4111,5,"Westbank",13,girl,0.1,0,0.52,23.95,0,NA,0,0,30.09
4112,3,"Millbrook",9,boy,-0.78,0,0.26,34.36,0,NA,0,0,31.5
4113,1,"Northgate",3,boy,0.44,1,0.68,16.54,0,NA,0,0,19.61
4114,4,"Eastfield",12,boy,-1.31,0,0.15,17.17,0,NA,0,0,16.63
4115,2,"Hillcrest",5,boy,0.39,1,0.93,15.4,0,NA,0,0,16.63
4116,10,"Southport",36,girl,-1.38,0,0.23,43.71,0,NA,1,0,42.26
4117,1,"Northgate",3,girl,-0.95,0,0.7,22.5,0,NA,0,0,19.72
4118,12,"Harbour",39,girl,0.38,0,0.12,42.13,0,NA,0,0,35.49
4119,9,"Greenmeadow",30,girl,-0.63,0,0.74,13.37,0,NA,0,0,13.52
4120,5,"Westbank",16,girl,1.37,0,0.63,23.93,0,NA,0,0,30.24
4121,12,"Harbour",39,boy,-1.29,1,0.06,32.84,0,NA,0,0,39.24
4122,5,"Westbank",13,girl,-0.67,0,0.34,27.01,0,NA,0,0,28.53
4123,5,"Westbank",14,boy,-0.94,1,0.47,33.82,0,NA,0,0,25.77
4124,9,"Greenmeadow",30,girl,1.07,0,0.59,4.29,0,NA,0,0,11.65
4125,3,"Millbrook",7,boy,0.27,0,0.4,22.56,0,NA,0,0,20.43
4126,9,"Greenmeadow",30,boy,-0.26,0,0.85,7.76,0,NA,0,0,9.24
4127,2,"Hillcrest",6,girl,1.37,0,0.58,9.51,0,NA,0,0,12.2
4128,5,"Westbank",15,boy,1.49,0,0.53,21.51,0,NA,0,0,25.02
4129,11,"Lakeside",37,girl,0.02,1,0.77,10.22,0,NA,0,0,13.98
4130,6,"Old Town",20,girl,0.04,0,0.3,44.17,0,NA,1,1,41.7
4131,10,"Southport",33,boy,0.85,1,0.29,31.13,0,NA,0,0,28.54
4132,7,"Station",22,girl,-0.65,1,0.23,34.91,1,33.45,1,1,34.52
4133,10,"Southport",35,boy,-0.03,0,0.22,32.56,0,NA,0,0,32.95
4134,2,"Hillcrest",4,boy,0.82,0,0.73,10.98,0,NA,1,1,18.25
4135,7,"Station",23,girl,-0.15,0,0,44.96,0,NA,0,0,47.36
4136,9,"Greenmeadow",30,boy,1.56,0,0.88,11.84,0,NA,1,0,14.61
4137,8,"Riverside",29,boy,0.08,1,0.56,29.61,0,NA,0,0,30.98
4138,11,"Lakeside",37,boy,-0.56,0,0.52,19.12,0,NA,0,0,18.66
4139,9,"Greenmeadow",32,boy,0.78,0,1,26.1,0,NA,0,0,19.32
4140,8,"Riverside",28,boy,-0.56,1,0.43,16.88,0,NA,0,0,22.22
4141,5,"Westbank",15,girl,1.11,0,0.47,25.99,0,NA,0,0,30.95
4142,10,"Southport",33,girl,0.32,0,0.22,39.75,0,NA,0,0,34.57
4143,12,"Harbour",40,boy,0.31,0,0.31,27.77,0,NA,0,0,29.96
4144,4,"Eastfield",12,girl,0.63,0,0.4,31.96,0,NA,0,0,29.6
4145,12,"Harbour",39,boy,-0.45,0,0.34,41.62,0,NA,0,0,36.45
4146,4,"Eastfield",11,girl,0.1,0,0.26,24.93,0,NA,0,1,28.27
4147,9,"Greenmeadow",31,girl,-0.37,0,1,10.48,0,NA,0,0,14.43
4148,5,"Westbank",13,boy,-0.04,1,0.31,37.03,0,NA,0,0,32.49
4149,5,"Westbank",13,boy,1.2,1,0.48,21.6,0,NA,0,0,24.48
4150,8,"Riverside",28,girl,1.44,0,0.7,18.04,0,NA,0,0,19.05
4151,4,"Eastfield",11,boy,0.67,0,0.46,14.45,0,NA,0,0,19.61
4152,2,"Hillcrest",5,girl,-0.92,0,0.9,12.93,0,NA,0,0,18.18
4153,1,"Northgate",3,girl,-1.44,0,0.6,26.34,0,NA,0,0,28.01
4154,6,"Old Town",20,boy,1.02,1,0.09,56.97,0,NA,1,1,48.92
4155,2,"Hillcrest",6,girl,1.93,0,0.62,14.01,0,NA,0,0,14.53
4156,6,"Old Town",17,girl,0.21,0,0.1,41.07,0,NA,0,0,38.37
4157,5,"Westbank",15,boy,0.31,0,0.35,15.77,0,NA,0,0,22.56
4158,5,"Westbank",16,girl,-0.34,1,0.63,29.93,0,NA,0,0,27.65
4159,6,"Old Town",18,girl,1.29,0,0.08,42.76,0,NA,0,0,38.55
4160,4,"Eastfield",12,boy,0.19,0,0.03,27.67,0,NA,0,0,29.35
4161,10,"Southport",34,boy,1.14,0,0.14,15.55,0,NA,0,0,27.64
4162,9,"Greenmeadow",30,boy,1.42,0,1,4,0,NA,0,0,6.38
4163,10,"Southport",36,boy,-0.19,0,0.31,32.58,0,NA,0,0,36.47
4164,3,"Millbrook",10,girl,1.04,0,0.36,29.2,0,NA,0,0,29.08
4165,1,"Northgate",3,girl,0.88,1,0.42,17.43,0,NA,0,0,20.83
4166,10,"Southport",33,girl,0.23,0,0.24,39.03,0,NA,0,0,36.15
4167,7,"Station",24,girl,-0.36,0,0.11,31.81,1,38.38,0,0,37.61
4168,6,"Old Town",21,boy,0.02,0,0,41.92,1,40.51,1,1,41.35
4169,7,"Station",24,girl,-0.71,0,0.02,37.56,0,NA,1,1,36.47
4170,8,"Riverside",29,boy,-1,0,0.63,23.07,0,NA,0,0,19.69
4171,1,"Northgate",1,girl,-1.83,0,0.53,26.05,0,NA,0,0,21.48
4172,6,"Old Town",19,boy,-1.01,1,0.18,36.57,1,35.86,0,0,36.35
4173,12,"Harbour",39,boy,1.89,0,0.07,34.43,0,NA,0,0,37.84
4174,6,"Old Town",17,girl,-0.01,0,0,36.78,0,NA,1,1,37.28
4175,1,"Northgate",2,girl,0.96,0,0.52,16.84,1,17.75,1,0,18.25
4176,8,"Riverside",27,girl,0.76,0,0.75,18.22,0,NA,0,0,17.07
4177,2,"Hillcrest",6,boy,-0.43,0,0.67,25.09,0,NA,0,0,21.59
4178,7,"Station",23,girl,1.17,0,0.34,34.72,0,NA,0,0,33.57
4179,10,"Southport",33,girl,1.02,1,0.4,33.31,0,NA,0,0,33.88
4180,12,"Harbour",40,boy,0.05,1,0.29,33.39,0,NA,0,0,37
4181,1,"Northgate",1,boy,0.07,0,0.47,21.15,0,NA,0,0,18.5
4182,12,"Harbour",40,girl,-0.91,0,0,29.66,0,NA,0,0,37.36
4183,6,"Old Town",17,boy,-0.93,0,0.27,36.49,0,NA,0,0,39.99
4184,4,"Eastfield",12,boy,0.8,0,0.3,28.14,0,NA,1,0,23.01
4185,11,"Lakeside",38,boy,1.93,0,0.81,4,0,NA,0,0,6
4186,2,"Hillcrest",5,boy,0.97,1,0.76,4.42,0,NA,0,0,10.94
4187,3,"Millbrook",10,girl,-0.52,0,0.52,33.36,0,NA,0,0,26.3
4188,10,"Southport",34,boy,-1.06,1,0.31,30.09,0,NA,1,0,30.43
4189,3,"Millbrook",10,boy,-1.33,1,0.64,24.84,0,NA,0,0,27.38
4190,7,"Station",22,girl,0.17,1,0.23,37.84,0,NA,0,0,42.86
4191,1,"Northgate",2,girl,1.27,0,0.43,29.43,1,31.96,0,0,29.86
4192,6,"Old Town",17,boy,0.53,0,0.21,34.8,0,NA,0,0,32.51
4193,9,"Greenmeadow",32,boy,0.14,0,1,4,0,NA,0,0,11.34
4194,2,"Hillcrest",4,boy,0.31,0,0.63,14.15,0,NA,0,0,13.43
4195,6,"Old Town",18,girl,0.86,0,0,49.57,0,NA,0,0,41.53
4196,5,"Westbank",16,girl,-0.93,1,0.38,29.36,0,NA,0,0,27.49
4197,6,"Old Town",20,boy,-0.84,0,0.24,41.34,0,NA,0,0,43.84
4198,3,"Millbrook",10,boy,0.66,0,0.42,18.17,0,NA,0,0,25.43
4199,10,"Southport",34,girl,0.34,1,0.24,32.05,0,NA,0,0,33.7
4200,1,"Northgate",2,boy,-1,1,0.58,24.41,0,NA,0,0,21.78
4201,9,"Greenmeadow",30,girl,-0.97,0,0.83,10.63,0,NA,0,0,9.49
4202,5,"Westbank",14,boy,-0.12,0,0.66,37.64,0,NA,0,0,31.25
4203,8,"Riverside",28,girl,-1.18,0,0.66,15.05,0,NA,0,0,22.8
4204,12,"Harbour",40,boy,-0.56,0,0.17,43.43,0,NA,1,1,40.62
4205,7,"Station",25,girl,-0.39,0,0.1,36.36,0,NA,0,0,41.11
4206,8,"Riverside",28,boy,0.03,0,0.73,18.21,0,NA,0,0,22.98
4207,10,"Southport",33,boy,-0.38,0,0.45,29.68,0,NA,0,0,28.63
4208,12,"Harbour",39,girl,-1.91,0,0.29,34.36,0,NA,0,0,38.5
4209,1,"Northgate",2,boy,1.04,0,0.37,29.63,0,NA,1,0,26.24
4210,3,"Millbrook",7,boy,-0.65,1,0.37,18.91,0,NA,1,1,26.26
4211,3,"Millbrook",8,girl,0.91,0,0.41,20.49,0,NA,0,0,21.52
4212,5,"Westbank",15,boy,-1.8,1,0.27,28.73,0,NA,0,0,29.77
4213,1,"Northgate",2,boy,-1.37,0,0.29,24.42,0,NA,0,0,30.01
4214,4,"Eastfield",12,boy,1.38,0,0.53,23.8,0,NA,0,0,22.5
4215,7,"Station",22,boy,-0.69,1,0.2,33.13,0,NA,0,0,38.33
4216,3,"Millbrook",7,girl,-0.83,0,0.41,26.53,0,NA,0,0,32.16
4217,3,"Millbrook",8,boy,-0.83,1,0.65,16.14,0,NA,0,0,20.77
4218,10,"Southport",33,girl,0.41,0,0.34,29.65,0,NA,0,0,32.81
4219,12,"Harbour",39,boy,-0.2,0,0.12,33.76,0,NA,1,1,31.62
4220,2,"Hillcrest",4,boy,1.71,0,0.65,16.16,0,NA,0,0,17.47
4221,8,"Riverside",28,girl,1.07,0,0.57,15.72,0,NA,0,0,22.57
4222,9,"Greenmeadow",31,girl,0.65,0,0.73,25.01,0,NA,1,1,20.66
4223,12,"Harbour",40,boy,-0.81,0,0.48,32.53,0,NA,0,0,31.77
4224,6,"Old Town",19,boy,-0.57,0,0.06,35.7,0,NA,0,0,39.69
4225,5,"Westbank",16,boy,1.18,0,0.52,21.43,0,NA,0,0,19.8
4226,11,"Lakeside",37,boy,0.51,1,0.69,16.99,0,NA,0,0,17.59
4227,5,"Westbank",13,girl,1.15,0,0.53,27.41,0,NA,0,0,29.27
4228,5,"Westbank",15,boy,-1.28,0,0.52,27.35,0,NA,0,0,25.6
4229,9,"Greenmeadow",32,girl,2.34,0,0.94,11.57,0,NA,0,0,9.6
4230,8,"Riverside",29,girl,1.08,0,0.54,25.06,1,18.42,0,0,17.89
4231,3,"Millbrook",9,girl,0.59,0,0.23,27.36,0,NA,1,0,24.13
4232,6,"Old Town",17,boy,0.03,0,0.09,46.8,0,NA,0,0,43.25
4233,1,"Northgate",2,girl,-0.49,0,0.58,22.95,0,NA,0,0,23.98
4234,10,"Southport",35,boy,-0.9,1,0.28,40.71,0,NA,0,0,32.43
4235,7,"Station",25,boy,-2.66,0,0.18,41.52,1,41.47,0,0,41.62
4236,6,"Old Town",20,boy,-0.92,0,0.1,38.36,0,NA,0,0,38.11
4237,12,"Harbour",39,girl,0.84,0,0.35,37.02,0,NA,0,0,31.78
4238,1,"Northgate",1,boy,2.06,0,0.69,19.35,0,NA,1,1,23.93
4239,9,"Greenmeadow",30,boy,-1.02,1,0.78,6.42,0,NA,0,0,12.8
4240,1,"Northgate",2,girl,-2.05,1,0.61,30.06,0,NA,0,0,26.29
4241,3,"Millbrook",9,boy,-0.35,0,0.56,23.94,0,NA,0,0,19
4242,7,"Station",24,girl,0.12,0,0.22,37.32,0,NA,0,0,36.83
4243,1,"Northgate",1,boy,-0.11,0,0.61,5.02,0,NA,1,1,13.62
4244,1,"Northgate",2,boy,0.82,0,0.62,30.28,0,NA,0,0,27.95
4245,5,"Westbank",15,girl,1.06,0,0.58,18.17,0,NA,0,0,28.47
4246,7,"Station",25,girl,-1.21,0,0.22,43.81,0,NA,0,0,44.67
4247,3,"Millbrook",9,boy,0.61,0,0.27,25.68,0,NA,0,0,25.22
4248,5,"Westbank",13,boy,0.25,0,0.74,22.71,0,NA,0,0,25.29
4249,2,"Hillcrest",6,girl,0.72,0,0.75,25.46,0,NA,0,0,18.8
4250,11,"Lakeside",37,girl,0.69,1,0.84,17.99,0,NA,1,0,10.97
4251,2,"Hillcrest",6,boy,0.47,0,0.78,13.69,1,6.03,0,0,6
4252,2,"Hillcrest",5,boy,-0.57,0,0.69,23.72,0,NA,0,0,19.45
4253,2,"Hillcrest",4,girl,0.31,0,0.91,9.92,0,NA,1,0,10.97
4254,6,"Old Town",19,boy,0.02,0,0.07,37.83,0,NA,0,0,45.02
4255,10,"Southport",35,boy,-1.23,1,0.26,30.93,0,NA,0,0,36.19
4256,2,"Hillcrest",5,boy,1.32,0,0.64,25.54,0,NA,0,0,18.02
4257,5,"Westbank",15,girl,-0.54,0,0.41,29.38,0,NA,0,0,25.13
4258,3,"Millbrook",8,boy,-0.56,0,0.5,28.66,0,NA,0,0,29.72
4259,6,"Old Town",17,boy,0.27,0,0.24,45.89,0,NA,0,1,40.83
4260,9,"Greenmeadow",30,girl,1.04,0,1,16.16,0,NA,0,0,16.31
4261,5,"Westbank",14,boy,0.01,1,0.6,21.91,0,NA,0,0,21.68
4262,2,"Hillcrest",5,boy,-0.28,0,0.65,28.07,0,NA,0,0,19.26
4263,12,"Harbour",40,girl,1.1,0,0.38,31.32,0,NA,0,0,36.68
4264,12,"Harbour",40,girl,-0.11,1,0.2,41.85,0,NA,0,0,37.28
4265,10,"Southport",35,girl,0.29,0,0.39,31.3,0,NA,1,0,31.39
4266,5,"Westbank",15,boy,1.09,0,0.58,29.73,0,NA,0,0,24.59
4267,9,"Greenmeadow",31,boy,0.98,0,0.82,11.98,0,NA,0,0,13.91
4268,7,"Station",26,girl,0.11,0,0.34,42.4,0,NA,0,0,40.12
4269,6,"Old Town",18,girl,-0.11,0,0.05,34.71,0,NA,0,1,39.65
4270,9,"Greenmeadow",32,girl,-0.08,0,0.8,13.54,0,NA,0,0,13.83
4271,3,"Millbrook",8,boy,-0.18,0,0.3,24.62,0,NA,1,0,24.54
4272,12,"Harbour",39,boy,0.82,0,0.35,37.11,0,NA,0,0,34.26
4273,9,"Greenmeadow",32,boy,-0.68,1,0.77,14.36,0,NA,0,0,17.91
4274,9,"Greenmeadow",31,girl,1.24,0,0.9,14.96,0,NA,1,0,13.52
4275,5,"Westbank",13,girl,-1.79,1,0.71,29.41,0,NA,1,1,31.04
4276,3,"Millbrook",9,boy,0.56,0,0.56,15.75,0,NA,0,0,19.82
4277,5,"Westbank",14,boy,-2.01,1,0.33,34.45,0,NA,0,0,32.08
4278,12,"Harbour",40,girl,-1.6,0,0.16,33.54,0,NA,0,0,38.12
4279,10,"Southport",34,boy,0.3,0,0.03,49.06,0,NA,0,0,37.73
4280,3,"Millbrook",7,girl,-0.79,0,0.39,30.01,0,NA,0,0,24.86
4281,3,"Millbrook",7,girl,0.57,0,0.49,24.52,0,NA,0,0,28.31
4282,1,"Northgate",1,boy,1.88,1,0.74,10.42,0,NA,0,0,15.78
4283,4,"Eastfield",12,boy,-0.9,0,0.17,19.72,0,NA,1,0,23.44
4284,7,"Station",22,girl,2.46,0,0.06,36.22,0,NA,1,1,41.11
4285,9,"Greenmeadow",30,girl,-1.11,1,0.71,4,0,NA,0,1,6.66
4286,9,"Greenmeadow",30,boy,0.87,1,0.9,9.74,0,NA,0,0,15.78
4287,5,"Westbank",15,girl,-0.33,0,0.55,24.43,0,NA,0,0,27.2
4288,2,"Hillcrest",6,boy,1.22,0,0.81,9.55,0,NA,0,0,16.19
4289,12,"Harbour",39,boy,1.06,0,0.12,38.86,0,NA,0,0,41.37
4290,7,"Station",26,boy,-1.04,0,0.24,34.14,0,NA,1,0,35.06
4291,9,"Greenmeadow",30,boy,0.39,0,0.75,28.35,0,NA,0,0,19.09
4292,5,"Westbank",16,boy,-0.94,0,0.47,30.94,0,NA,0,0,29.74
4293,6,"Old Town",17,girl,0.34,0,0.25,41.51,0,NA,0,0,46.24
4294,10,"Southport",35,girl,-1.4,1,0.35,20.09,0,NA,1,1,26.02
4295,6,"Old Town",19,girl,-1.16,0,0.16,44.82,0,NA,1,1,41.29
4296,6,"Old Town",20,girl,0.78,0,0.39,32.54,1,35.52,0,0,36.94
4297,6,"Old Town",18,girl,-1.08,0,0.18,44.5,0,NA,0,0,43.06
4298,3,"Millbrook",10,boy,0.6,0,0.23,27.16,0,NA,0,0,24.99
4299,5,"Westbank",15,boy,2.05,0,0.52,24.81,0,NA,1,0,23.99
4300,6,"Old Town",20,girl,-0.23,0,0,44.53,0,NA,0,0,44.35
4301,8,"Riverside",29,girl,1.2,0,0.59,14.25,0,NA,0,0,25.79
4302,7,"Station",26,boy,0.98,0,0.14,34.41,0,NA,0,0,39.07
4303,5,"Westbank",13,girl,1.24,0,0.61,32.38,0,NA,0,0,29.7
4304,11,"Lakeside",37,boy,-0.14,1,0.66,25.81,0,NA,0,0,20.6
4305,6,"Old Town",19,boy,1.12,0,0.13,26.74,0,NA,0,0,38.03
4306,7,"Station",25,girl,-0.89,1,0.33,41.91,0,NA,0,0,45.47
4307,8,"Riverside",29,boy,0.77,1,0.36,28.72,0,NA,0,0,25.07
4308,6,"Old Town",21,boy,0.29,0,0.09,39.82,0,NA,0,0,37.97
4309,3,"Millbrook",8,girl,0.06,0,0.18,38.88,0,NA,0,0,26.67
4310,8,"Riverside",27,girl,-1.48,1,0.34,28.59,0,NA,0,0,28.03
4311,4,"Eastfield",12,girl,-0.14,0,0.36,16.44,0,NA,0,0,27.67
4312,9,"Greenmeadow",30,boy,-0.11,0,1,13.46,0,NA,0,0,16.9
4313,1,"Northgate",3,boy,-1.24,0,0.59,28.43,0,NA,1,1,20.87
4314,3,"Millbrook",9,boy,-1.06,0,0.3,42.69,0,NA,0,0,34.5
4315,7,"Station",22,boy,0.08,0,0.1,42.81,0,NA,0,0,45.88
4316,9,"Greenmeadow",30,girl,0.32,0,0.62,15.36,0,NA,0,0,18.23
4317,8,"Riverside",27,girl,-1.91,1,0.56,20.7,0,NA,0,0,17.71
4318,5,"Westbank",15,girl,0.76,1,0.56,28.55,1,19.94,0,0,23.55
4319,10,"Southport",36,boy,0.02,1,0.35,31.02,0,NA,0,0,34.63
4320,6,"Old Town",17,girl,0.83,0,0.07,36.82,0,NA,0,0,40.23
4321,7,"Station",23,girl,-0.5,0,0.31,34.13,0,NA,0,0,38.74
4322,1,"Northgate",3,boy,-0.53,0,0.77,13.24,0,NA,0,0,18.21
4323,12,"Harbour",39,girl,1.01,0,0.21,38.74,0,NA,0,0,38.96
4324,5,"Westbank",16,boy,0.78,0,0.58,35.5,0,NA,0,0,23.75
4325,5,"Westbank",14,girl,0.19,0,0.28,24.34,0,NA,0,0,32.29
4326,4,"Eastfield",12,boy,-1.14,1,0.4,28.32,0,NA,0,0,23.03
4327,6,"Old Town",17,boy,0.81,0,0.12,43.78,0,NA,0,0,39.84
4328,12,"Harbour",40,boy,-0.53,0,0.2,35.26,0,NA,1,1,39.24
4329,11,"Lakeside",37,boy,-0.54,0,0.89,12.3,0,NA,0,0,10.18
4330,7,"Station",26,girl,-0.15,0,0.16,49.94,0,NA,0,0,39.47
4331,3,"Millbrook",10,boy,-0.78,0,0.48,23.89,0,NA,1,1,24.04
4332,5,"Westbank",16,boy,1.06,0,0.52,23.83,0,NA,0,0,23.02
4333,10,"Southport",35,boy,-1.88,1,0.43,32.59,0,NA,1,1,34.43
4334,6,"Old Town",20,boy,0.67,0,0.19,37.41,0,NA,1,1,34.34
4335,6,"Old Town",19,boy,0.22,0,0.11,38.14,0,NA,0,0,42.98
4336,8,"Riverside",29,boy,-0.7,0,0.62,16.28,0,NA,0,0,15.57
4337,3,"Millbrook",7,boy,-2.18,0,0.48,27.96,0,NA,0,0,30.29
4338,2,"Hillcrest",4,boy,0.02,0,0.71,5.71,0,NA,0,0,14.09
4339,6,"Old Town",21,boy,-0.1,0,0.04,42.42,0,NA,0,0,40.7
4340,8,"Riverside",28,girl,0.84,0,0.36,25.66,0,NA,0,0,19.59
4341,11,"Lakeside",38,boy,2.32,0,0.85,7.4,0,NA,0,0,13.98
4342,3,"Millbrook",9,girl,-1.97,0,0.32,34.52,0,NA,0,1,31.19
4343,9,"Greenmeadow",32,boy,1.35,0,1,14.84,0,NA,0,0,14.37
4344,6,"Old Town",18,boy,0.03,0,0.32,36.95,0,NA,0,0,35.95
4345,11,"Lakeside",38,girl,0.51,0,0.66,16.61,0,NA,0,0,13.25
4346,11,"Lakeside",38,boy,0.47,0,0.63,13.72,0,NA,0,0,18.64
4347,1,"Northgate",2,boy,0.67,0,0.59,26.34,0,NA,0,0,19.73
4348,11,"Lakeside",38,girl,-0.07,0,0.9,9.96,0,NA,0,0,8.25
4349,11,"Lakeside",38,girl,-1.47,0,0.61,11.72,0,NA,0,0,14.1
4350,5,"Westbank",13,boy,0.57,0,0.48,28.25,0,NA,0,0,32.04
4351,6,"Old Town",21,boy,-0.49,1,0.3,41.6,0,NA,0,0,46.26
4352,2,"Hillcrest",4,girl,-0.73,0,0.67,15.42,0,NA,0,0,15.25
4353,3,"Millbrook",10,boy,-1.64,0,0.46,35,0,NA,0,0,27.56
4354,3,"Millbrook",9,girl,0.45,1,0.17,34.2,0,NA,0,0,30.65
4355,7,"Station",25,boy,1,0,0.02,48.57,0,NA,1,1,41.21
4356,5,"Westbank",16,boy,1.01,0,0.74,29.39,0,NA,0,0,25.67
4357,1,"Northgate",3,boy,0.83,0,0.73,20.39,1,21.97,0,0,20.59
4358,6,"Old Town",20,boy,-0.24,0,0.01,26.72,0,NA,0,0,37.22
4359,2,"Hillcrest",4,girl,0.58,0,0.73,21.01,0,NA,0,0,21.53
4360,5,"Westbank",14,girl,0.25,0,0.46,32.83,0,NA,0,0,27.2
4361,6,"Old Town",21,boy,0.43,0,0.19,38.1,0,NA,0,0,41.46
4362,10,"Southport",34,girl,0.62,0,0.28,34.4,0,NA,0,0,34.17
4363,7,"Station",24,girl,-0.44,0,0.15,36.78,0,NA,1,1,41.49
4364,9,"Greenmeadow",31,boy,-0.65,0,0.77,8.26,0,NA,0,0,8.72
4365,5,"Westbank",16,boy,-0.29,0,0.62,28.2,0,NA,0,0,36.33
4366,1,"Northgate",3,boy,-2.58,0,0.65,9.7,0,NA,0,0,13.73
4367,7,"Station",25,girl,-0.36,1,0.39,32.58,0,NA,0,0,42.75
4368,8,"Riverside",28,boy,0.84,0,0.6,23.1,0,NA,0,0,26.42
4369,6,"Old Town",17,girl,0.45,0,0.18,46.65,0,NA,0,0,40.68
4370,7,"Station",26,girl,0.01,0,0.08,37.06,0,NA,1,1,37.41
4371,8,"Riverside",29,girl,0.75,0,0.57,22.83,1,18.86,1,1,20.65
4372,6,"Old Town",18,girl,1.02,0,0,41.99,0,NA,0,0,35.73
4373,7,"Station",25,girl,-0.2,0,0.23,40.54,0,NA,0,0,43.78
4374,4,"Eastfield",11,boy,0.59,0,0.36,23.07,0,NA,0,0,16.7
4375,10,"Southport",35,boy,-1.03,0,0.64,33.36,0,NA,0,0,35.74
4376,9,"Greenmeadow",32,girl,0.69,0,0.86,16.44,0,NA,1,0,16.32
4377,3,"Millbrook",7,girl,1.59,0,0.29,31.3,0,NA,0,0,26.4
4378,5,"Westbank",13,boy,0.75,0,0.47,33.14,0,NA,1,1,26.73
4379,10,"Southport",34,girl,1.64,0,0.61,31.68,0,NA,0,0,28.44
4380,1,"Northgate",1,girl,-0.99,1,0.48,23.05,0,NA,1,0,30.57
4381,12,"Harbour",40,boy,-1.94,0,0.27,26.31,0,NA,1,1,33.38
4382,2,"Hillcrest",6,boy,-0.79,1,0.87,25.62,0,NA,0,0,23.75
4383,10,"Southport",35,boy,1.01,1,0.23,30.43,0,NA,1,1,33.56
4384,5,"Westbank",14,boy,-0.05,0,0.58,22.31,0,NA,0,0,18.53
4385,4,"Eastfield",11,girl,0.74,0,0.4,28.5,0,NA,0,0,24.03
4386,8,"Riverside",29,girl,0.27,0,0.64,32.34,0,NA,0,0,28.32
4387,10,"Southport",33,girl,-0.67,0,0.16,34,0,NA,0,0,33.51
4388,9,"Greenmeadow",32,boy,0.54,0,0.78,16.91,0,NA,1,1,18.36
4389,4,"Eastfield",11,boy,-0.75,0,0.25,31.65,0,NA,0,0,31.77
4390,11,"Lakeside",38,boy,-0.4,1,0.65,7.22,0,NA,0,0,10.83
4391,3,"Millbrook",10,boy,-0.43,1,0.37,28.75,0,NA,0,0,28.18
4392,1,"Northgate",3,boy,0.17,0,0.46,18.67,0,NA,0,0,21.71
4393,3,"Millbrook",9,girl,-0.21,0,0.28,30.71,0,NA,0,0,27.24
4394,11,"Lakeside",37,boy,1.73,0,0.73,20,0,NA,0,0,19.98
4395,7,"Station",25,girl,-1.16,0,0.18,28.56,0,NA,0,0,40.55
4396,2,"Hillcrest",5,boy,1.04,1,0.7,9.79,1,18.68,0,0,17.41
4397,2,"Hillcrest",6,girl,1.25,0,0.68,11.62,1,17.93,0,0,18.07
4398,5,"Westbank",13,boy,1.55,0,0.48,13.08,0,NA,0,0,16.94
4399,3,"Millbrook",10,boy,0.61,0,0.51,23.55,0,NA,1,1,28.4
4400,10,"Southport",33,girl,1.96,0,0.11,39.46,0,NA,0,0,35.57
4401,4,"Eastfield",11,boy,0.06,0,0.56,27.29,0,NA,0,0,22.99
4402,6,"Old Town",18,boy,-1.71,1,0.3,44.67,0,NA,0,0,42.56
4403,4,"Eastfield",12,boy,-0.07,0,0.39,25.66,1,28.58,0,0,26.99
4404,7,"Station",22,girl,0.51,0,0.25,40.13,0,NA,0,0,41.69
4405,3,"Millbrook",8,boy,-0.77,0,0.25,31.62,1,25.6,0,0,26.31
4406,10,"Southport",34,girl,0.92,0,0.24,30.11,0,NA,1,0,29.41
4407,9,"Greenmeadow",30,girl,0.62,0,0.86,12.14,0,NA,0,0,11.66
4408,7,"Station",26,boy,-0.79,0,0.19,38.08,0,NA,0,0,34
4409,3,"Millbrook",9,boy,-0.7,0,0.4,28.44,0,NA,0,0,23.92
4410,2,"Hillcrest",5,girl,-1.56,1,0.83,22.71,0,NA,0,0,25.57
4411,9,"Greenmeadow",32,boy,-0.19,1,0.87,8.11,0,NA,1,0,13.3
4412,9,"Greenmeadow",31,girl,0.16,0,0.9,23.72,0,NA,0,1,15.88
4413,7,"Station",26,boy,0.39,0,0.25,44.31,0,NA,0,0,42.25
4414,7,"Station",24,boy,-1.01,0,0.27,42.37,0,NA,0,0,41.84
4415,6,"Old Town",21,boy,-0.47,0,0.14,42.72,0,NA,0,0,40.89
4416,12,"Harbour",40,boy,-0.79,1,0.02,21.28,0,NA,0,1,32.66
4417,10,"Southport",33,boy,-0.45,0,0.33,31.92,0,NA,1,1,31.51
4418,2,"Hillcrest",4,boy,-0.07,0,0.99,24.52,0,NA,0,0,14.84
4419,8,"Riverside",29,boy,-0.4,1,0.61,8.32,0,NA,0,0,15.51
4420,7,"Station",25,boy,0.42,1,0.35,31.42,0,NA,1,1,39.05
4421,10,"Southport",33,girl,1.61,0,0.49,26.14,0,NA,1,1,24.44
4422,8,"Riverside",29,girl,0.66,0,0.86,27.9,0,NA,1,1,17.18
4423,3,"Millbrook",9,boy,-0.36,0,0.67,28.94,0,NA,1,1,15.83
4424,12,"Harbour",39,girl,0.28,1,0.43,45.61,0,NA,0,0,35.82
4425,6,"Old Town",19,girl,1.49,0,0.24,37.39,0,NA,0,0,35.63
4426,6,"Old Town",17,girl,-0.94,0,0.41,28.56,0,NA,0,0,36.57
4427,2,"Hillcrest",5,girl,0.08,0,0.42,22.03,0,NA,1,1,17.82
4428,5,"Westbank",13,boy,1.96,0,0.49,23.32,0,NA,0,0,23.04
4429,4,"Eastfield",11,girl,0.11,1,0.37,23.86,0,NA,0,0,23.96
4430,3,"Millbrook",8,girl,-0.75,0,0.53,31.09,0,NA,1,0,29.93
4431,10,"Southport",35,girl,-0.47,0,0.52,38.37,1,35.01,0,0,34.26
4432,8,"Riverside",28,boy,-0.28,1,0.7,24.32,0,NA,0,0,26.67
4433,6,"Old Town",20,girl,0.24,0,0.02,39.38,0,NA,0,0,32.76
4434,6,"Old Town",17,boy,-0.16,1,0,46.13,0,NA,1,0,48.84
4435,9,"Greenmeadow",32,boy,0,0,0.82,21.06,0,NA,0,0,22.18
4436,10,"Southport",35,girl,0.27,0,0.26,21.36,0,NA,0,0,29.62
4437,12,"Harbour",40,boy,0.51,1,0.28,33.11,0,NA,0,0,31
4438,7,"Station",22,girl,-1.62,0,0.22,50.1,0,NA,0,0,44.6
4439,1,"Northgate",2,boy,-0.32,0,0.55,17.86,0,NA,1,1,18.03
4440,3,"Millbrook",10,boy,0.14,0,0.27,25.83,0,NA,0,0,32.1
4441,7,"Station",23,boy,-0.02,0,0.17,36.83,0,NA,0,0,40.44
4442,4,"Eastfield",12,girl,0.02,0,0.28,24.01,0,NA,0,0,21.17
4443,6,"Old Town",21,girl,-0.2,1,0.04,53.26,0,NA,0,0,51.58
4444,4,"Eastfield",11,boy,-1.97,1,0.25,17,0,NA,1,1,29.47
4445,5,"Westbank",14,boy,-0.65,1,0.43,21.56,0,NA,0,0,24.44
4446,6,"Old Town",17,boy,0.84,1,0.19,43.74,0,NA,0,0,36.37
4447,10,"Southport",35,girl,-1.27,0,0.32,37.76,0,NA,1,1,37.77
4448,6,"Old Town",17,girl,-0.15,0,0.18,55.03,1,45.77,0,0,46.95
4449,10,"Southport",35,girl,-0.9,1,0.31,24.66,0,NA,0,0,22.83
4450,5,"Westbank",15,boy,0.6,1,0.59,29.22,0,NA,0,0,23.53
4451,10,"Southport",33,boy,-0.84,0,0.28,28.58,1,36.03,1,1,35.81
4452,6,"Old Town",18,girl,-0.66,0,0.24,46.02,0,NA,0,0,43.71
4453,6,"Old Town",21,boy,0.12,0,0.16,30.99,0,NA,1,0,38.75
4454,1,"Northgate",1,girl,-0.75,0,0.54,25.91,0,NA,0,0,24.7
4455,10,"Southport",33,girl,0.33,1,0.14,32.29,0,NA,0,0,31.48
4456,12,"Harbour",39,boy,-1.97,0,0.37,38.21,0,NA,0,0,43.67
4457,5,"Westbank",13,boy,-0.83,0,0.5,24.06,0,NA,0,0,26.62
4458,11,"Lakeside",38,boy,-0.85,0,0.82,20.09,0,NA,0,0,18.11
4459,10,"Southport",34,boy,0.34,0,0.22,24.34,0,NA,1,1,28.2
4460,8,"Riverside",29,boy,1.55,1,0.8,20.4,0,NA,0,0,22.45
4461,5,"Westbank",14,boy,1.82,1,0.49,25.1,0,NA,1,1,23.45
4462,5,"Westbank",15,boy,1.01,0,0.47,19.38,0,NA,0,1,25.9
4463,8,"Riverside",29,boy,0.17,0,0.56,16.39,0,NA,0,0,13.86
4464,10,"Southport",36,boy,-2.21,1,0.3,30.44,0,NA,0,0,32.12
4465,8,"Riverside",28,girl,0.01,0,0.51,21.38,0,NA,1,1,17.09
4466,1,"Northgate",1,girl,-0.67,0,0.42,32.78,0,NA,0,0,26.47
4467,9,"Greenmeadow",31,boy,-0.3,1,0.75,8.23,0,NA,0,0,10.39
4468,9,"Greenmeadow",32,boy,0.65,1,0.65,13.52,0,NA,0,0,15.32
4469,5,"Westbank",13,girl,0.99,1,0.47,26.66,0,NA,1,1,22.95
4470,7,"Station",24,boy,0,1,0.1,41.42,0,NA,0,0,42.37
4471,3,"Millbrook",7,girl,0.96,0,0.45,28.7,0,NA,0,0,26.76
4472,1,"Northgate",3,girl,0.54,0,0.33,16.39,0,NA,0,0,15.55
4473,8,"Riverside",28,boy,0.16,0,0.44,14.32,0,NA,0,0,23.26
4474,6,"Old Town",19,girl,1.45,0,0.26,42.14,0,NA,0,0,40.98
4475,9,"Greenmeadow",30,girl,0.38,1,1,12.85,0,NA,0,0,9.12
4476,12,"Harbour",39,girl,0.4,0,0.49,26.34,0,NA,0,0,31.7
4477,8,"Riverside",27,boy,-0.1,0,0.55,25.54,0,NA,0,0,17.54
4478,9,"Greenmeadow",31,boy,0.53,0,0.96,10.52,0,NA,0,0,6.67
4479,3,"Millbrook",7,boy,-0.55,0,0.45,31.79,0,NA,0,0,31.52
4480,6,"Old Town",17,girl,-0.29,0,0.02,48.94,0,NA,0,0,43.51
4481,7,"Station",23,girl,-1.68,0,0,50.26,0,NA,1,0,44.16
4482,6,"Old Town",17,girl,-1.61,0,0,40.68,0,NA,0,0,46.95
4483,3,"Millbrook",7,boy,-0.48,0,0.25,15.04,0,NA,0,0,23.62
4484,7,"Station",23,girl,-1.46,0,0.38,36.85,1,40.81,0,0,40.61
4485,8,"Riverside",27,girl,0.88,1,0.48,26.96,0,NA,0,0,18.57
4486,9,"Greenmeadow",31,boy,-0.32,1,0.85,13.61,0,NA,0,0,13.09
4487,10,"Southport",36,boy,-1.59,1,0.12,38.13,0,NA,0,0,30.36
4488,6,"Old Town",21,girl,0.25,0,0.14,28.7,0,NA,0,0,33.47
4489,6,"Old Town",18,girl,-0.57,0,0.15,37.39,0,NA,1,0,40.3
4490,7,"Station",24,boy,-0.31,1,0.23,42.09,0,NA,0,0,45.09
4491,2,"Hillcrest",6,boy,1.11,1,0.73,10.74,0,NA,0,0,12.18
4492,7,"Station",25,boy,-0.06,0,0.2,41.96,0,NA,0,0,43.17
4493,5,"Westbank",13,girl,-0.05,1,0.51,30.89,0,NA,0,0,28.52
4494,3,"Millbrook",7,girl,0.24,0,0.38,25.11,0,NA,0,0,21.82
4495,7,"Station",26,girl,-1.21,0,0.19,45.8,0,NA,0,0,44.48
4496,2,"Hillcrest",4,boy,1.71,0,0.79,21.22,0,NA,0,0,21.21
4497,5,"Westbank",14,girl,-0.42,0,0.57,37.27,0,NA,0,0,29.44
4498,10,"Southport",33,boy,-0.43,0,0.25,25.32,0,NA,1,1,34.83
4499,6,"Old Town",20,girl,-1.95,0,0.13,46.78,0,NA,1,0,41.25
4500,6,"Old Town",20,boy,0.51,0,0.27,35.29,0,NA,0,0,40.03
4501,2,"Hillcrest",5,boy,1.2,0,0.75,16.36,0,NA,0,0,14.03
4502,2,"Hillcrest",6,girl,0.43,1,0.86,5.13,0,NA,0,0,12.49
4503,3,"Millbrook",7,boy,0.84,0,0.49,27.01,0,NA,0,0,28.08
4504,7,"Station",22,boy,-2.5,1,0.22,31.9,0,NA,1,1,38.4
4505,1,"Northgate",3,girl,0.57,0,0.56,22.51,1,16.87,0,0,17.67
4506,11,"Lakeside",37,girl,2.35,0,0.67,13.84,0,NA,0,0,19.03
4507,3,"Millbrook",8,boy,-1.13,0,0.43,27.95,0,NA,0,0,29.24
4508,10,"Southport",34,boy,-1.47,0,0.28,43.95,0,NA,1,1,35.95
4509,5,"Westbank",16,girl,-0.5,1,0.44,36.27,0,NA,0,0,32.36
4510,4,"Eastfield",12,boy,0.19,0,0.55,26.22,0,NA,0,0,22.12
4511,6,"Old Town",20,girl,-0.67,0,0,34.56,0,NA,0,0,37.38
4512,4,"Eastfield",11,girl,0.42,0,0.36,11.27,0,NA,0,0,22.81
4513,10,"Southport",36,girl,0.47,0,0.37,23.2,0,NA,0,0,26.72
4514,9,"Greenmeadow",30,boy,0.7,0,0.91,4,0,NA,0,0,6.58
4515,1,"Northgate",1,boy,-0.69,0,0.73,38.94,0,NA,0,0,23.86
4516,3,"Millbrook",7,boy,0.56,0,0.41,20.37,0,NA,0,0,28.08
4517,7,"Station",23,boy,-0.37,0,0.29,49.08,0,NA,0,0,43.33
4518,10,"Southport",35,girl,0.99,0,0.33,43.01,0,NA,0,0,36.41
4519,8,"Riverside",28,girl,-0.12,0,0.6,29.06,0,NA,0,0,24.24
4520,6,"Old Town",18,boy,0.36,1,0.32,45.45,0,NA,0,0,45.79
4521,8,"Riverside",27,girl,2.74,0,0.53,14.06,0,NA,0,0,15.24
4522,7,"Station",24,girl,0,0,0.12,32.88,0,NA,0,0,30.9
4523,5,"Westbank",15,boy,-1.07,0,0.6,33.87,0,NA,0,0,34.59
4524,7,"Station",23,boy,0.86,0,0,33.47,0,NA,0,0,35.18
4525,1,"Northgate",2,boy,0.09,0,0.54,23.1,0,NA,0,0,20.82
4526,8,"Riverside",29,girl,-0.7,0,0.56,19.79,0,NA,0,0,24.74
4527,10,"Southport",35,boy,1.09,0,0.3,32.96,0,NA,0,0,31.12
4528,1,"Northgate",2,girl,-0.24,0,0.53,29.07,0,NA,1,1,27.99
4529,5,"Westbank",16,girl,1.58,0,0.67,23.88,0,NA,0,0,25.75
4530,6,"Old Town",17,girl,-0.89,0,0.25,52,1,37.78,0,0,41.85
4531,5,"Westbank",13,boy,1.3,0,0.57,21.21,1,25.35,0,0,26.97
4532,8,"Riverside",29,boy,0.03,0,0.57,13.71,0,NA,1,0,18.61
4533,12,"Harbour",40,girl,0.68,1,0.45,27.98,0,NA,1,0,26.04
4534,7,"Station",26,girl,0.42,1,0.37,34.27,0,NA,0,0,39.4
4535,6,"Old Town",19,girl,-0.25,0,0,51.39,0,NA,0,0,41.77
4536,9,"Greenmeadow",30,girl,0.63,0,0.65,14.09,0,NA,0,0,15.19
4537,8,"Riverside",28,boy,-1.1,1,0.47,16.44,0,NA,1,1,22.28
4538,7,"Station",22,boy,0.57,0,0.17,42.72,0,NA,0,0,39.31
4539,3,"Millbrook",8,boy,0.49,1,0.32,25.16,0,NA,0,0,29.36
4540,3,"Millbrook",8,girl,0.59,0,0.26,21.89,0,NA,0,0,30.36
4541,2,"Hillcrest",6,girl,-0.13,0,0.91,15.21,0,NA,0,0,11.8
4542,2,"Hillcrest",4,girl,0.07,0,0.61,22.97,0,NA,0,0,20.33
4543,2,"Hillcrest",4,girl,1.5,0,0.73,22.44,0,NA,0,0,14.55
4544,3,"Millbrook",9,boy,-0.53,0,0.46,27.73,0,NA,0,0,25.15
4545,7,"Station",25,boy,-0.06,0,0.21,49.58,0,NA,1,1,44.53
4546,1,"Northgate",3,girl,0.16,0,0.64,18.39,0,NA,0,0,19.68
4547,12,"Harbour",40,boy,0.8,0,0.34,26.42,0,NA,0,0,25.55
4548,7,"Station",26,girl,-0.07,0,0.27,37.52,0,NA,0,0,35.59
4549,10,"Southport",33,boy,-0.26,1,0.23,31.97,0,NA,0,0,31.79
4550,10,"Southport",35,girl,1.62,0,0.42,30.84,0,NA,0,0,28.99
4551,1,"Northgate",3,boy,0.09,0,0.34,20.24,0,NA,0,0,23.09
4552,3,"Millbrook",9,boy,0.03,0,0.44,25.34,0,NA,0,0,23.08
4553,9,"Greenmeadow",30,girl,0.41,0,0.89,8.78,0,NA,0,0,12.73
4554,7,"Station",25,boy,0.42,0,0.22,45.45,0,NA,0,0,39.82
4555,6,"Old Town",19,girl,-1.04,1,0.28,43.89,0,NA,0,0,42.18
4556,1,"Northgate",1,girl,0.61,0,0.67,27.51,0,NA,0,0,19.83
4557,8,"Riverside",29,boy,-0.37,0,0.9,18.11,0,NA,0,0,17.15
4558,7,"Station",22,girl,0.65,0,0.37,29.93,0,NA,1,0,36.7
4559,3,"Millbrook",8,girl,-0.6,0,0.5,25.79,0,NA,0,0,26.36
4560,5,"Westbank",15,girl,-0.24,1,0.51,36.13,0,NA,1,1,28.35
4561,11,"Lakeside",38,girl,1.47,0,0.62,18.97,0,NA,0,0,20.67
4562,5,"Westbank",16,boy,-1.24,0,0.47,24.45,0,NA,0,0,27.53
4563,7,"Station",26,girl,0.42,1,0.42,43.15,0,NA,0,0,45.83
4564,6,"Old Town",21,girl,-0.49,0,0.35,43.86,0,NA,0,0,39.58
4565,9,"Greenmeadow",30,boy,1.2,0,0.84,4,0,NA,0,0,9.6
4566,9,"Greenmeadow",32,boy,-0.9,1,0.8,10.6,0,NA,0,0,9.19
4567,7,"Station",22,boy,0.17,0,0.27,33.33,0,NA,0,1,37.38
4568,7,"Station",23,boy,-0.12,0,0.34,42.15,0,NA,1,0,39.65
4569,2,"Hillcrest",5,girl,0.47,0,0.59,35.35,0,NA,0,0,23.55
4570,5,"Westbank",16,boy,0.98,0,0.71,26.56,0,NA,0,0,24.32
4571,7,"Station",25,boy,-1.29,0,0.33,27.21,0,NA,0,0,36.19
4572,8,"Riverside",27,boy,-0.72,0,0.57,24.44,0,NA,1,1,19.74
4573,7,"Station",22,boy,-1.49,0,0.17,28.35,0,NA,0,0,39.02
4574,8,"Riverside",29,girl,-0.11,1,0.6,20.4,0,NA,1,1,21.19
4575,7,"Station",23,boy,-0.98,1,0.49,35.74,0,NA,1,1,35.07
4576,6,"Old Town",21,boy,-1.19,1,0.23,43.18,0,NA,0,0,43.53
4577,3,"Millbrook",7,girl,-2.04,0,0.45,44.11,0,NA,0,0,39.74
4578,1,"Northgate",2,boy,-1.06,1,0.57,26.73,1,26.95,0,0,24.21
4579,3,"Millbrook",7,boy,0.23,0,0.36,22.17,0,NA,0,0,22.96
4580,4,"Eastfield",12,girl,-0.75,0,0.59,21.75,0,NA,0,0,24.22
4581,4,"Eastfield",12,girl,0,0,0.32,20.88,0,NA,0,0,21.91
4582,1,"Northgate",1,boy,-2.64,1,0.45,27.5,0,NA,0,0,30.94
4583,8,"Riverside",28,boy,-0.27,0,0.63,36.09,0,NA,0,0,31.63
4584,10,"Southport",33,boy,-0.22,1,0.23,39.67,0,NA,1,1,34.56
4585,3,"Millbrook",8,girl,0.39,0,0.59,22.72,0,NA,1,0,25.38
4586,6,"Old Town",21,girl,0.63,1,0.22,46.71,0,NA,1,1,41.26
4587,8,"Riverside",28,girl,1.19,0,0.36,27.72,0,NA,0,0,25.69
4588,8,"Riverside",27,girl,0.73,0,0.55,28.73,0,NA,1,0,23.5
4589,5,"Westbank",13,boy,-0.14,1,0.55,11.11,0,NA,0,0,20.65
4590,3,"Millbrook",7,girl,-0.58,1,0.52,34.49,0,NA,0,0,28.51
4591,10,"Southport",33,girl,-0.38,0,0.25,35.57,0,NA,1,1,33.04
4592,2,"Hillcrest",5,boy,1.48,0,0.53,12.06,0,NA,0,0,9.19
4593,7,"Station",26,girl,-1.76,1,0.39,47.32,0,NA,0,0,42
4594,8,"Riverside",29,boy,1.03,0,0.57,24.11,0,NA,0,0,24.39
4595,6,"Old Town",21,girl,-0.87,0,0.25,37.39,0,NA,1,1,39.76
4596,2,"Hillcrest",4,girl,1.2,0,0.71,10.33,0,NA,0,0,9.83
4597,12,"Harbour",39,girl,1.17,0,0.51,30.02,0,NA,0,0,34.64
4598,10,"Southport",36,girl,0.02,0,0.24,22.91,0,NA,1,1,25.85
4599,10,"Southport",35,boy,-0.18,0,0.27,26.84,0,NA,0,0,26.19
4600,6,"Old Town",18,boy,-0.32,0,0.17,42.73,0,NA,0,0,41.62
4601,12,"Harbour",39,girl,-0.14,1,0.41,47.88,0,NA,1,1,36.3
4602,3,"Millbrook",10,girl,-0.24,0,0.16,32.1,0,NA,0,0,32.28
4603,11,"Lakeside",38,boy,-0.38,0,0.92,19.67,0,NA,0,0,16.47
4604,1,"Northgate",2,boy,0.39,0,0.44,42.32,0,NA,0,0,31.6
4605,7,"Station",25,girl,-1.06,0,0.1,40.89,0,NA,0,0,43.54
4606,1,"Northgate",2,girl,1.01,0,0.48,15.62,0,NA,0,0,22.01
4607,12,"Harbour",39,boy,0.52,0,0.31,41.32,0,NA,0,0,37.77
4608,1,"Northgate",2,girl,-0.43,1,0.51,25.66,0,NA,1,1,22.26
4609,6,"Old Town",18,boy,-0.5,1,0.19,41.85,0,NA,0,0,39.53
4610,6,"Old Town",20,boy,-0.55,1,0.18,41.45,0,NA,0,0,40.77
4611,2,"Hillcrest",5,boy,-0.14,0,0.64,14.53,0,NA,0,0,18.45
4612,7,"Station",22,girl,-1.49,0,0,54.21,0,NA,0,0,46.54
4613,4,"Eastfield",12,girl,-1.62,1,0.39,23.72,1,23.37,0,0,23.53
4614,5,"Westbank",15,boy,0.58,0,0.38,22.17,1,26.74,0,0,27.42
4615,9,"Greenmeadow",30,boy,1.43,0,0.56,12.41,0,NA,1,1,14.73
4616,10,"Southport",33,boy,-1.36,1,0.51,29,0,NA,0,0,24.85
4617,3,"Millbrook",7,girl,1.55,0,0.53,21.78,0,NA,0,0,18.72
4618,6,"Old Town",20,boy,-0.17,0,0.24,37.83,0,NA,0,0,40.82
4619,6,"Old Town",19,girl,-0.72,1,0.12,39.06,0,NA,0,0,45.27
4620,3,"Millbrook",9,girl,-1.2,0,0.47,23.97,0,NA,0,0,25.7
4621,9,"Greenmeadow",31,girl,1.05,0,0.85,14.54,0,NA,0,0,14.2
4622,10,"Southport",33,girl,0.17,0,0.38,25.44,0,NA,1,0,26.58
4623,7,"Station",26,boy,0.69,0,0.11,37.43,0,NA,0,0,42.79
4624,3,"Millbrook",7,boy,-0.37,0,0.33,31.54,0,NA,0,0,24.3
4625,10,"Southport",34,boy,-0.13,0,0.18,27.72,0,NA,0,0,33.5
4626,1,"Northgate",3,boy,0.98,0,0.74,19.89,0,NA,0,0,17.14
4627,6,"Old Town",17,boy,-1.61,1,0.34,38.73,0,NA,0,0,41.37
4628,9,"Greenmeadow",32,girl,0,0,0.77,19.87,0,NA,0,0,16
4629,10,"Southport",34,boy,0.08,0,0.29,30.91,0,NA,0,0,26.87
4630,9,"Greenmeadow",32,boy,-0.19,0,0.8,14.03,0,NA,0,0,10.83
4631,7,"Station",22,girl,0.1,1,0.3,45.56,1,34.26,0,0,33.73
4632,1,"Northgate",1,girl,1.25,0,0.48,17.72,1,18.85,0,0,18.43
4633,11,"Lakeside",37,girl,-0.59,0,0.87,17.54,0,NA,0,0,21.2
4634,6,"Old Town",17,girl,1.45,0,0.17,32.72,0,NA,0,0,38.04
4635,7,"Station",25,boy,1.69,0,0.23,28.6,0,NA,0,0,32.59
4636,9,"Greenmeadow",30,boy,0.93,0,0.69,16.68,0,NA,0,0,11.98
4637,6,"Old Town",20,girl,0.06,1,0.14,35.83,0,NA,0,0,33.9
4638,1,"Northgate",2,girl,-0.84,0,0.57,25.94,0,NA,0,0,27.41
4639,3,"Millbrook",9,girl,-0.24,0,0.35,29.41,0,NA,0,0,24.97
4640,2,"Hillcrest",6,boy,-0.8,0,0.84,4.24,0,NA,0,0,12.62
4641,9,"Greenmeadow",32,girl,0.85,0,0.79,10.38,0,NA,0,0,9.36
4642,10,"Southport",34,boy,1.29,0,0.39,40.52,0,NA,0,0,34.66
4643,10,"Southport",35,boy,2.55,0,0.13,23.54,0,NA,0,0,27.67
4644,6,"Old Town",21,girl,0,1,0.13,42.85,0,NA,1,0,41.74
4645,11,"Lakeside",37,boy,0.54,0,0.58,16.91,0,NA,0,0,8.14
4646,6,"Old Town",21,girl,0.64,0,0.24,41.71,0,NA,0,0,34.97
4647,1,"Northgate",3,boy,1.3,1,0.71,23.81,0,NA,0,0,23.25
4648,2,"Hillcrest",5,girl,0.25,0,1,16.2,0,NA,0,0,16.75
4649,2,"Hillcrest",5,boy,-0.31,0,0.73,19.02,0,NA,1,1,14.25
4650,12,"Harbour",39,boy,-1.2,0,0.12,39.74,0,NA,0,0,46.99
4651,2,"Hillcrest",6,boy,2.2,0,0.59,17.94,0,NA,0,0,15.14
4652,8,"Riverside",27,boy,0.63,0,0.37,24.66,0,NA,0,0,23.11
4653,12,"Harbour",40,girl,0.27,0,0.11,38.82,0,NA,0,0,38.08
4654,2,"Hillcrest",5,girl,1.64,0,0.68,16.06,0,NA,0,0,13.09
4655,6,"Old Town",17,girl,-0.18,0,0.19,37.13,0,NA,0,0,39.54
4656,1,"Northgate",3,boy,0.71,0,0.64,16.23,0,NA,0,0,16.64
4657,1,"Northgate",3,girl,0.8,0,0.53,10.7,0,NA,0,0,18.37
4658,7,"Station",26,boy,-0.37,1,0.06,46.02,0,NA,1,1,38.97
4659,11,"Lakeside",38,boy,-0.23,0,0.74,32.93,0,NA,0,0,19.12
4660,5,"Westbank",13,boy,0.4,0,0.66,22.28,0,NA,0,0,28.93
4661,8,"Riverside",28,boy,-0.05,0,0.67,28.89,0,NA,0,0,24.74
4662,6,"Old Town",17,girl,-0.67,0,0.21,36.21,0,NA,0,0,40.31
4663,10,"Southport",36,boy,0.43,0,0.34,27.87,0,NA,0,0,24.75
4664,7,"Station",25,boy,-0.18,0,0,32.98,0,NA,0,0,37.15
4665,10,"Southport",34,girl,-0.46,1,0.35,32.22,0,NA,1,0,34.4
4666,12,"Harbour",40,girl,-1.86,1,0.29,42.77,0,NA,0,0,38.29
4667,7,"Station",25,boy,-0.21,0,0.11,39.48,0,NA,1,1,41.17
4668,8,"Riverside",27,boy,-2.3,1,0.61,25.1,0,NA,0,0,23.96
4669,5,"Westbank",13,boy,1.5,1,0.44,24.99,0,NA,0,0,23.97
4670,3,"Millbrook",7,girl,1.65,1,0.34,33.43,0,NA,0,0,19.88
4671,3,"Millbrook",7,boy,-0.07,0,0.56,25.22,1,21.86,0,0,24.55
4672,3,"Millbrook",10,girl,0.73,0,0.3,27.49,0,NA,0,0,31.88
4673,5,"Westbank",13,girl,-0.46,0,0.38,33.18,1,34.18,0,0,33.24
4674,1,"Northgate",1,boy,0.41,0,0.62,31.29,0,NA,0,0,26.17
4675,5,"Westbank",14,girl,0.13,0,0.49,21.17,0,NA,0,0,22.99
4676,4,"Eastfield",11,boy,-0.94,0,0.27,43.85,0,NA,0,0,34.72
4677,1,"Northgate",3,boy,0.29,0,0.48,24.18,0,NA,0,0,25.21
4678,2,"Hillcrest",6,boy,-0.84,1,0.6,27.24,0,NA,0,0,14.27
4679,2,"Hillcrest",4,boy,0.61,1,0.63,20.29,0,NA,0,0,15.04
4680,7,"Station",25,girl,0.04,0,0.28,35.03,0,NA,0,0,38.76
4681,8,"Riverside",27,boy,-0.76,1,0.38,19.85,0,NA,1,1,23.17
4682,10,"Southport",33,boy,0.55,1,0.39,26.07,0,NA,0,0,29.98
4683,10,"Southport",36,girl,-0.79,1,0,29.01,0,NA,0,0,31.66
4684,9,"Greenmeadow",32,boy,0.67,0,0.56,12.19,0,NA,0,0,10.61
4685,4,"Eastfield",12,boy,0,0,0.43,17.93,0,NA,0,0,21.08
4686,7,"Station",22,boy,-0.16,0,0.07,45.49,1,50.01,0,0,47.7
4687,6,"Old Town",17,girl,1,0,0.19,43.04,0,NA,0,0,39.61
4688,6,"Old Town",17,girl,1.84,0,0.22,25.3,0,NA,0,0,33.42
4689,12,"Harbour",39,girl,0.67,1,0.38,50.64,0,NA,1,1,39.24
4690,4,"Eastfield",11,girl,-1.6,0,0.49,24.84,0,NA,0,0,27.77
4691,2,"Hillcrest",6,boy,2.86,0,0.65,10.01,0,NA,0,0,17.68
4692,8,"Riverside",29,girl,-0.11,0,0.58,31.88,0,NA,0,0,22.89
4693,5,"Westbank",14,girl,1.02,1,0.53,22.02,0,NA,0,0,28.58
4694,2,"Hillcrest",6,boy,0.6,0,0.67,14.9,0,NA,0,0,16.36
4695,7,"Station",23,boy,0.36,0,0.08,35.26,0,NA,0,0,41
4696,8,"Riverside",28,boy,1.05,1,0.56,13.19,0,NA,0,0,9.9
4697,6,"Old Town",20,boy,1.05,0,0,40.29,0,NA,0,0,45.13
4698,11,"Lakeside",37,boy,-0.62,1,0.62,11.38,0,NA,0,0,11.86
4699,12,"Harbour",40,boy,0,0,0.22,33.26,0,NA,0,0,35.28
4700,11,"Lakeside",38,boy,-0.64,0,0.76,4.98,0,NA,1,1,17.96
4701,10,"Southport",33,girl,-1.35,0,0.38,33.47,0,NA,1,0,33.27
4702,12,"Harbour",40,girl,1.04,0,0.54,31.77,0,NA,0,0,34.76
4703,9,"Greenmeadow",31,boy,0.74,1,1,11.93,0,NA,0,0,8.27
4704,5,"Westbank",13,boy,1.21,0,0.5,15.87,0,NA,0,0,24.51
4705,4,"Eastfield",12,boy,0.84,0,0.38,23.47,0,NA,0,0,27.47
4706,7,"Station",26,girl,2.14,1,0.15,36.23,0,NA,0,0,41.45
4707,8,"Riverside",27,girl,0.74,0,0.74,20.8,0,NA,0,0,21.2
4708,1,"Northgate",3,boy,-0.48,0,0.44,20.12,0,NA,1,0,21.33
4709,6,"Old Town",19,girl,0.34,0,0.24,32.2,0,NA,0,0,37.12
4710,3,"Millbrook",10,boy,1.15,0,0.47,28.52,0,NA,0,0,24.42
4711,1,"Northgate",2,boy,0.79,0,0.29,23.7,0,NA,0,0,27.71
4712,10,"Southport",33,girl,-1.28,0,0.14,31.94,0,NA,1,0,37.88
4713,10,"Southport",35,girl,0.59,0,0.24,40.41,0,NA,0,0,33.21
4714,9,"Greenmeadow",30,girl,0.16,0,0.76,21.35,0,NA,0,0,19.88
4715,11,"Lakeside",38,girl,1.27,1,0.79,9.7,0,NA,0,0,10.38
4716,1,"Northgate",3,boy,-0.91,0,0.6,23.11,0,NA,1,0,25.06
4717,3,"Millbrook",9,boy,-0.39,0,0.57,21.23,0,NA,0,0,23.11
4718,12,"Harbour",39,girl,-1.86,0,0.32,25.91,0,NA,0,0,35.15
4719,1,"Northgate",1,boy,-1.73,1,0.52,29.02,0,NA,0,0,24.53
4720,10,"Southport",33,girl,-0.55,0,0.58,23.62,1,27.75,0,0,26.22
4721,4,"Eastfield",12,boy,0.21,1,0.22,29.81,0,NA,0,0,31.47
4722,6,"Old Town",21,girl,-0.67,1,0.19,41.12,0,NA,0,0,41.7
4723,4,"Eastfield",12,girl,-0.71,0,0.29,24.96,0,NA,0,0,29
4724,7,"Station",23,girl,0.19,1,0.3,27.72,0,NA,0,0,31.86
4725,7,"Station",24,girl,-1.64,0,0.25,36.78,0,NA,1,0,33.84
4726,7,"Station",24,boy,0.29,1,0.38,34.51,0,NA,0,0,32.04
4727,8,"Riverside",28,boy,-0.35,0,0.48,20.64,0,NA,1,1,24.77
4728,2,"Hillcrest",5,girl,0.03,0,0.7,9.75,0,NA,0,0,20
4729,7,"Station",22,boy,-0.24,0,0.35,24.54,0,NA,0,0,34.6
4730,7,"Station",23,boy,0.93,0,0.37,48.58,0,NA,0,0,42.45
4731,5,"Westbank",13,girl,-1.41,0,0.59,32.6,0,NA,0,0,33.12
4732,1,"Northgate",3,girl,-0.63,0,0.66,29.38,0,NA,1,1,22.87
4733,4,"Eastfield",12,girl,-0.91,1,0.38,24.01,0,NA,1,1,29.75
4734,9,"Greenmeadow",30,girl,1.17,1,0.88,7.19,1,7.67,0,0,10.8
4735,9,"Greenmeadow",30,girl,1.8,0,0.82,10.16,0,NA,0,0,13.56
4736,11,"Lakeside",37,girl,2.02,1,0.84,14.11,0,NA,0,0,14.6
4737,12,"Harbour",39,girl,-0.16,0,0.35,35.1,0,NA,0,0,35.32
4738,6,"Old Town",21,girl,0.93,0,0.32,33.6,0,NA,0,0,33.7
4739,5,"Westbank",14,boy,0.02,0,0.44,28.2,0,NA,1,0,29.24
4740,7,"Station",26,boy,1.02,0,0,40.91,0,NA,0,0,40.16
4741,3,"Millbrook",7,boy,-0.99,0,0.27,35.63,0,NA,0,0,28.19
4742,7,"Station",23,girl,-0.03,1,0.28,40.66,0,NA,0,0,38.66
4743,7,"Station",23,girl,-0.32,0,0.38,43.15,0,NA,1,1,41.45
4744,6,"Old Town",17,girl,-0.06,0,0.12,39.16,0,NA,0,0,41.78
4745,8,"Riverside",27,boy,1.68,0,0.57,20.07,0,NA,0,0,18.69
4746,6,"Old Town",21,girl,0.25,0,0.16,43.7,0,NA,0,0,40.16
4747,8,"Riverside",28,girl,0.63,0,0.68,19.48,0,NA,0,0,18.96
4748,10,"Southport",36,girl,-0.17,0,0.43,29.19,0,NA,0,0,29.92
4749,5,"Westbank",13,girl,0.48,0,0.63,23.66,0,NA,0,0,23.79
4750,4,"Eastfield",12,girl,0.23,0,0.42,16.09,0,NA,0,0,18.73
4751,5,"Westbank",16,girl,0.4,0,0.36,39.09,0,NA,1,1,29.5
4752,3,"Millbrook",9,girl,0.09,0,0.4,29.1,0,NA,0,0,28.11
4753,7,"Station",23,boy,0.07,0,0.16,46.81,0,NA,1,1,44.01
4754,12,"Harbour",40,boy,-1.33,1,0,43.22,0,NA,0,0,39.47
4755,7,"Station",26,boy,-1.68,0,0.13,46.09,0,NA,0,0,43.23
4756,11,"Lakeside",37,girl,-1.11,0,0.97,17.04,0,NA,1,0,15.11
4757,8,"Riverside",29,boy,-0.48,0,0.66,12.59,1,20.55,1,1,18.46
4758,9,"Greenmeadow",31,girl,0.18,0,0.9,7.2,0,NA,0,0,15.31
4759,12,"Harbour",40,boy,0.11,0,0.34,21.14,0,NA,1,0,34.19
4760,9,"Greenmeadow",32,girl,0.71,1,0.91,4,0,NA,0,0,12.87
4761,10,"Southport",35,girl,0.63,0,0.25,30.85,0,NA,0,0,28.77
4762,6,"Old Town",18,boy,0.12,0,0.44,52.1,0,NA,0,0,46.95
4763,10,"Southport",34,girl,0.49,0,0.04,33.17,0,NA,0,0,33.63
4764,8,"Riverside",29,boy,-0.19,1,0.44,18.31,0,NA,0,0,24.99
4765,8,"Riverside",29,boy,0.82,0,0.48,16.97,0,NA,0,0,21.38
4766,7,"Station",22,girl,-0.22,1,0.37,37.34,0,NA,0,0,36.4
4767,12,"Harbour",40,boy,0.41,0,0.23,25.65,0,NA,0,0,31.6
4768,5,"Westbank",13,boy,-0.8,0,0.43,25.87,0,NA,1,0,26.43
4769,7,"Station",24,boy,-1.53,0,0.28,38.89,1,38.82,0,0,41.35
4770,6,"Old Town",18,boy,-1.92,0,0.05,41.41,0,NA,0,0,42.02
4771,11,"Lakeside",38,boy,0.82,0,0.7,8.11,0,NA,0,0,12.62
4772,2,"Hillcrest",6,boy,0.02,0,0.76,19.81,0,NA,1,1,21.15
4773,1,"Northgate",2,boy,1.61,0,0.19,29.21,0,NA,0,0,26.91
4774,3,"Millbrook",7,boy,-0.15,0,0.34,31.89,0,NA,1,0,24.63
4775,12,"Harbour",40,girl,-0.29,0,0.4,25.3,0,NA,1,1,34.18
4776,3,"Millbrook",8,boy,-1.08,0,0.39,23.94,0,NA,0,0,26.35
4777,5,"Westbank",16,girl,-0.51,1,0.5,25.25,0,NA,0,0,24.12
4778,11,"Lakeside",38,girl,0.7,0,0.73,21.86,0,NA,0,0,17.63
4779,5,"Westbank",14,boy,1.69,0,0.54,32.44,0,NA,0,0,28.96
4780,10,"Southport",33,girl,-0.12,0,0.3,28.82,0,NA,0,0,31.98
4781,9,"Greenmeadow",32,girl,-0.45,0,0.74,28,0,NA,0,0,14.48
4782,12,"Harbour",39,girl,0.51,0,0.06,32.69,0,NA,0,0,35.97
4783,2,"Hillcrest",5,boy,-0.25,1,0.58,19.13,0,NA,0,0,18.74
4784,2,"Hillcrest",6,girl,0.49,0,0.78,22.24,0,NA,0,0,24.42
4785,6,"Old Town",19,girl,0.61,0,0.18,37.67,0,NA,0,0,42.52
4786,5,"Westbank",13,boy,1.32,0,0.72,16.89,0,NA,0,0,26.33
4787,3,"Millbrook",9,girl,-0.15,0,0.44,21.75,0,NA,0,0,24.33
4788,2,"Hillcrest",4,boy,0.26,0,0.72,28.05,0,NA,0,0,23.19
4789,2,"Hillcrest",4,boy,0.14,0,0.61,10.52,0,NA,1,0,15.32
4790,6,"Old Town",20,girl,-1.62,1,0,44.86,0,NA,1,1,43.77
4791,6,"Old Town",18,boy,-0.42,0,0.26,35.19,0,NA,1,1,37.73
4792,6,"Old Town",20,boy,-1.2,1,0.22,45.2,0,NA,1,0,43.18
4793,3,"Millbrook",7,boy,-0.93,0,0.51,30.06,0,NA,0,0,28.52
4794,6,"Old Town",21,boy,1.14,0,0.36,45.72,0,NA,0,0,43.13
4795,6,"Old Town",21,girl,0.76,0,0,41.96,1,45.51,0,0,43.19
4796,9,"Greenmeadow",32,boy,-0.9,0,0.86,21.62,0,NA,0,0,18.3
4797,6,"Old Town",17,girl,-0.8,0,0.4,44.82,0,NA,0,0,44.76
4798,3,"Millbrook",7,girl,-1.03,1,0.38,41.2,0,NA,0,0,29.8
4799,4,"Eastfield",12,boy,-0.65,0,0.23,25.53,0,NA,0,0,28.91
4800,4,"Eastfield",11,girl,0.48,1,0.25,19.85,0,NA,0,0,25.65
4801,6,"Old Town",20,boy,0.48,0,0,51.23,0,NA,0,0,46.82
4802,1,"Northgate",3,boy,0.25,0,0.64,16.19,0,NA,0,0,16.4
4803,5,"Westbank",15,boy,1.07,0,0.6,27.18,0,NA,0,0,22.8
4804,12,"Harbour",40,girl,-0.35,0,0.22,41.81,0,NA,0,0,35.04
4805,12,"Harbour",39,boy,0.51,0,0.27,35.95,0,NA,0,0,36.21
4806,8,"Riverside",29,girl,0.51,0,0.44,27.53,0,NA,0,0,21.22
4807,7,"Station",23,girl,-0.72,1,0.43,33.07,0,NA,1,0,31.8
4808,11,"Lakeside",38,boy,-1.01,0,0.79,13.84,0,NA,1,1,9.38
4809,7,"Station",23,boy,-0.29,0,0.18,32.81,0,NA,1,0,32
4810,9,"Greenmeadow",31,girl,-0.01,0,1,12.6,0,NA,0,0,14.51
4811,5,"Westbank",15,boy,-0.01,0,0.66,23.55,0,NA,0,0,23.93
4812,4,"Eastfield",11,boy,0.29,0,0.29,25.43,0,NA,0,0,25.29
4813,5,"Westbank",16,boy,-0.63,0,0.51,14.05,0,NA,0,0,21.37
4814,3,"Millbrook",9,boy,-0.33,0,0.42,24.61,0,NA,0,0,25.86
4815,3,"Millbrook",9,girl,-0.38,0,0.37,24.36,0,NA,0,0,30.06
4816,9,"Greenmeadow",30,boy,-1.31,0,0.58,12.44,0,NA,0,0,16.83
4817,6,"Old Town",19,girl,-0.07,0,0.03,47.39,0,NA,0,0,40.04
4818,4,"Eastfield",11,girl,-0.99,1,0.14,30.89,0,NA,0,0,26.12
4819,6,"Old Town",21,boy,-0.2,0,0.06,46.12,0,NA,0,0,42.58
4820,10,"Southport",34,girl,-0.62,0,0.32,22.23,0,NA,0,0,26.02
4821,8,"Riverside",28,boy,0.37,0,0.48,22.07,0,NA,0,0,23.48
4822,12,"Harbour",40,boy,-0.09,0,0.17,32.11,0,NA,0,0,33.62
4823,3,"Millbrook",8,boy,-0.59,0,0.14,22.83,1,24.58,0,1,24.16
4824,5,"Westbank",13,girl,0.23,1,0.41,22.05,1,26.05,0,0,29.27
4825,6,"Old Town",19,boy,-1.22,1,0.24,41.46,0,NA,0,0,41.04
4826,3,"Millbrook",10,boy,-0.68,0,0.35,19.36,0,NA,0,1,18.85
4827,5,"Westbank",13,boy,-0.57,1,0.53,34.57,0,NA,0,0,25.52
4828,2,"Hillcrest",4,girl,0.17,0,0.8,10.77,0,NA,0,0,15.29
4829,5,"Westbank",13,girl,-1.26,0,0.46,38.1,0,NA,0,0,31.93
4830,8,"Riverside",29,boy,1.32,0,0.79,21.55,0,NA,0,0,16.63
4831,6,"Old Town",19,boy,0.62,0,0.03,31.94,0,NA,0,0,37.6
4832,5,"Westbank",15,boy,-1.04,0,0.69,19.31,0,NA,0,0,24.55
4833,6,"Old Town",19,girl,0.44,1,0,50.02,0,NA,0,0,42.98
4834,5,"Westbank",14,boy,0.44,0,0.41,29.33,0,NA,0,0,22.17
4835,3,"Millbrook",7,boy,0.62,0,0.51,25.99,0,NA,0,0,17.83
4836,3,"Millbrook",10,girl,0.2,0,0.58,33.58,0,NA,0,0,27.69
4837,4,"Eastfield",11,boy,0.37,1,0.33,37.27,0,NA,0,0,38.5
4838,6,"Old Town",20,girl,-1.14,1,0.12,37.63,0,NA,0,0,38.08
4839,6,"Old Town",20,girl,-0.28,0,0,36.88,0,NA,0,0,33.39
4840,6,"Old Town",20,boy,0.96,0,0.13,53.15,0,NA,0,0,45.36
4841,2,"Hillcrest",6,boy,1.26,0,0.87,5.29,0,NA,1,0,6.47
4842,12,"Harbour",39,girl,-1.24,0,0.24,40.93,0,NA,0,0,38.92
4843,6,"Old Town",21,girl,-0.11,0,0.09,36.01,0,NA,0,0,38.94
4844,5,"Westbank",14,girl,0.9,0,0.55,21.12,0,NA,0,0,23.25
4845,1,"Northgate",2,girl,-0.13,0,0.49,29.62,0,NA,0,0,28.95
4846,5,"Westbank",14,girl,-0.97,1,0.39,36.83,0,NA,0,0,27.65
4847,4,"Eastfield",11,boy,0.21,0,0.48,20.39,0,NA,0,0,25.71
4848,1,"Northgate",2,girl,1.36,0,0.72,18.07,0,NA,0,0,22.06
4849,3,"Millbrook",8,boy,0.19,1,0.34,32.44,0,NA,0,0,30.85
4850,11,"Lakeside",37,boy,-2.13,0,0.78,6.33,0,NA,1,0,13.29
4851,10,"Southport",35,girl,0.28,0,0.32,20.4,0,NA,0,0,30.4
4852,8,"Riverside",29,boy,0.45,0,0.62,21.8,0,NA,0,0,22.09
4853,1,"Northgate",3,girl,-0.22,0,0.62,37.01,0,NA,0,0,27.29
4854,12,"Harbour",39,boy,-0.46,0,0.45,33.42,0,NA,0,0,32.82
4855,7,"Station",26,girl,0.2,0,0.24,33.45,0,NA,0,0,34.53
4856,4,"Eastfield",11,girl,-0.81,0,0.29,29.5,0,NA,0,0,30.09
4857,10,"Southport",33,girl,0.18,0,0.32,49.8,0,NA,0,0,39.72
4858,5,"Westbank",15,girl,0.09,0,0.42,27.6,0,NA,0,0,30.47
4859,7,"Station",24,boy,-0.3,0,0.15,42.39,0,NA,0,0,37.55
4860,11,"Lakeside",37,girl,2.09,0,0.77,6.24,1,7.1,0,0,9.95
4861,6,"Old Town",21,boy,-0.35,1,0.26,36.17,0,NA,0,0,36.82
4862,9,"Greenmeadow",31,boy,0.43,0,0.98,23.31,0,NA,0,0,16.9
4863,5,"Westbank",16,boy,1.08,1,0.28,25.19,0,NA,0,0,29.36
4864,11,"Lakeside",38,girl,0.35,0,0.76,26.95,0,NA,1,0,16.74
4865,4,"Eastfield",11,boy,0.53,0,0.24,33.17,0,NA,0,0,28.61
4866,12,"Harbour",40,boy,1.24,0,0.23,42.03,0,NA,0,0,38.99
4867,9,"Greenmeadow",32,girl,-0.09,0,0.91,18.04,0,NA,0,0,12.48
4868,2,"Hillcrest",5,boy,0.59,1,0.59,11.46,0,NA,1,1,13.64
4869,12,"Harbour",40,boy,-1.35,0,0.3,32.3,0,NA,1,1,38.75
4870,9,"Greenmeadow",32,girl,-0.36,1,0.84,4,0,NA,0,0,7.69
4871,12,"Harbour",39,girl,1.23,0,0.28,25.3,1,31.55,1,0,31
4872,9,"Greenmeadow",32,boy,-0.21,0,0.74,19.88,0,NA,0,0,17.41
4873,9,"Greenmeadow",32,boy,1.52,0,0.76,15.51,0,NA,0,0,12.45
4874,4,"Eastfield",12,boy,0.15,0,0.44,17.87,0,NA,1,0,22.11
4875,12,"Harbour",40,boy,0.99,0,0.3,33.48,0,NA,0,0,35.86
4876,1,"Northgate",2,girl,-1.22,1,0.78,18.54,0,NA,0,0,24.95
4877,11,"Lakeside",37,boy,0.74,0,0.74,27.7,0,NA,0,0,19.12
4878,1,"Northgate",3,girl,-1.51,1,0.66,20.58,0,NA,1,1,15.56
4879,10,"Southport",34,girl,-0.26,1,0.11,34.98,0,NA,0,0,34.68
4880,6,"Old Town",21,girl,1.02,0,0,45.9,0,NA,0,0,41
4881,7,"Station",26,boy,0.23,0,0.11,32.55,0,NA,1,1,37.97
4882,6,"Old Town",17,girl,-0.85,0,0,43.1,0,NA,0,0,47.6
4883,6,"Old Town",21,girl,1.08,0,0,49.96,0,NA,0,0,44.51
4884,9,"Greenmeadow",32,boy,0.65,0,1,11.23,0,NA,0,0,7.75
4885,7,"Station",25,boy,-0.72,1,0.33,45.22,0,NA,0,0,38.73
4886,5,"Westbank",14,boy,0.47,1,0.47,38.38,0,NA,0,0,29.96
4887,2,"Hillcrest",4,boy,-0.97,0,0.7,16.17,0,NA,1,0,19.76
4888,10,"Southport",35,boy,-1.28,1,0.07,40.92,0,NA,0,0,40.82
4889,1,"Northgate",1,girl,1.53,0,0.55,23.02,0,NA,0,0,24.12
4890,1,"Northgate",2,boy,0.27,0,0.65,23.57,0,NA,0,0,24.18
4891,6,"Old Town",21,girl,-0.77,0,0.02,31.6,0,NA,0,0,36.39
4892,9,"Greenmeadow",30,girl,-0.06,0,0.86,5.46,0,NA,0,0,9
4893,3,"Millbrook",10,girl,-0.08,0,0.28,24.15,0,NA,0,0,23.12
4894,11,"Lakeside",38,boy,1,0,1,4,1,7.61,0,0,8.82
4895,6,"Old Town",18,girl,-0.16,1,0.33,25.74,0,NA,1,1,36.07
4896,3,"Millbrook",8,boy,-1.56,0,0.6,22.49,0,NA,0,0,27.55
4897,9,"Greenmeadow",32,boy,-1.26,0,0.7,7.49,0,NA,0,0,13.17
4898,4,"Eastfield",11,girl,0.69,0,0.18,20.74,0,NA,0,0,26.04
4899,1,"Northgate",3,boy,0.03,0,0.52,23.42,0,NA,0,0,21.77
4900,1,"Northgate",2,girl,0.62,1,0.43,8.95,0,NA,0,0,21.35
4901,7,"Station",26,boy,1.16,0,0.45,36.47,0,NA,0,0,39.02
4902,10,"Southport",33,girl,0.15,0,0.29,37.85,0,NA,0,0,40.92
4903,11,"Lakeside",38,girl,0.64,0,0.78,13.95,0,NA,0,0,14.4
4904,2,"Hillcrest",4,girl,0.31,1,0.6,14.9,0,NA,1,1,10.76
4905,8,"Riverside",28,girl,-0.49,0,0.36,9.15,0,NA,1,0,18.32
4906,1,"Northgate",2,girl,1.78,0,0.59,7.75,0,NA,1,1,20.79
4907,5,"Westbank",14,girl,0.45,0,0.6,31.53,0,NA,0,0,27.2
4908,12,"Harbour",39,girl,-1.22,0,0.31,33.1,0,NA,1,0,37.19
4909,10,"Southport",34,boy,-1.6,0,0.43,37.33,0,NA,0,0,33.23
4910,4,"Eastfield",11,girl,0.43,0,0.21,22.79,0,NA,0,0,25.76
4911,6,"Old Town",20,boy,1.47,0,0.13,43.93,0,NA,0,0,42.27
4912,6,"Old Town",19,girl,-0.38,0,0.18,40.63,0,NA,1,1,38.97
4913,9,"Greenmeadow",32,girl,-1.51,0,0.78,16.45,0,NA,0,0,15.44
4914,7,"Station",22,girl,-0.31,0,0.36,41.3,0,NA,0,0,37.69
4915,5,"Westbank",15,boy,1.2,1,0.56,17,0,NA,0,0,22.94
4916,6,"Old Town",21,girl,-0.38,0,0.09,42.67,0,NA,0,0,53.92
4917,5,"Westbank",15,boy,-0.51,0,0.36,17.76,0,NA,0,0,22.78
4918,7,"Station",24,girl,-1.02,1,0.17,37.04,0,NA,1,1,35.63
4919,4,"Eastfield",11,girl,-0.91,0,0.54,31.52,0,NA,0,0,26.26
4920,5,"Westbank",15,boy,0.79,0,0.24,20.51,0,NA,0,0,23.07
4921,6,"Old Town",18,boy,0.42,0,0.09,32.34,0,NA,0,0,41.03
4922,8,"Riverside",27,boy,0.99,0,0.7,23.62,0,NA,0,0,20.89
4923,3,"Millbrook",7,boy,-0.21,0,0.27,27.14,0,NA,1,1,27.88
4924,9,"Greenmeadow",30,girl,1.55,0,0.78,9.19,0,NA,0,0,10.92
4925,7,"Station",22,girl,-1.64,0,0.39,49.01,0,NA,1,0,40.43
4926,6,"Old Town",21,boy,-0.09,0,0.26,40.05,0,NA,1,0,40.2
4927,2,"Hillcrest",6,girl,-1.66,1,0.66,12.22,0,NA,0,0,18.47
4928,6,"Old Town",19,girl,-0.85,0,0.15,46.12,0,NA,0,0,42.79
4929,8,"Riverside",28,girl,-0.49,1,0.76,25.27,0,NA,0,0,20.1
4930,1,"Northgate",1,girl,0.47,1,0.69,22.1,0,NA,0,0,23.87
4931,1,"Northgate",2,girl,0.5,0,0.66,24.51,0,NA,1,0,20.66
4932,10,"Southport",36,girl,0.31,1,0.2,34.09,0,NA,0,0,27.86
4933,8,"Riverside",27,boy,-0.46,1,0.34,25.37,0,NA,0,0,26.39
4934,10,"Southport",34,girl,0.05,0,0.25,34.06,0,NA,0,0,36.19
4935,2,"Hillcrest",5,boy,1.87,0,0.61,20.47,0,NA,0,0,20.12
4936,9,"Greenmeadow",31,boy,-0.33,0,0.64,4,0,NA,0,0,10.88
4937,8,"Riverside",27,girl,0.09,0,0.4,19,0,NA,0,0,30.69
4938,6,"Old Town",21,girl,1.25,1,0.16,40.93,0,NA,0,0,36.46
4939,1,"Northgate",3,girl,0.8,1,0.46,22.44,0,NA,0,0,23.48
4940,3,"Millbrook",9,boy,0.07,1,0.64,22.81,0,NA,1,1,28.26
4941,9,"Greenmeadow",32,boy,0.97,0,0.63,5.2,0,NA,0,0,12.38
4942,10,"Southport",34,girl,-0.05,0,0.16,24.53,0,NA,0,0,28.72
4943,10,"Southport",35,boy,0.81,1,0.43,27.33,0,NA,0,0,27.54
4944,7,"Station",25,boy,0.77,0,0.26,37.17,0,NA,0,0,36.67
4945,3,"Millbrook",9,boy,0.94,0,0.3,21.64,0,NA,0,0,25.53
4946,10,"Southport",35,boy,0.73,0,0.17,26.03,0,NA,0,0,25.22
4947,8,"Riverside",29,boy,0.66,1,0.78,19.18,0,NA,0,0,20.17
4948,6,"Old Town",18,boy,-0.11,0,0.36,37.77,0,NA,1,0,36.54
4949,7,"Station",22,girl,0.57,1,0.22,46.25,0,NA,0,0,41.86
4950,9,"Greenmeadow",32,boy,-0.36,0,1,4,0,NA,1,0,8.72
4951,12,"Harbour",40,boy,-0.41,0,0.35,29.33,0,NA,0,0,31.9
4952,4,"Eastfield",12,boy,-0.55,0,0.18,20.94,0,NA,0,0,24.69
4953,2,"Hillcrest",6,boy,0.65,0,0.75,27.86,0,NA,0,0,18.39
4954,3,"Millbrook",10,girl,1.43,0,0.32,34.15,0,NA,0,0,28.99
4955,1,"Northgate",1,girl,0.29,0,0.53,28.69,0,NA,0,0,26.46
4956,3,"Millbrook",10,boy,0.15,1,0.35,25.73,0,NA,0,0,30.59
4957,10,"Southport",35,girl,-0.05,1,0.22,35.3,0,NA,0,0,37.31
4958,2,"Hillcrest",5,boy,-0.19,0,0.86,13.11,0,NA,0,0,11.36
4959,5,"Westbank",15,girl,0.24,0,0.34,28.68,0,NA,0,1,28.69
4960,2,"Hillcrest",5,boy,1.1,0,0.67,4,0,NA,0,0,11.61
4961,3,"Millbrook",10,girl,-1.61,1,0.47,24.46,0,NA,0,0,31.54
4962,8,"Riverside",29,boy,-0.38,0,0.35,24.08,0,NA,0,0,21.87
4963,7,"Station",25,boy,-0.27,0,0.24,35.3,0,NA,1,1,37.81
4964,11,"Lakeside",38,boy,0.7,0,0.66,5.63,0,NA,0,0,12.89
4965,2,"Hillcrest",6,boy,-0.23,0,0.91,15.63,0,NA,0,0,20.9
4966,9,"Greenmeadow",32,boy,-1.56,1,0.8,20.33,0,NA,0,0,20.72
4967,10,"Southport",36,girl,-0.22,0,0.37,24.35,1,33.13,0,0,31.76
4968,2,"Hillcrest",5,boy,0.91,0,0.91,19.91,0,NA,1,0,18.53
4969,5,"Westbank",15,boy,1.12,0,0.55,23.06,0,NA,1,0,19.57
4970,7,"Station",26,boy,-1.04,0,0.34,36.24,0,NA,0,0,39.42
4971,4,"Eastfield",12,girl,1.37,0,0.23,43.53,0,NA,0,0,30.62
4972,10,"Southport",36,girl,-0.24,0,0.09,47.39,0,NA,1,1,38.73
4973,7,"Station",24,boy,-1.1,0,0.08,48.18,1,46.09,0,0,46.52
4974,7,"Station",22,girl,-0.07,0,0.16,45.31,0,NA,0,0,39.96
4975,6,"Old Town",19,girl,0.12,0,0.24,39.52,0,NA,0,0,36.83
4976,7,"Station",23,girl,-0.49,0,0.31,42.48,0,NA,0,0,35.42
4977,6,"Old Town",18,girl,-0.49,0,0.28,36.46,0,NA,0,0,36.25
4978,6,"Old Town",17,boy,0.02,0,0.15,40.04,0,NA,0,0,44.6
4979,1,"Northgate",1,girl,-0.51,1,0.48,33.87,0,NA,0,0,28.85
4980,3,"Millbrook",8,girl,0.11,0,0.19,32.47,0,NA,0,0,24.36
4981,3,"Millbrook",8,boy,0.39,0,0.42,21.09,1,23.47,0,0,24.03
4982,9,"Greenmeadow",31,girl,3.31,0,0.76,16.26,0,NA,0,0,16.72
4983,7,"Station",23,girl,-1.79,0,0.18,40.68,0,NA,1,1,44.34
4984,5,"Westbank",16,boy,-0.32,1,0.32,25.29,1,24.96,1,1,26.19
4985,6,"Old Town",20,girl,-0.88,0,0,37.51,0,NA,0,0,39.68
4986,6,"Old Town",20,girl,-0.51,0,0.25,40.21,0,NA,0,0,44.17
4987,1,"Northgate",1,boy,-0.42,0,0.53,25.47,0,NA,1,1,22.52
4988,4,"Eastfield",11,boy,-1.36,0,0.3,26.63,0,NA,0,0,26.47
4989,8,"Riverside",27,girl,0.03,1,0.58,10.35,0,NA,0,0,18.43
4990,9,"Greenmeadow",31,girl,0.18,0,0.86,20.18,0,NA,0,0,12.92
4991,6,"Old Town",17,girl,-0.29,0,0.13,54.82,0,NA,0,0,47.26
4992,9,"Greenmeadow",30,girl,-0.22,1,0.76,12.21,0,NA,0,0,15.92
4993,7,"Station",26,boy,-0.82,0,0.18,41.4,0,NA,0,0,41.1
4994,9,"Greenmeadow",32,boy,1.84,0,1,8.29,0,NA,0,0,13.51
4995,5,"Westbank",14,boy,0.9,1,0.42,25.4,1,32.04,0,0,31.27
4996,6,"Old Town",20,girl,2.19,0,0.16,38.82,0,NA,0,0,43.61
4997,9,"Greenmeadow",31,girl,0.3,0,0.81,8.74,0,NA,0,0,11.03
4998,6,"Old Town",17,girl,0.51,0,0.05,43.85,0,NA,0,0,38.82
4999,5,"Westbank",13,boy,1.49,0,0.24,33.54,0,NA,0,0,32.53
5000,9,"Greenmeadow",32,boy,0.19,0,1,15.15,0,NA,0,0,18.23
